product guid;model;category guid;category name
"15694153";"NP540U3C";"151";"netbooks"
"15413795";"TX150 S8";"156";"servers"
"16669648";"C7000";"194";"keyboards"
"19399267";"p6-2438ef";"153";"workstations"
"17556232";"SVS1313P9E";"151";"netbooks"
"18670970";"p6-2494ea";"153";"workstations"
"16669644";"C6000";"194";"keyboards"
"15694353";"21-CW003H";"151";"netbooks"
"13304104";"BP6230-ITVA24";"153";"workstations"
"17796389";"p6-2411er";"153";"workstations"
"17490461";"p6-2425ep";"153";"workstations"
"17796386";"p6-2412er";"153";"workstations"
"17490463";"p6-2422ep";"153";"workstations"
"16483756";"Classic Wired Keyboard";"194";"keyboards"
"16667700";"X4000";"195";"mice"
"16785733";"C870-1DH";"151";"netbooks"
"17490464";"p6-2421ep";"153";"workstations"
"17490465";"p6-2420ep";"153";"workstations"
"16483754";"USB Keyboard";"194";"keyboards"
"19603420";"X2630G";"153";"workstations"
"18256440";"p6-2437ef";"153";"workstations"
"15751945";"EB1503-B036E";"153";"workstations"
"7554606";"Smart Card CCID Keyboard";"194";"keyboards"
"16669553";"H2P31AA";"195";"mice"
"17756407";"p6-2377ef";"153";"workstations"
"14287929";"EKD-K14";"194";"keyboards"
"16670103";"Wireless Elite Keyboard";"194";"keyboards"
"17756409";"p6-2378ef";"153";"workstations"
"13353370";"ML350p Gen8";"156";"servers"
"17756408";"p6-2398ef";"153";"workstations"
"16668196";"Wi-Fi Mobile Mouse";"195";"mice"
"16667586";"15-b177ed Sleekbook";"151";"netbooks"
"16667585";"14-b106ed";"151";"netbooks"
"15694167";"XE500T1C";"151";"netbooks"
"15938268";"11-g000ed";"151";"netbooks"
"16466373";"5460";"197";"PagePack"
"17556228";"SVE1713S1E";"151";"netbooks"
"17490452";"p6-2425elm";"153";"workstations"
"17756412";"p6-2394ef";"153";"workstations"
"18562220";"15-j009ss";"151";"netbooks"
"17490458";"p6-2403el";"153";"workstations"
"12439488";"MOP-57";"195";"mice"
"17756415";"p6-2379ef";"153";"workstations"
"14289542";"3630 M4";"156";"servers"
"15956842";"TX150 S8";"156";"servers"
"16668097";"Smart Card CCID Keyboard";"194";"keyboards"
"17756418";"p6-2380ef";"153";"workstations"
"18269607";"p6-2436eg";"153";"workstations"
"17940001";"p6-2460kr";"153";"workstations"
"15760141";"DocuMate 4830";"197";"PagePack"
"15556784";"X55A-SX093H";"151";"netbooks"
"19399282";"p6-2451es";"153";"workstations"
"15723975";"R1208BB4GS9";"156";"servers"
"19399284";"p6-2453es";"153";"workstations"
"17490443";"p6-2402er";"153";"workstations"
"17636852";"H2216LPQKR";"156";"servers"
"17490444";"p6-2407er";"153";"workstations"
"17641105";"p6-2420ezm";"153";"workstations"
"15748683";"CR70-i545";"151";"netbooks"
"17490449";"p6-2410elm";"153";"workstations"
"7966800";"VGP-BMS20";"195";"mice"
"16676661";"p6-2480ea";"153";"workstations"
"7949282";"Classic Wired Keyboard";"194";"keyboards"
"16713248";"X4000b";"195";"mice"
"17490446";"p6-2406er";"153";"workstations"
"17490445";"p6-2408er";"153";"workstations"
"17490448";"p6-2405er";"153";"workstations"
"17490447";"p6-2409er";"153";"workstations"
"15932467";"C850D-11P";"151";"netbooks"
"20094601";"10.1 2014 Edition";"897";"tablets"
"15688895";"UH552";"151";"netbooks"
"11070570";"2TB LinkStation Live";"932";"NAS & storage servers"
"7575151";"KB520, HU";"194";"keyboards"
"15688898";"W420";"153";"workstations"
"17377016";"571G-736b8G1TBDCaii";"151";"netbooks"
"16466372";"5445";"197";"PagePack"
"16668159";"XV422AA#ABB";"195";"mice"
"16489540";"Gusy Wireless Ultra-thin Keyboard with mouse";"194";"keyboards"
"18229274";"p6-2488ea";"153";"workstations"
"17645281";"TX300CA-C4023H";"151";"netbooks"
"15660314";"W511";"897";"tablets"
"15410592";"QY449AT";"194";"keyboards"
"17555780";"p6-2407es";"153";"workstations"
"15928663";"X4000b";"195";"mice"
"16483729";"USB (Bulk Pack 14) Keyboard, EN";"194";"keyboards"
"16483726";"Wireless Keyboard And Mouse";"194";"keyboards"
"16070283";"NP3530EC";"151";"netbooks"
"15534656";"Tab A210";"897";"tablets"
"16669685";"Slim Keyboard";"194";"keyboards"
"15938295";"TouchSmart 15-4000ed";"151";"netbooks"
"16667699";"X4000";"195";"mice"
"18477494";"p6-2430jp";"153";"workstations"
"17939999";"p6-2470kr";"153";"workstations"
"7922826";"BR376AA";"195";"mice"
"18636214";"571G-323C6G75Mass";"151";"netbooks"
"16667695";"X4000";"195";"mice"
"16667696";"X4000";"195";"mice"
"16667697";"X4000";"195";"mice"
"18185724";"p6-2436ef";"153";"workstations"
"16667698";"X4000";"195";"mice"
"16667556";"15-b100ed Sleekbook";"151";"netbooks"
"16667557";"14-b102ed";"151";"netbooks"
"19187591";"15-j009eo";"151";"netbooks"
"15749739";"RX100 S7";"156";"servers"
"19187590";"15-j019so";"151";"netbooks"
"15749738";"RX100 S7";"156";"servers"
"18012035";"p6-2466ef";"153";"workstations"
"17411830";"X870-15T";"151";"netbooks"
"15734525";"MX130 S2";"156";"servers"
"17547089";"m6-1223ed";"151";"netbooks"
"17530099";"15-b102ed Sleekbook";"151";"netbooks"
"18012039";"p6-2434ef";"153";"workstations"
"17530098";"15-b101sd Sleekbook";"151";"netbooks"
"15749743";"RX100 S7";"156";"servers"
"14653476";"R950-11H";"151";"netbooks"
"17530097";"15-b100ed Sleekbook";"151";"netbooks"
"15749744";"RX100 S7";"156";"servers"
"18654799";"Isotto Wireless Mouse for Windows 8";"195";"mice"
"15749742";"RX100 S7";"156";"servers"
"15734524";"MX130 S2";"156";"servers"
"17546889";"11-g033ed";"151";"netbooks"
"18012032";"p6-2493ef";"153";"workstations"
"18012034";"p6-2421efm";"153";"workstations"
"15699545";"C850-1DH";"151";"netbooks"
"16483719";"Smart Card CCID Keyboard";"194";"keyboards"
"17649985";"p6-2410er";"153";"workstations"
"16668234";"WX406AA#ABB";"195";"mice"
"15734440";"L850-1MT";"151";"netbooks"
"15749748";"RX100 S7p";"156";"servers"
"15734540";"TX120 S3p";"156";"servers"
"15749747";"RX100 S7";"156";"servers"
"15749749";"RX100 S7p";"156";"servers"
"18187474";"p6-2441el";"153";"workstations"
"15734539";"TX120 S3p";"156";"servers"
"15934566";"Q702";"897";"tablets"
"15749750";"RX100 S7p";"156";"servers"
"15749751";"RX100 S7p";"156";"servers"
"15734537";"TX100 S3p";"156";"servers"
"15734534";"TX100 S3p";"156";"servers"
"15749753";"RX100 S7p";"156";"servers"
"15934562";"E782";"151";"netbooks"
"18032344";"SVE151H4EB";"151";"netbooks"
"15734433";"C855-20M";"151";"netbooks"
"16667692";"X3000";"195";"mice"
"15734434";"C850D-119";"151";"netbooks"
"16667691";"X4000";"195";"mice"
"18032345";"SVE1713A4EB";"151";"netbooks"
"17412404";"771G-53236G75Makk";"151";"netbooks"
"18032348";"SVS1513A4EB";"151";"netbooks"
"18032347";"SVS13A3A4ES";"151";"netbooks"
"19187574";"p6-2455eb";"153";"workstations"
"18562219";"15-j005ss";"151";"netbooks"
"16667579";"TouchSmart 15-b105ed Sleekbook";"151";"netbooks"
"16667575";"15-b101sd Sleekbook";"151";"netbooks"
"16667577";"15-b171sd";"151";"netbooks"
"15934570";"S792";"151";"netbooks"
"16667582";"15-b102ed Sleekbook";"151";"netbooks"
"16667581";"15-b172ed";"151";"netbooks"
"18313538";"p6-2441ef";"153";"workstations"
"15734547";"TX120 S3p";"156";"servers"
"16711857";"Wireless Keyboard And Mouse";"194";"keyboards"
"16667580";"14-b172ed";"151";"netbooks"
"15725879";"693362-091";"194";"keyboards"
"16668277";"WE790AA";"195";"mice"
"15978988";"571G-736B8G1TBDCaii";"151";"netbooks"
"16667680";"H2C21AA";"195";"mice"
"15734402";"NP900X4C";"151";"netbooks"
"18142576";"p6-2469ef";"153";"workstations"
"15734403";"NP900X4D";"151";"netbooks"
"7978224";"598691-041";"194";"keyboards"
"19187588";"15-j028eo";"151";"netbooks"
"19187589";"15-j020eo";"151";"netbooks"
"18000008";"p6-2400ew";"153";"workstations"
"16668258";"XP358AA";"195";"mice"
"16668257";"XP357AA";"195";"mice"
"18411046";"15-j005tu";"151";"netbooks"
"16667569";"15-b103ed Sleekbook";"151";"netbooks"
"16668114";"LB454AA";"195";"mice"
"18639011";"15-j012eo";"151";"netbooks"
"18319663";"15-j031nr";"151";"netbooks"
"15749775";"TX150 S8";"156";"servers"
"16667572";"14-b108ed";"151";"netbooks"
"15749776";"TX150 S8";"156";"servers"
"16667571";"TouchSmart 15-b107ed Sleekbook";"151";"netbooks"
"15749777";"TX150 S8";"156";"servers"
"16668122";"BR376AA";"195";"mice"
"16668123";"LR918AA";"195";"mice"
"19791501";"p6-2378";"153";"workstations"
"17645232";"Tab B1";"897";"tablets"
"15749773";"TX150 S8";"156";"servers"
"19298577";"p6-2440el";"153";"workstations"
"15688901";"W520";"153";"workstations"
"15436774";"Q802";"932";"NAS & storage servers"
"16668260";"XP355AA";"195";"mice"
"15749791";"TX200 S7";"156";"servers"
"15749790";"TX200 S7";"156";"servers"
"17836085";"Océ TC4 scanner";"197";"PagePack"
"17632614";"p6-2421eom";"153";"workstations"
"17836084";"Océ TDS600 Productive Scanner";"197";"PagePack"
"15749793";"TX200 S7";"156";"servers"
"15749792";"TX200 S7";"156";"servers"
"17208577";"p6-2400ec";"153";"workstations"
"17530109";"15-b198ed";"151";"netbooks"
"17208576";"p6-2403ec";"153";"workstations"
"17530108";"TouchSmart 15-b177ed Sleekbook";"151";"netbooks"
"16668214";"XQ500AA";"195";"mice"
"17530107";"15-b172ed";"151";"netbooks"
"17530106";"15-b171sd";"151";"netbooks"
"16483695";"QY449AT";"194";"keyboards"
"16483696";"USB Keyboard";"194";"keyboards"
"15749789";"TX200 S7";"156";"servers"
"19187652";"p6-2444el";"153";"workstations"
"17530103";"TouchSmart 15-b107ed Sleekbook";"151";"netbooks"
"17530101";"TouchSmart 15-b105ed Sleekbook";"151";"netbooks"
"19567105";"p6-2427eg";"153";"workstations"
"17530100";"15-b103ed Sleekbook";"151";"netbooks"
"17566743";"p6-2426ep";"153";"workstations"
"15744680";"R940-1FF";"151";"netbooks"
"18151619";"p6-2432eo";"153";"workstations"
"19356715";"p6-2459ef";"153";"workstations"
"18671351";"15-j030tx";"151";"netbooks"
"19614558";"ScanFront 330";"197";"PagePack"
"15726696";"R950-178";"151";"netbooks"
"15749785";"TX200 S7";"156";"servers"
"16668423";"Wireless Classic Desktop";"194";"keyboards"
"19172099";"15-j006ss";"151";"netbooks"
"15749787";"TX200 S7";"156";"servers"
"15749782";"TX150 S8";"156";"servers"
"16668233";"XA965AA#ABB";"195";"mice"
"15749781";"TX150 S8";"156";"servers"
"19187669";"p6-2472ev";"153";"workstations"
"17632625";"p6-2470ev";"153";"workstations"
"16668231";"XA964AA#ABB";"195";"mice"
"17632626";"p6-2410ev";"153";"workstations"
"16668230";"KY619AA";"195";"mice"
"15669805";"H3T50AA";"195";"mice"
"18185749";"p6-2465eb";"153";"workstations"
"15749778";"TX150 S8";"156";"servers"
"15749779";"TX150 S8";"156";"servers"
"17530110";"15-b198ed";"151";"netbooks"
"7949447";"HS22V";"156";"servers"
"17397064";"2 10.1";"897";"tablets"
"7815208";"L630-166";"151";"netbooks"
"19356716";"p6-2439ef";"153";"workstations"
"15734447";"Z930-12Q";"151";"netbooks"
"17660686";"USB Standard Keyboard";"194";"keyboards"
"17546870";"14-b102ed";"151";"netbooks"
"16668023";"X4000";"195";"mice"
"17546873";"14-b106ed";"151";"netbooks"
"18287950";"15-j010us";"151";"netbooks"
"17546874";"14-b108ed";"151";"netbooks"
"17695451";"SVE1513H1E";"151";"netbooks"
"17546876";"14-b172ed";"151";"netbooks"
"17371716";"m6-1223ed";"151";"netbooks"
"18185757";"p6-2463eg";"153";"workstations"
"17500250";"SVT1313M1E";"151";"netbooks"
"15677465";"A532";"151";"netbooks"
"17371712";"11-g033ed";"151";"netbooks"
"19399077";"Yvi Retractable Mouse - blue";"195";"mice"
"17371713";"11-g005ed";"151";"netbooks"
"19399076";"Yvi Retractable Mouse - white";"195";"mice"
"17371714";"m6-1221ed";"151";"netbooks"
"17547047";"m6-1221ed";"151";"netbooks"
"19293899";"p6-2449ef";"153";"workstations"
"17546869";"11-g005ed";"151";"netbooks"
"17365343";"DR-G1130";"197";"PagePack"
"18154133";"C600";"153";"workstations"
"17365344";"DR-G1100";"197";"PagePack"
"18185760";"p6-2437eg";"153";"workstations"
"15554947";"G75VX-CV012H";"151";"netbooks"
"16668030";"X7000";"195";"mice"
"18187467";"p6-2432eom";"153";"workstations"
"18187465";"p6-2450eo";"153";"workstations"
"16668025";"X4000";"195";"mice"
"18187466";"p6-2466eo";"153";"workstations"
"16668026";"X5000";"195";"mice"
"16668027";"X4000";"195";"mice"
"14534657";"HS23";"156";"servers"
"19790355";"p6-2390";"153";"workstations"
"17376198";"p6-2408es";"153";"workstations"
"17376197";"p6-2400es";"153";"workstations"
"17376196";"p6-2405es";"153";"workstations"
"18185776";"p6-2461er";"153";"workstations"
"18296241";"EB1012P-B058E";"153";"workstations"
"15938653";"XE500T1C";"151";"netbooks"
"17490423";"p6-2465ez";"153";"workstations"
"11678039";"GX850";"195";"mice"
"18644520";"p6-2427eb";"153";"workstations"
"18403738";"15-j001eo";"151";"netbooks"
"16669578";"WZ972AA";"194";"keyboards"
"7909324";"ProBook 6550b";"151";"netbooks"
"15734396";"NP550P7C";"151";"netbooks"
"15688886";"S752";"151";"netbooks"
"18671077";"15-j001er";"151";"netbooks"
"17650746";"C850-1HL";"151";"netbooks"
"15766208";"III Plus 9A55-C823";"153";"workstations"
"17071413";"p6-2405tw";"153";"workstations"
"15734394";"550P5C";"151";"netbooks"
"15688884";"Q702";"897";"tablets"
"16783912";"p6-2385eg";"153";"workstations"
"17078337";"B400A-W3042G";"151";"netbooks"
"12271795";"5760G-2454G50Mnsk";"151";"netbooks"
"15693371";"E782";"151";"netbooks"
"17756456";"p6-2400sj";"153";"workstations"
"15693377";"T902";"151";"netbooks"
"15693374";"S782";"151";"netbooks"
"16669714";"Wireless Keyboard And Mouse";"194";"keyboards"
"17071410";"p6-2400tw";"153";"workstations"
"15688890";"S782";"151";"netbooks"
"17650749";"L850-1NR";"151";"netbooks"
"18229296";"p6-2475eo";"153";"workstations"
"18561167";"p6-2445eg";"153";"workstations"
"15688852";"AH532";"151";"netbooks"
"18561168";"p6-2443eg";"153";"workstations"
"16668439";"FQ983AA#ABB";"195";"mice"
"18292533";"p6-2457ezm";"153";"workstations"
"7907688";"594052-A41";"194";"keyboards"
"17756421";"p6-2393ef";"153";"workstations"
"18485005";"SVE1713G4EW";"151";"netbooks"
"7980082";"VGP-BMS20";"195";"mice"
"16375146";"Satellite Pro R950-15T";"151";"netbooks"
"16496973";"Sleekbook 15-b119ss";"151";"netbooks"
"18185658";"p6-2496ea";"153";"workstations"
"17377469";"SVE1111M1E";"151";"netbooks"
"8622864";"ix4-200d Cloud Ed";"932";"NAS & storage servers"
"18644544";"p6-2433el";"153";"workstations"
"18481007";"350 F2";"156";"servers"
"19172100";"15-j007ss";"151";"netbooks"
"17208575";"p6-2401ec";"153";"workstations"
"15753013";"RX350 S7";"156";"servers"
"17208574";"p6-2402ec";"153";"workstations"
"15753012";"RX350 S7";"156";"servers"
"18185661";"p6-2469ea";"153";"workstations"
"7911514";"XV422AA";"195";"mice"
"17756433";"p6-2493eg";"153";"workstations"
"9603577";"LX729AA";"195";"mice"
"16668592";"USB (Bulk Pack) Standard Keyboard";"194";"keyboards"
"17360354";"NP3530EC";"151";"netbooks"
"7574785";"C650-1KL";"151";"netbooks"
"18185668";"p6-2489ea";"153";"workstations"
"13830969";"RX350 S7";"156";"servers"
"18403745";"15-j004er";"151";"netbooks"
"7799071";"BO70001";"195";"mice"
"18644532";"15-j003eo";"151";"netbooks"
