product guid;model;category guid;category name
"13592516";"Pavilion dv7-7061ea Entertainment Notebook PC";"151";"notebooks"
"13592517";"Pavilion g6-1312sa Notebook PC";"151";"notebooks"
"14528114";"EliteBook 8470p Notebook PC";"151";"notebooks"
"13592519";"Pavilion dv6-7055sa Entertainment Notebook PC";"151";"notebooks"
"13592518";"Pavilion dv6-7054sa Entertainment Notebook PC";"151";"notebooks"
"14768693";"18.01.1083";"196";"wireless presenters"
"14768692";"18.01.1084";"196";"wireless presenters"
"14768691";"18.01.1082";"196";"wireless presenters"
"14541584";"ThinkPad T530";"151";"notebooks"
"14541585";"ThinkPad T530";"151";"notebooks"
"14541583";"ThinkPad T530";"151";"notebooks"
"14084001";"Pavilion g6-1306sa Notebook PC";"151";"notebooks"
"14084002";"Pavilion g6-1306ea Notebook PC";"151";"notebooks"
"14227461";"EliteBook 8560w Mobile Workstation";"151";"notebooks"
"7823114";"Virtual Rooms (up to 15 people in one meeting) License";"788";"warranty & support extensions"
"14535276";"Folio 13 Notebook PC (ENERGY STAR)";"151";"notebooks"
"13193368";"g6-1364sl";"151";"notebooks"
"14543636";"ProBook 6570b Notebook PC";"151";"notebooks"
"12433606";"Toshiba NB520-11N";"151";"notebooks"
"14535284";"ProBook 4340s Notebook PC";"151";"notebooks"
"14535281";"ProBook 4540s Notebook PC";"151";"notebooks"
"13612361";"Pavilion g6-2014sa Notebook PC";"151";"notebooks"
"13612360";"Pavilion g6-1304sa Notebook PC";"151";"notebooks"
"13612359";"Pavilion dv7-7051ea Entertainment Notebook PC";"151";"notebooks"
"13612357";"Pavilion g6-1301sa Notebook PC";"151";"notebooks"
"13857783";"Toshiba NB520-124";"151";"notebooks"
"13612358";"Pavilion dv7-7050ea Entertainment Notebook PC";"151";"notebooks"
"13829601";"ProBook 6465b Notebook PC";"151";"notebooks"
"13857784";"Toshiba NB510-11G";"151";"notebooks"
"13857785";"Toshiba NB510-11H";"151";"notebooks"
"13857786";"Toshiba NB510-11J";"151";"notebooks"
"13829606";"EliteBook 8760w Mobile Workstation";"151";"notebooks"
"13857787";"Toshiba NB510-10D";"151";"notebooks"
"13857788";"Toshiba NB510-10R";"151";"notebooks"
"14569341";"Pavilion dm1-4131sa Entertainment Notebook PC";"151";"notebooks"
"14569340";"Pavilion g7-2100sa Notebook PC";"151";"notebooks"
"13821879";"EliteBook 8460p Notebook PC";"151";"notebooks"
"12480849";"Satellite C670-1D3";"151";"notebooks"
"9716570";"Satellite L755D-10J";"151";"notebooks"
"14543693";"ThinkPad T530";"151";"notebooks"
"11042544";"2 Year Extended On-Site Service";"788";"warranty & support extensions"
"9716573";"Satellite L735-11W";"151";"notebooks"
"14543692";"ThinkPad T530";"151";"notebooks"
"9716574";"Satellite L735-11X";"151";"notebooks"
"9458303";"Universal Tablet Cradle";"942";"flat panel desk mounts"
"13061523";"EliteBook 8460p Notebook PC";"151";"notebooks"
"9716576";"Satellite P750-135";"151";"notebooks"
"14178014";"Scanjet Enterprise 7000nx Document Capture Workstation";"197";"scanners"
"9716575";"Satellite P770-118";"151";"notebooks"
"13829617";"EliteBook 8760w Mobile Workstation";"151";"notebooks"
"9716578";"Satellite P750-136";"151";"notebooks"
"9716577";"Satellite P750-137";"151";"notebooks"
"13829610";"EliteBook 2560p Notebook PC";"151";"notebooks"
"14123673";"ThinkPad W520";"151";"notebooks"
"14093043";"EliteBook 8760w Mobile Workstation";"151";"notebooks"
"14123672";"ThinkPad W520";"151";"notebooks"
"14123671";"ThinkPad W520";"151";"notebooks"
"14123670";"ThinkPad W520";"151";"notebooks"
"9716562";"Satellite L775-12H";"151";"notebooks"
"9716563";"Satellite L755-13H";"151";"notebooks"
"9716560";"Satellite C670D-110";"151";"notebooks"
"9716561";"Satellite L775-13D";"151";"notebooks"
"13854571";"Scanjet Enterprise 7000nx Document Capture Workstation";"197";"scanners"
"9716567";"Satellite L755D-12L";"151";"notebooks"
"9716566";"Satellite L755-1C6";"151";"notebooks"
"9716565";"Satellite L755-17Q";"151";"notebooks"
"9716564";"Satellite L755-17R";"151";"notebooks"
"9716569";"Satellite L755D-129";"151";"notebooks"
"9716568";"Satellite L755D-128";"151";"notebooks"
"13829624";"ProBook 6465b Notebook PC";"151";"notebooks"
"14124004";"ProBook 6560b Notebook PC";"151";"notebooks"
"9716591";"Satellite Pro L770-11F";"151";"notebooks"
"14124002";"ProBook 6360b Notebook PC";"151";"notebooks"
"14124003";"ProBook 6460b Notebook PC";"151";"notebooks"
"8525360";"Satellite C670D-10G";"151";"notebooks"
"8525362";"Tecra R840-10T";"151";"notebooks"
"8525361";"Satellite C670D-10F";"151";"notebooks"
"9520720";"EliteBook 8760w Mobile Workstation";"151";"notebooks"
"13854584";"ProBook 6560b Notebook PC";"151";"notebooks"
"8525363";"Tecra R840-10D";"151";"notebooks"
"12064025";"ProBook 6560b Notebook PC";"151";"notebooks"
"13854582";"ProBook 6360b Notebook PC";"151";"notebooks"
"9593698";"97-617";"942";"flat panel desk mounts"
"13854583";"ProBook 6360b Notebook PC";"151";"notebooks"
"8525358";"Satellite C670-11Q";"151";"notebooks"
"8525356";"Satellite C670-11W";"151";"notebooks"
"8525357";"Satellite C670-105";"151";"notebooks"
"8525355";"Portégé M780-10R";"151";"notebooks"
"13214260";"Scanjet Enterprise 7000nx Document Capture Workstation";"197";"scanners"
"13829647";"ProBook 4530s Notebook PC";"151";"notebooks"
"13829648";"ProBook 4530s Notebook PC";"151";"notebooks"
"14543695";"ThinkPad W530";"151";"notebooks"
"9716533";"Satellite C660-23Q";"151";"notebooks"
"8920744";"Satellite L755-15W";"151";"notebooks"
"8920745";"Satellite L755-13D";"151";"notebooks"
"8920746";"Satellite L755-13J";"151";"notebooks"
"13552431";"Toshiba NB500-13C";"151";"notebooks"
"9716532";"Satellite R850-13K";"151";"notebooks"
"8920747";"Satellite L755-13K";"151";"notebooks"
"13552432";"Toshiba NB500-13F";"151";"notebooks"
"9716537";"Satellite C660-21Q";"151";"notebooks"
"8920748";"Satellite L755-15R";"151";"notebooks"
"13552433";"Toshiba NB550D-119";"151";"notebooks"
"9716538";"Satellite C660-220";"151";"notebooks"
"8920749";"Satellite L755-144";"151";"notebooks"
"13552434";"Toshiba NB550D-11D";"151";"notebooks"
"13552435";"Satellite Pro R850-1JJ";"151";"notebooks"
"13829657";"ProBook 4530s Notebook PC";"151";"notebooks"
"9716536";"Satellite C660-17L";"151";"notebooks"
"13552436";"Satellite Pro L770-14N";"151";"notebooks"
"13829656";"ProBook 4730s Notebook PC";"151";"notebooks"
"13552437";"Satellite Pro L770-153";"151";"notebooks"
"13829651";"ProBook 4530s Notebook PC";"151";"notebooks"
"13829650";"ProBook 4530s Notebook PC";"151";"notebooks"
"13829653";"ProBook 4530s Notebook PC";"151";"notebooks"
"13829652";"ProBook 4535s Notebook PC";"151";"notebooks"
"8920740";"Satellite L755-13E";"151";"notebooks"
"13858408";"Pavilion g6-2026sa Notebook PC";"151";"notebooks"
"8920741";"Satellite L755-15X";"151";"notebooks"
"13858407";"Pavilion g6-2024sa Notebook PC";"151";"notebooks"
"8920742";"Satellite L755-154";"151";"notebooks"
"8920743";"Satellite L755-14Z";"151";"notebooks"
"14528191";"EliteBook 8570p Notebook PC";"151";"notebooks"
"13858414";"Pavilion dm4-3003sa Beats Edition Entertainment Notebook PC";"151";"notebooks"
"14528190";"ProBook 6570b Notebook PC";"151";"notebooks"
"13858415";"Pavilion dv6-7050ea Entertainment Notebook PC";"151";"notebooks"
"14528192";"ProBook 6570b Notebook PC";"151";"notebooks"
"14528194";"655 Notebook PC";"151";"notebooks"
"14528199";"EliteBook 8570p Notebook PC";"151";"notebooks"
"14058493";"EliteBook 8460p Notebook PC";"151";"notebooks"
"14551041";"ProBook 6475b Notebook PC";"151";"notebooks"
"8920757";"Satellite P750-115";"151";"notebooks"
"8920758";"Tecra A11-1JL";"151";"notebooks"
"8920755";"Satellite P750-114";"151";"notebooks"
"8920756";"Satellite P750-113";"151";"notebooks"
"13705927";"EliteBook 8760w Mobile Workstation";"151";"notebooks"
"8920753";"Satellite L735-10R";"151";"notebooks"
"8920754";"Satellite P750-10F";"151";"notebooks"
"8920751";"Satellite L755D-10V";"151";"notebooks"
"13705925";"EliteBook 8560w Mobile Workstation";"151";"notebooks"
"8920752";"Satellite L755D-10W";"151";"notebooks"
"13705926";"EliteBook 8760w Mobile Workstation";"151";"notebooks"
"13858401";"Pavilion dv6-7061sa Entertainment Notebook PC";"151";"notebooks"
"13858404";"Pavilion g6-2029ea Notebook PC";"151";"notebooks"
"11765169";"ProBook 6360b Notebook PC";"151";"notebooks"
"9716559";"Satellite C670-14P";"151";"notebooks"
"9716556";"Satellite R830-10C";"151";"notebooks"
"9716553";"Satellite C660D-14E";"151";"notebooks"
"9494115";"EliteBook 8560w Mobile Workstation";"151";"notebooks"
"13858428";"Pavilion dv6-7051ea Entertainment Notebook PC";"151";"notebooks"
"13858427";"Pavilion g6-2028sa Notebook PC";"151";"notebooks"
"14528172";"ProBook 6570b Notebook PC";"151";"notebooks"
"13858430";"Pavilion g6-2033sa Notebook PC";"151";"notebooks"
"13858431";"Pavilion g6-2027ea Notebook PC";"151";"notebooks"
"14552156";"ProBook 6570b Notebook PC";"151";"notebooks"
"9477823";"EliteBook 2560p Notebook PC (ENERGY STAR)";"151";"notebooks"
"14528171";"ProBook 6470b Notebook PC";"151";"notebooks"
"13858435";"Pavilion g6-2022ea Notebook PC";"151";"notebooks"
"9716552";"Satellite C660-27C";"151";"notebooks"
"9716551";"Satellite C660-23U";"151";"notebooks"
"9716550";"Satellite C660-23T";"151";"notebooks"
"14528177";"ProBook 6570b Notebook PC";"151";"notebooks"
"14528176";"ProBook 6470b Notebook PC";"151";"notebooks"
"9716546";"Satellite C660-1VW";"151";"notebooks"
"9716547";"Satellite C660-21M";"151";"notebooks"
"9716548";"Satellite C660-23R";"151";"notebooks"
"14513612";"ENVY Ultrabook 4-1010ea";"151";"notebooks"
"9716549";"Satellite C660-27D";"151";"notebooks"
"14513613";"ENVY Ultrabook 4-1000ea";"151";"notebooks"
"9716542";"Satellite C660-1ZM";"151";"notebooks"
"9716543";"Satellite C660-1ZN";"151";"notebooks"
"14513615";"ENVY Sleekbook 6-1006ea";"151";"notebooks"
"14513616";"Pavilion g6-2140sa Notebook PC";"151";"notebooks"
"9716545";"Satellite C660-23N";"151";"notebooks"
"14513617";"Pavilion g6-2138sa Notebook PC";"151";"notebooks"
"13858417";"Pavilion g6-2026ea Notebook PC";"151";"notebooks"
"14513618";"Pavilion g6-2139sa Notebook PC";"151";"notebooks"
"13858416";"Pavilion g6-2022sa Notebook PC";"151";"notebooks"
"14803349";"M325";"195";"mice"
"13858418";"Pavilion g6-2025ea Notebook PC";"151";"notebooks"
"13845760";"Pavilion g6-1310ez Notebook PC";"151";"notebooks"
"14528184";"ProBook 4540s Notebook PC";"151";"notebooks"
"14552143";"ProBook 6570b Notebook PC";"151";"notebooks"
"14528182";"ProBook 4340s Notebook PC";"151";"notebooks"
"13858423";"Pavilion g6-2028ea Notebook PC";"151";"notebooks"
"14552142";"ProBook 6570b Notebook PC";"151";"notebooks"
"9419508";"DS-600";"197";"scanners"
"13858424";"Pavilion g6-2001sa Notebook PC";"151";"notebooks"
"9716541";"Satellite C660-223";"151";"notebooks"
"14093025";"EliteBook 8760w Mobile Workstation";"151";"notebooks"
"14803350";"M325";"195";"mice"
"14184890";"Satellite P855-10G";"151";"notebooks"
"14803351";"M325";"195";"mice"
"14528189";"EliteBook 8570p Notebook PC";"151";"notebooks"
"14528187";"ProBook 4540s Notebook PC";"151";"notebooks"
"13857791";"Portégé R830-1G2";"151";"notebooks"
"13857790";"Toshiba NB510-11E";"151";"notebooks"
"14552141";"ProBook 6570b Notebook PC";"151";"notebooks"
"14552140";"ProBook 6570b Notebook PC";"151";"notebooks"
"13829693";"ProBook 4535s Notebook PC";"151";"notebooks"
"13857797";"Satellite L750D-1ER";"151";"notebooks"
"13857796";"Satellite L750D-1GC";"151";"notebooks"
"13857799";"Satellite L830-10X";"151";"notebooks"
"13857798";"Satellite L750D-1EX";"151";"notebooks"
"8920705";"Toshiba NB500-11J";"151";"notebooks"
"13857793";"Satellite R830-1L7";"151";"notebooks"
"13857792";"Satellite C660D-1HK";"151";"notebooks"
"8920707";"Toshiba NB500-115";"151";"notebooks"
"13857795";"Satellite L750-22X";"151";"notebooks"
"8920706";"Toshiba NB500-11K";"151";"notebooks"
"13857794";"Satellite L750-22Z";"151";"notebooks"
"14552139";"ProBook 6570b Notebook PC";"151";"notebooks"
"13857789";"Toshiba NB510-119";"151";"notebooks"
"14552133";"ProBook 6470b Notebook PC";"151";"notebooks"
"14552132";"ProBook 6470b Notebook PC";"151";"notebooks"
"14552137";"ProBook 6570b Notebook PC";"151";"notebooks"
"14552138";"ProBook 6570b Notebook PC";"151";"notebooks"
"14133106";"Toshiba AT300-101";"151";"notebooks"
"14552135";"ProBook 6570b Notebook PC";"151";"notebooks"
"14133107";"Toshiba AT300-100";"151";"notebooks"
"14552136";"ProBook 6570b Notebook PC";"151";"notebooks"
"8920710";"Toshiba NB500-110";"151";"notebooks"
"13858438";"Pavilion g6-2011sa Notebook PC";"151";"notebooks"
"13858439";"Pavilion dm1-4010ez Entertainment Notebook PC";"151";"notebooks"
"8920714";"Satellite R850-169";"151";"notebooks"
"8920713";"Satellite R850-15C";"151";"notebooks"
"8920711";"Toshiba NB520-10R";"151";"notebooks"
"8920718";"Satellite C660-11X";"151";"notebooks"
"14521798";"ProBook 6470b Base Model Notebook PC";"151";"notebooks"
"8920717";"Satellite C660-1NP";"151";"notebooks"
"8920716";"Satellite R630-102";"151";"notebooks"
"8920715";"Satellite R850-10H";"151";"notebooks"
"14552128";"ProBook 6570b Notebook PC";"151";"notebooks"
"9457377";"EliteBook 2560p Notebook PC";"151";"notebooks"
"8920708";"Toshiba NB500-111";"151";"notebooks"
"13858440";"Pavilion dm1-4117sz Entertainment Notebook PC";"151";"notebooks"
"8920709";"Toshiba NB500-10Z";"151";"notebooks"
"14172492";"Pavilion g6-1343sa Notebook PC";"151";"notebooks"
"14234064";"ProBook 4330s Notebook PC";"151";"notebooks"
"13858445";"Pavilion dm1-4120ez Entertainment Notebook PC";"151";"notebooks"
"14234063";"ProBook 4330s Notebook PC";"151";"notebooks"
"14528163";"EliteBook 8470p Notebook PC (ENERGY STAR)";"151";"notebooks"
"13858444";"Pavilion dm4-3099ez Beats Edition Entertainment Notebook PC";"151";"notebooks"
"14552127";"ProBook 6570b Notebook PC";"151";"notebooks"
"8920727";"Satellite C660D-15X";"151";"notebooks"
"8920726";"Satellite C660D-15H";"151";"notebooks"
"8920729";"Satellite C660D-16Q";"151";"notebooks"
"8920728";"Satellite C660D-15Z";"151";"notebooks"
"8920723";"Satellite C660-1N6";"151";"notebooks"
"8920722";"Satellite C660-1LD";"151";"notebooks"
"8920725";"Satellite C660-1UL";"151";"notebooks"
"8920724";"Satellite C660-1NJ";"151";"notebooks"
"9601105";"ThinkPad T410s";"151";"notebooks"
"13060700";"EliteBook 8460p Notebook PC";"151";"notebooks"
"13621622";"EliteBook 8560w Mobile Workstation";"151";"notebooks"
"8920732";"Satellite R830-143";"151";"notebooks"
"8920731";"Satellite R830-142";"151";"notebooks"
"8920739";"Satellite L755-13F";"151";"notebooks"
"8920738";"Satellite L775-11F";"151";"notebooks"
"8920737";"Satellite L775-119";"151";"notebooks"
"8920736";"Satellite L775-111";"151";"notebooks"
"8920735";"Satellite C670D-108";"151";"notebooks"
"8920734";"Satellite C670-10P";"151";"notebooks"
"11194905";"Satellite L735-12V";"151";"notebooks"
"7574784";"Satellite P500-1J4";"151";"notebooks"
"14287257";"ProBook 6475b Notebook PC";"151";"notebooks"
"13592520";"Pavilion g6-2033ea Notebook PC";"151";"notebooks"
"7574783";"Satellite P500-1H6";"151";"notebooks"
"7574782";"Satellite P500-1H9";"151";"notebooks"
"14057537";"Satellite C855-15Q";"151";"notebooks"
"14057538";"Satellite C870-11F";"151";"notebooks"
"14185019";"Pavilion g6-1353sa Notebook PC";"151";"notebooks"
"14185017";"Pavilion dv7-7062ea Entertainment Notebook PC";"151";"notebooks"
"14057539";"Satellite C870-11H";"151";"notebooks"
"12193303";"EliteBook 8560p Notebook PC";"151";"notebooks"
"8944005";"Satellite P755-119";"151";"notebooks"
"14185011";"Pavilion g6-1392ea Notebook PC";"151";"notebooks"
"14154840";"K55VD-SX019V";"151";"notebooks"
"13844772";"Pavilion g6-2082sa Notebook PC";"151";"notebooks"
"8885067";"Satellite L775-11U";"151";"notebooks"
"8885069";"Satellite L775-10X";"151";"notebooks"
"8885066";"Satellite L770-118";"151";"notebooks"
"8885065";"Satellite L770-10M";"151";"notebooks"
"9601096";"ThinkPad T410s";"151";"notebooks"
"13375476";"Toshiba NB520-11P";"151";"notebooks"
"13375477";"Toshiba NB520-125";"151";"notebooks"
"13375478";"Toshiba NB510-108";"151";"notebooks"
"13375479";"Toshiba NB510-117";"151";"notebooks"
"13834606";"Pavilion dv7-7064sa Entertainment Notebook PC";"151";"notebooks"
"9601091";"ThinkPad T410s";"151";"notebooks"
"13834608";"Pavilion g6-1339sa Notebook PC";"151";"notebooks"
"14185029";"Pavilion g6-1335sa Notebook PC";"151";"notebooks"
"14185025";"Pavilion g6-1381sa Notebook PC";"151";"notebooks"
"14287264";"ProBook 6570b Notebook PC";"151";"notebooks"
"14528077";"EliteBook 8470p Notebook PC";"151";"notebooks"
"14181721";"ProBook 4330s Notebook PC";"151";"notebooks"
"8885072";"Satellite L730-10J";"151";"notebooks"
"8885073";"Satellite L730-106";"151";"notebooks"
"8885070";"Satellite L775-11G";"151";"notebooks"
"8885071";"Satellite L750-104";"151";"notebooks"
"13858370";"Pavilion g6-2080sa Notebook PC";"151";"notebooks"
"14528071";"EliteBook 8470p Notebook PC";"151";"notebooks"
"8885079";"Satellite P770-108";"151";"notebooks"
"8885078";"Satellite P770-109";"151";"notebooks"
"8885076";"Satellite L735-10D";"151";"notebooks"
"8885075";"Satellite L735-10M";"151";"notebooks"
"11853157";"EliteBook 8560p Notebook PC";"151";"notebooks"
"13858388";"Pavilion dv6-7051sa Entertainment Notebook PC";"151";"notebooks"
"13858387";"Pavilion g6-2014sa Notebook PC";"151";"notebooks"
"14185031";"Pavilion g7-2050sa Notebook PC";"151";"notebooks"
"13858382";"Pavilion g6-1332sa Notebook PC";"151";"notebooks"
"13858383";"Pavilion dm1-4126sa Entertainment Notebook PC";"151";"notebooks"
"13858381";"Pavilion dv6-7053ea Entertainment Notebook PC";"151";"notebooks"
"12082463";"Pavilion g6-1311ea Notebook PC";"151";"notebooks"
"14109400";"Satellite L855-118";"151";"notebooks"
"14109401";"Satellite P850-138";"151";"notebooks"
"14109402";"Satellite P850-12X";"151";"notebooks"
"13834628";"Pavilion g6-2009sz Notebook PC";"151";"notebooks"
"14537551";"Pavilion m6-1002sa Entertainment Notebook PC";"151";"notebooks"
"14537552";"Pavilion m6-1055sa Entertainment Notebook PC";"151";"notebooks"
"12082462";"Pavilion g6-1392ea Notebook PC";"151";"notebooks"
"14537554";"Compaq Presario CQ58-153SA Notebook PC";"151";"notebooks"
"13834626";"Pavilion g6-2007sz Notebook PC";"151";"notebooks"
"14537555";"Pavilion dv7-7102ea Entertainment Notebook PC";"151";"notebooks"
"14185047";"Pavilion g6-1312sa Notebook PC";"151";"notebooks"
"14185048";"Pavilion g6-1306ea Notebook PC";"151";"notebooks"
"14537534";"Pavilion g6-2151sa Notebook PC";"151";"notebooks"
"13858398";"Pavilion g6-2027sa Notebook PC";"151";"notebooks"
"14057542";"Satellite L855-11F";"151";"notebooks"
"13858395";"Pavilion dv6-7063ea Entertainment Notebook PC";"151";"notebooks"
"14109404";"Satellite P875-102";"151";"notebooks"
"14109403";"Satellite P855-307";"151";"notebooks"
"13858390";"Pavilion g6-2030sa Notebook PC";"151";"notebooks"
"13858391";"Pavilion dv6-7063sa Entertainment Notebook PC";"151";"notebooks"
"14057540";"Satellite C870-11J";"151";"notebooks"
"13858392";"Pavilion g6-2025sa Notebook PC";"151";"notebooks"
"14057541";"Satellite L850-166";"151";"notebooks"
"13844785";"Pavilion dv7-7062sa Entertainment Notebook PC";"151";"notebooks"
"14528040";"ProBook 6570b Notebook PC";"151";"notebooks"
"9438550";"EliteBook 2560p Notebook PC";"151";"notebooks"
"14528048";"EliteBook 8470p Notebook PC";"151";"notebooks"
"14528045";"ProBook 6570b Notebook PC";"151";"notebooks"
"14537575";"Pavilion g6-2165sa Notebook PC";"151";"notebooks"
"14537574";"Pavilion g6-2164sa Notebook PC";"151";"notebooks"
"13838891";"Pavilion dm1-4175sa Entertainment Notebook PC";"151";"notebooks"
"14537577";"Pavilion g6-2167sa Notebook PC";"151";"notebooks"
"10595294";"ThinkPad T420s";"151";"notebooks"
"14537576";"Pavilion g6-2166sa Notebook PC";"151";"notebooks"
"14537573";"Pavilion g6-2163sa Notebook PC";"151";"notebooks"
"14537572";"Pavilion g6-2162sa Notebook PC";"151";"notebooks"
"13836751";"EliteBook 8760w Mobile Workstation";"151";"notebooks"
"13836752";"EliteBook 8760w Mobile Workstation";"151";"notebooks"
"9476863";"EliteBook 8560w Mobile Workstation";"151";"notebooks"
"13836753";"EliteBook 8560w Mobile Workstation";"151";"notebooks"
"13836754";"EliteBook 8760w Mobile Workstation";"151";"notebooks"
"14528032";"ProBook 6570b Notebook PC";"151";"notebooks"
"13844799";"Pavilion g6-1338sa Notebook PC";"151";"notebooks"
"10595283";"ThinkPad T420s";"151";"notebooks"
"13548100";"Satellite L750D-1FD";"151";"notebooks"
"13834635";"Pavilion g7-2020ez Notebook PC";"151";"notebooks"
"10595285";"ThinkPad T420";"151";"notebooks"
"13838889";"Pavilion dv6-7053sa Entertainment Notebook PC";"151";"notebooks"
"11714584";"ProBook 6465b Notebook PC";"151";"notebooks"
"14058447";"Qosmio X870-11R";"151";"notebooks"
"13838888";"Pavilion g6-1352sa Notebook PC";"151";"notebooks"
"14114088";"GXT 25 Gaming Mouse";"195";"mice"
"10595269";"ThinkPad T420s";"151";"notebooks"
"13709898";"X230";"151";"notebooks"
"11714590";"ProBook 6465b Notebook PC";"151";"notebooks"
"14530271";"ProBook 6470b Notebook PC";"151";"notebooks"
"10817648";"Satellite L755-15T";"151";"notebooks"
"9025775";"ThinkPad L420";"151";"notebooks"
"14185002";"Pavilion g6-1313sa Notebook PC";"151";"notebooks"
"9025773";"ThinkPad L520";"151";"notebooks"
"14528013";"ProBook 6570b Notebook PC";"151";"notebooks"
"14537578";"Pavilion g6-2168sa Notebook PC";"151";"notebooks"
"14528091";"EliteBook 8470p Notebook PC (ENERGY STAR)";"151";"notebooks"
"14528012";"ProBook 6570b Notebook PC";"151";"notebooks"
"14537579";"Pavilion g6-2169sa Notebook PC";"151";"notebooks"
"9438549";"EliteBook 2560p Notebook PC";"151";"notebooks"
"14185007";"Pavilion g6-1307ea Notebook PC";"151";"notebooks"
"14185009";"Pavilion g6-1301sa Notebook PC";"151";"notebooks"
"14537584";"Pavilion g6-2186sa Notebook PC";"151";"notebooks"
"14537583";"Pavilion g6-2173sa Notebook PC";"151";"notebooks"
"14537582";"Pavilion g6-2172sa Notebook PC";"151";"notebooks"
"14528008";"ProBook 6570b Notebook PC";"151";"notebooks"
"14537581";"Pavilion g6-2171sa Notebook PC";"151";"notebooks"
"11333847";"DSmobile 700D";"197";"scanners"
"14528090";"EliteBook 8470p Notebook PC";"151";"notebooks"
"14532243";"ProBook 4540s Notebook PC";"151";"notebooks"
"14537585";"Pavilion g6-2187sa Notebook PC";"151";"notebooks"
"12446402";"ThinkPad W520";"151";"notebooks"
"14537580";"Pavilion g6-2170sa Notebook PC";"151";"notebooks"
"14368506";"Pavilion g6-2154sa Notebook PC";"151";"notebooks"
"14368505";"Pavilion dm1-4200sa Entertainment Notebook PC";"151";"notebooks"
"14260626";"ProBook 6560b Notebook PC";"151";"notebooks"
"14534671";"ProBook 6570b Notebook PC";"151";"notebooks"
"14534673";"ProBook 6570b Notebook PC";"151";"notebooks"
"14534672";"ProBook 6570b Notebook PC";"151";"notebooks"
"14528006";"ProBook 4540s Notebook PC";"151";"notebooks"
"14534668";"ProBook 6470b Notebook PC";"151";"notebooks"
"14534669";"ProBook 6470b Notebook PC";"151";"notebooks"
"14290399";"Pavilion dv6-7054sa Entertainment Notebook PC";"151";"notebooks"
"14534663";"ProBook 6570b Notebook PC";"151";"notebooks"
"14534664";"ProBook 6570b Notebook PC";"151";"notebooks"
"14290392";"ENVY Sleekbook 6-1006sa";"151";"notebooks"
"14551426";"ProBook 4540s Notebook PC";"151";"notebooks"
"14185223";"Pavilion dv6-7104ea Entertainment Notebook PC";"151";"notebooks"
"14185095";"Pavilion g6-1339ea Notebook PC";"151";"notebooks"
"14185225";"Pavilion g6-2042sa Notebook PC";"151";"notebooks"
"14185226";"Pavilion g6-1367sa Notebook PC";"151";"notebooks"
"14368519";"Pavilion m6-1054sa Entertainment Notebook PC";"151";"notebooks"
"14368518";"Pavilion g6-1352sa Notebook PC";"151";"notebooks"
"14368517";"Pavilion m6-1050sa Entertainment Notebook PC";"151";"notebooks"
"14368516";"Compaq Presario CQ58-100SA Notebook PC";"151";"notebooks"
"9025911";"ThinkPad R61, 160GB, 2GB, 15.4 in WSXGA+ BT, Intel Wireless WiFi Link 4965 AGN, Multiburner, Bluetooth, Fingerprint, 6 Cell";"151";"notebooks"
"14368510";"Pavilion g7-2150sa Notebook PC";"151";"notebooks"
"14368515";"ENVY Spectre XT Ultrabook 13-2000ea";"151";"notebooks"
"12827684";"ProBook 4530s Notebook PC";"151";"notebooks"
"12827682";"ProBook 4530s Notebook PC";"151";"notebooks"
"14368512";"ENVY Ultrabook 4-1020ea";"151";"notebooks"
"14123649";"ThinkPad W520";"151";"notebooks"
"14534676";"ProBook 6570b Notebook PC";"151";"notebooks"
"14123648";"ThinkPad W520";"151";"notebooks"
"14534674";"ProBook 6570b Notebook PC";"151";"notebooks"
"14534675";"ProBook 6570b Notebook PC";"151";"notebooks"
"14185219";"Pavilion g6-1316sa Notebook PC";"151";"notebooks"
"9026013";"ThinkPad L520";"151";"notebooks"
"14368524";"ENVY Ultrabook 4-1000sa";"151";"notebooks"
"13213395";"Pavilion g6-2029sa Notebook PC";"151";"notebooks"
"14368523";"Pavilion g6-2103sa Notebook PC";"151";"notebooks"
"14368520";"Pavilion dv6-7104ea Entertainment Notebook PC";"151";"notebooks"
"9026014";"ThinkPad L420";"151";"notebooks"
"14368522";"ENVY Sleekbook 6-1005sa";"151";"notebooks"
"14368521";"Pavilion dv7-7104ea Entertainment Notebook PC";"151";"notebooks"
"14123656";"ThinkPad W520";"151";"notebooks"
"14123658";"ThinkPad W520";"151";"notebooks"
"14185241";"Pavilion g6-2182sa Notebook PC";"151";"notebooks"
"14185242";"Pavilion g6-2177sa Notebook PC";"151";"notebooks"
"14185243";"Pavilion g6-1366sa Notebook PC";"151";"notebooks"
"14189699";"EliteBook 8460p Notebook PC";"151";"notebooks"
"14185244";"Pavilion g6-2126sa Notebook PC";"151";"notebooks"
"14185245";"Pavilion m6-1076sa Entertainment Notebook PC";"151";"notebooks"
"14185247";"Pavilion g7-2175sa Notebook PC";"151";"notebooks"
"14123650";"ThinkPad W520";"151";"notebooks"
"14123651";"ThinkPad W520";"151";"notebooks"
"14123652";"ThinkPad W520";"151";"notebooks"
"14123653";"ThinkPad W520";"151";"notebooks"
"14123654";"ThinkPad W520";"151";"notebooks"
"14123655";"ThinkPad W520";"151";"notebooks"
"13836914";"EliteBook 8760w Mobile Workstation";"151";"notebooks"
"13836913";"EliteBook 8560w Mobile Workstation";"151";"notebooks"
"9517098";"EliteBook 8460p Notebook PC (ENERGY STAR)";"151";"notebooks"
"12271874";"ProBook 4535s Notebook PC";"151";"notebooks"
"14535720";"K55VD-SX160V";"151";"notebooks"
"11050502";"EliteBook 8560p Notebook PC";"151";"notebooks"
"14123668";"ThinkPad W520";"151";"notebooks"
"14185232";"Pavilion g6-2178sa Notebook PC";"151";"notebooks"
"11166439";"Satellite L750-1DM";"151";"notebooks"
"14185233";"Pavilion g6-1394sa Notebook PC";"151";"notebooks"
"14056017";"Satellite P855-30G";"151";"notebooks"
"14185231";"Compaq Presario CQ58-125SA Notebook PC";"151";"notebooks"
"14056014";"Satellite C850-132";"151";"notebooks"
"14123661";"ThinkPad W520";"151";"notebooks"
"14185237";"Pavilion g6-2181sa Notebook PC";"151";"notebooks"
"14056013";"Satellite C850-12M";"151";"notebooks"
"14185234";"Pavilion g6-2179sa Notebook PC";"151";"notebooks"
"14056016";"Satellite L870-136";"151";"notebooks"
"14185235";"Pavilion g6-2176sa Notebook PC";"151";"notebooks"
"14056015";"Satellite L870-11J";"151";"notebooks"
"14123660";"ThinkPad W520";"151";"notebooks"
"14056010";"Satellite C850-101";"151";"notebooks"
"14123666";"ThinkPad W520";"151";"notebooks"
"14185238";"Pavilion g6-2180sa Notebook PC";"151";"notebooks"
"14056012";"Satellite C850-10C";"151";"notebooks"
"14123663";"ThinkPad W520";"151";"notebooks"
"14185239";"Pavilion m6-1074sa Entertainment Notebook PC";"151";"notebooks"
"14056011";"Satellite C850-108";"151";"notebooks"
"14123664";"ThinkPad W520";"151";"notebooks"
"9128518";"ProBook 4520s Notebook PC (ENERGY STAR)";"151";"notebooks"
"14523128";"Pavilion g6-2007ez Notebook PC";"151";"notebooks"
"9128517";"ProBook 6555b Notebook PC (ENERGY STAR)";"151";"notebooks"
"9128516";"ProBook 6455b Notebook PC (ENERGY STAR)";"151";"notebooks"
"12062038";"EliteBook 8560w Mobile Workstation";"151";"notebooks"
"9128515";"ProBook 6450b Notebook PC (ENERGY STAR)";"151";"notebooks"
"14523127";"Compaq Presario CQ58-124SZ Notebook PC";"151";"notebooks"
"9128514";"ProBook 6450b Notebook PC (ENERGY STAR)";"151";"notebooks"
"14523124";"Pavilion g6-2148ea Notebook PC";"151";"notebooks"
"14523125";"Pavilion g7-2152ea Notebook PC";"151";"notebooks"
"9025944";"ThinkPad L420";"151";"notebooks"
"9025943";"ThinkPad L420";"151";"notebooks"
"14185053";"Pavilion g6-1347sa Notebook PC";"151";"notebooks"
"12233895";"EliteBook 2560p Notebook PC";"151";"notebooks"
"13217287";"Lenovo IdeaPad U400";"151";"notebooks"
"14149632";"USB Keyboard ES";"194";"keyboards"
"14185070";"Pavilion g6-1312ea Notebook PC";"151";"notebooks"
"14149633";"USB Keyboard US";"194";"keyboards"
"14149636";"Optical Wireless 5-Button Desktop Mouse";"195";"mice"
"14149637";"Easy Mouse";"195";"mice"
"12062041";"EliteBook 8460p Notebook PC";"151";"notebooks"
"14185068";"Pavilion g7-2052sa Notebook PC";"151";"notebooks"
"9025947";"ThinkPad L520";"151";"notebooks"
"14149640";"Numeric Keypad";"194";"keyboards"
"14185255";"Pavilion dm1-4175ea Entertainment Notebook PC";"151";"notebooks"
"14185254";"Pavilion dm1-4152ea Entertainment Notebook PC";"151";"notebooks"
"14523123";"Pavilion g6-2141ea Notebook PC";"151";"notebooks"
"9539250";"Satellite C660-26Z";"151";"notebooks"
"9539251";"Satellite C660-1U4";"151";"notebooks"
"14185250";"Pavilion g6-2033ea Notebook PC";"151";"notebooks"
"11261601";"Satellite P775-112";"151";"notebooks"
"13132858";"EliteBook 8460p Notebook PC (ENERGY STAR)";"151";"notebooks"
"11261600";"Satellite P770-11G";"151";"notebooks"
"14705973";"Wireless Keyboard and Mouse";"194";"keyboards"
"14185082";"Pavilion dv7-7064ea Entertainment Notebook PC";"151";"notebooks"
"13836974";"EliteBook 8760w Mobile Workstation";"151";"notebooks"
"13836973";"EliteBook 8560w Mobile Workstation";"151";"notebooks"
"14185075";"Pavilion g6-1309sa Notebook PC";"151";"notebooks"
"14185079";"Pavilion g6-1337ea Notebook PC";"151";"notebooks"
"14185078";"Pavilion g6-1306sa Notebook PC";"151";"notebooks"
"13840645";"ZENBOOK UX31A-R4004V";"151";"notebooks"
"8992696";"EliteBook 2560p Notebook PC";"151";"notebooks"
"14185087";"Pavilion g6-1392sa Notebook PC";"151";"notebooks"
"14551478";"EliteBook 8560w Mobile Workstation";"151";"notebooks"
"14528215";"ProBook 6475b Notebook PC";"151";"notebooks"
"14528213";"EliteBook 8470p Notebook PC";"151";"notebooks"
"13829518";"ProBook 4535s Notebook PC";"151";"notebooks"
"14742123";"iPics2Go";"197";"scanners"
"8885084";"Satellite P775-10V";"151";"notebooks"
"8885082";"Satellite P775-10J";"151";"notebooks"
"13660081";"EliteBook 8760w Mobile Workstation";"151";"notebooks"
"7819209";"Toshiba NB500-10L";"151";"notebooks"
"11261549";"Satellite C660-28D";"151";"notebooks"
"11261548";"Satellite C660-258";"151";"notebooks"
"11261545";"Qosmio F750-11V";"151";"notebooks"
"8885088";"Satellite P750-11G";"151";"notebooks"
"8885087";"Satellite P750-10R";"151";"notebooks"
"11261547";"Satellite C660-21Z";"151";"notebooks"
"8885086";"Satellite P750-109";"151";"notebooks"
"8885085";"Satellite P775-10G";"151";"notebooks"
"11261541";"Toshiba NB520-120";"151";"notebooks"
"11261543";"Toshiba NB550D-10U";"151";"notebooks"
"11261542";"Toshiba NB550D-10T";"151";"notebooks"
"8863260";"Satellite Pro L770-112";"151";"notebooks"
"13829715";"ProBook 4530s Notebook PC";"151";"notebooks"
"14528224";"ProBook 6475b Notebook PC";"151";"notebooks"
"13829526";"EliteBook 8760w Mobile Workstation";"151";"notebooks"
"14270585";"Pavilion dm4-3003sa Beats Edition Entertainment Notebook PC";"151";"notebooks"
"14528222";"ProBook 6470b Notebook PC";"151";"notebooks"
"13829529";"EliteBook 8560w Mobile Workstation";"151";"notebooks"
"8885092";"Satellite P755-10C";"151";"notebooks"
"8885094";"Satellite P755-114";"151";"notebooks"
"8885095";"Satellite Pro L770-109";"151";"notebooks"
"8885090";"Satellite P755-11H";"151";"notebooks"
"7819218";"Satellite A660-1H7";"151";"notebooks"
"11261559";"Satellite C660-2F2";"151";"notebooks"
"7819215";"Toshiba NB550D-10G";"151";"notebooks"
"14185589";"Pavilion g7-2016sz Notebook PC";"151";"notebooks"
"11261558";"Satellite C660-2E3";"151";"notebooks"
"7819212";"Toshiba NB520-109";"151";"notebooks"
"11261557";"Satellite C660-2E2";"151";"notebooks"
"7819213";"Toshiba NB520-10H";"151";"notebooks"
"11261556";"Satellite C660-2E1";"151";"notebooks"
"7819210";"Toshiba NB500-10M";"151";"notebooks"
"11261555";"Satellite C660-2DV";"151";"notebooks"
"14543535";"ProBook 6570b Notebook PC";"151";"notebooks"
"11261551";"Satellite C660-2EL";"151";"notebooks"
"11261550";"Satellite C660-2D7";"151";"notebooks"
"13383057";"Pavilion g6-1311sa Notebook PC";"151";"notebooks"
"14528219";"ProBook 6470b Notebook PC";"151";"notebooks"
"14528232";"ProBook 6475b Notebook PC";"151";"notebooks"
"14528230";"ProBook 6570b Notebook PC";"151";"notebooks"
"14185598";"Pavilion dv7-7037sz Entertainment Notebook PC";"151";"notebooks"
"14185597";"Pavilion dv7-7035ez Entertainment Notebook PC";"151";"notebooks"
"11261569";"Satellite L775-14E";"151";"notebooks"
"14185599";"Pavilion dv7-7057sz Entertainment Notebook PC";"151";"notebooks"
"11261568";"Satellite L775-148";"151";"notebooks"
"14185590";"Pavilion dm4-3098ez Beats Edition Entertainment Notebook PC";"151";"notebooks"
"11261560";"Satellite C660D-1C6";"151";"notebooks"
"14185594";"Pavilion dv7-7035sz Entertainment Notebook PC";"151";"notebooks"
"11261563";"Satellite R830-181";"151";"notebooks"
"11261562";"Satellite C660D-1EP";"151";"notebooks"
"14521800";"ProBook 6470b Base Model Notebook PC";"151";"notebooks"
"14185596";"Pavilion g7-2004sz Notebook PC";"151";"notebooks"
"11261565";"Satellite C670-15F";"151";"notebooks"
"9590513";"Qosmio F750-10Q";"151";"notebooks"
"14185595";"Pavilion dv7-7070ez Entertainment Notebook PC";"151";"notebooks"
"11261564";"Satellite R830-182";"151";"notebooks"
"13677687";"EliteBook 8460p Notebook PC";"151";"notebooks"
"13849659";"EliteBook 8760w Mobile Workstation";"151";"notebooks"
"11261579";"Satellite L750-1DQ";"151";"notebooks"
"13200213";"ProBook 4730s Notebook PC";"151";"notebooks"
"11261578";"Satellite L750-1DJ";"151";"notebooks"
"11261572";"Satellite L750-1EK";"151";"notebooks"
"11261571";"Satellite L750-16J";"151";"notebooks"
"11261570";"Satellite L750-171";"151";"notebooks"
"11261574";"Satellite L750-16X";"151";"notebooks"
"12838770";"Scanjet Enterprise 7000nx Document Capture Workstation";"197";"scanners"
"11837827";"5760-2352G32MTsk";"151";"notebooks"
"7953498";"Portégé R700-1F4";"151";"notebooks"
"9083135";"Virtual Rooms (up to 15 people in one meeting) License";"788";"warranty & support extensions"
"14535359";"EliteBook 8760w Mobile Workstation";"151";"notebooks"
"11261584";"Satellite L750-18R";"151";"notebooks"
"7819240";"Satellite C660-187";"151";"notebooks"
"7819242";"Satellite C660-13R";"151";"notebooks"
"7819241";"Satellite C660-17E";"151";"notebooks"
"11261580";"Satellite L750-1DU";"151";"notebooks"
"11261582";"Satellite L750-1E5";"151";"notebooks"
"14521828";"ProBook 6475b Base Model Notebook PC";"151";"notebooks"
"7819247";"Satellite C660-18C";"151";"notebooks"
"7819249";"Satellite C660-1J6";"151";"notebooks"
"11261588";"Satellite L750-1DR";"151";"notebooks"
"7819244";"Satellite C660-1F1";"151";"notebooks"
"11261589";"Satellite L755-1GJ";"151";"notebooks"
"7819243";"Satellite C660-1D7";"151";"notebooks"
"7819246";"Satellite C660-1G3";"151";"notebooks"
"7819245";"Satellite C660-184";"151";"notebooks"
"8803402";"A-U200-S 1-year Anti-Spam Service License";"803";"software licenses/upgrades"
"13857858";"Tecra R840-17Q";"151";"notebooks"
"14185201";"Pavilion dv7-7051ea Entertainment Notebook PC";"151";"notebooks"
"14521810";"ProBook 4540s Base Model Notebook PC";"151";"notebooks"
"11261597";"Satellite L750D-14E";"151";"notebooks"
"7819253";"Satellite C660D-153";"151";"notebooks"
"11261598";"Satellite L750D-14F";"151";"notebooks"
"11261595";"Satellite L750D-14R";"151";"notebooks"
"7819251";"Satellite C660D-10D";"151";"notebooks"
"11261596";"Satellite L750D-14U";"151";"notebooks"
"11261593";"Satellite L750D-14M";"151";"notebooks"
"11261594";"Satellite L750D-14Q";"151";"notebooks"
"14513584";"ProBook 4340s Notebook PC";"151";"notebooks"
"11261591";"Satellite L750D-14H";"151";"notebooks"
"11261592";"Satellite L750D-14L";"151";"notebooks"
"9449821";"EliteBook 2560p Notebook PC";"151";"notebooks"
"9449822";"EliteBook 2560p Notebook PC";"151";"notebooks"
"7819258";"Satellite C660D-14W";"151";"notebooks"
"7819256";"Satellite C660D-154";"151";"notebooks"
"11261599";"Satellite L735-13W";"151";"notebooks"
"7819255";"Satellite C660D-151";"151";"notebooks"
"7819254";"Satellite C660D-150";"151";"notebooks"
"7819229";"Satellite L650-1MC";"151";"notebooks"
"13557146";"EliteBook 8460p Notebook PC (ENERGY STAR)";"151";"notebooks"
"8863249";"Satellite L755-10C";"151";"notebooks"
"8863248";"Satellite L750-10N";"151";"notebooks"
"8863247";"Satellite L750-102";"151";"notebooks"
"9459073";"Qosmio X770-10N";"151";"notebooks"
"8863246";"Satellite L775-109";"151";"notebooks"
"13857828";"Satellite L850-161";"151";"notebooks"
"8863245";"Satellite L775-11C";"151";"notebooks"
"13857829";"Satellite L850-162";"151";"notebooks"
"8863244";"Satellite L775-11E";"151";"notebooks"
"13857826";"Satellite C855-17Z";"151";"notebooks"
"13857827";"Satellite C870-11G";"151";"notebooks"
"13302376";"ProBook 4535s Notebook PC";"151";"notebooks"
"13857824";"Satellite C855-17R";"151";"notebooks"
"13857825";"Satellite C855-17X";"151";"notebooks"
"13857822";"Satellite C855-17N";"151";"notebooks"
"13302373";"ProBook 4530s Notebook PC";"151";"notebooks"
"13857823";"Satellite C855-17Q";"151";"notebooks"
"13557564";"Pavilion g6-1305sa Notebook PC";"151";"notebooks"
"13857832";"Satellite L855-11P";"151";"notebooks"
"13557565";"Pavilion g6-2011sa Notebook PC";"151";"notebooks"
"13857831";"Satellite L855-11P";"151";"notebooks"
"13557563";"Pavilion g6-1303sa Notebook PC";"151";"notebooks"
"14521841";"EliteBook 8570p Base Model Notebook PC";"151";"notebooks"
"14521844";"EliteBook 8570p Base Model Notebook PC";"151";"notebooks"
"7819222";"Satellite L650D-173";"151";"notebooks"
"7562817";"Satellite R630-13U";"151";"notebooks"
"7562818";"Satellite R630-14T";"151";"notebooks"
"7819224";"Satellite L670-1HZ";"151";"notebooks"
"7819223";"Satellite L670-1H1";"151";"notebooks"
"7819226";"Satellite L670-1J0";"151";"notebooks"
"7819225";"Satellite L670-1J8";"151";"notebooks"
"7562815";"Qosmio F60-15D";"151";"notebooks"
"7819228";"Satellite L670D-146";"151";"notebooks"
"7562816";"Satellite R630-144";"151";"notebooks"
"7819227";"Satellite L670-1KN";"151";"notebooks"
"8863258";"Satellite P755-103";"151";"notebooks"
"13168727";"K55VM-SX031V";"151";"notebooks"
"8863254";"Satellite P775-100";"151";"notebooks"
"14528200";"ProBook 4740s Notebook PC";"151";"notebooks"
"8863257";"Satellite P750-103";"151";"notebooks"
"8863256";"Satellite P750-10Q";"151";"notebooks"
"14528202";"ProBook 4540s Notebook PC";"151";"notebooks"
"13557567";"Pavilion g6-2033sa Notebook PC";"151";"notebooks"
"13857833";"Satellite L875-10G";"151";"notebooks"
"8863250";"Satellite L755-10D";"151";"notebooks"
"13557566";"Pavilion g6-2030sa Notebook PC";"151";"notebooks"
"13857834";"Satellite L875-10G";"151";"notebooks"
"8863253";"Satellite P775-10K";"151";"notebooks"
"13557569";"Pavilion g6-1313sa Notebook PC";"151";"notebooks"
"13857835";"Satellite P850-138";"151";"notebooks"
"13557568";"Pavilion g6-1332sa Notebook PC";"151";"notebooks"
"13302377";"ProBook 4730s Notebook PC";"151";"notebooks"
"13302378";"ProBook 4730s Notebook PC";"151";"notebooks"
"7819231";"Satellite L650-1PW";"151";"notebooks"
"7819230";"Satellite L650-1MV";"151";"notebooks"
"7819235";"Satellite L630-16L";"151";"notebooks"
"7819234";"Satellite L630-16K";"151";"notebooks"
"7819233";"Satellite L650-1MX";"151";"notebooks"
"7819232";"Satellite L650-1PQ";"151";"notebooks"
"7819239";"Satellite L655D-14H";"151";"notebooks"
"7819238";"Satellite R630-156";"151";"notebooks"
"7819237";"Satellite R630-14R";"151";"notebooks"
"7819236";"Satellite R630-155";"151";"notebooks"
"13830426";"Pavilion g6-1381sa Notebook PC";"151";"notebooks"
"13830425";"Pavilion g6-1347sa Notebook PC";"151";"notebooks"
"13638541";"ProBook 4730s Notebook PC";"151";"notebooks"
"13830428";"Pavilion g6-1391sa Notebook PC";"151";"notebooks"
"13829590";"ProBook 4330s Notebook PC";"151";"notebooks"
"13830424";"Pavilion g6-1309sa Notebook PC";"151";"notebooks"
"13830423";"Pavilion g6-1369sa Notebook PC";"151";"notebooks"
"9532111";"ProBook 6560b Notebook PC";"151";"notebooks"
"13830429";"Pavilion g6-1392sa Notebook PC";"151";"notebooks"
"14227361";"ThinkPad W530";"151";"notebooks"
"14812757";"VG-KBD1500";"194";"keyboards"
"14289344";"Pavilion m6-1075sa Entertainment Notebook PC";"151";"notebooks"
"13829591";"ProBook 6465b Notebook PC";"151";"notebooks"
"14289343";"Pavilion m6-1073ea Entertainment Notebook PC";"151";"notebooks"
"13829592";"EliteBook 8760w Mobile Workstation";"151";"notebooks"
"13829595";"EliteBook 8760w Mobile Workstation";"151";"notebooks"
"14289347";"Pavilion g7-2150sa Notebook PC";"151";"notebooks"
"14289346";"Pavilion g7-2152sa Notebook PC";"151";"notebooks"
"14289345";"Pavilion g6-2052sa Notebook PC";"151";"notebooks"
"14528693";"ThinkPad W530";"151";"notebooks"
"14528690";"ThinkPad T530";"151";"notebooks"
"14535524";"ProBook 6560b Notebook PC";"151";"notebooks"
"13858542";"Pavilion g6-1304ez Notebook PC";"151";"notebooks"
"13377785";"ProBook 4730s Notebook PC";"151";"notebooks"
"7819260";"Satellite P500-1JF";"151";"notebooks"
"9477057";"EliteBook 8560w Mobile Workstation";"151";"notebooks"
"10642991";"Green Laser Professional Presenter";"196";"wireless presenters"
"7819261";"Satellite P500-1JE";"151";"notebooks"
"7819262";"Satellite Pro L650-1QH";"151";"notebooks"
"9457288";"EliteBook 2560p Notebook PC";"151";"notebooks"
"14379719";"ProBook 4540s Base Model Notebook PC";"151";"notebooks"
"14379718";"ProBook 4540s Base Model Notebook PC";"151";"notebooks"
"14379717";"ProBook 4740s Base Model Notebook PC";"151";"notebooks"
"14379716";"ProBook 4540s Base Model Notebook PC";"151";"notebooks"
"14379715";"ProBook 4740s Base Model Notebook PC";"151";"notebooks"
"13858535";"Pavilion g6-1302ez Notebook PC";"151";"notebooks"
"14109397";"Qosmio X870-11Q";"151";"notebooks"
"14109398";"Satellite L855-10P";"151";"notebooks"
"14109399";"Satellite L855-10W";"151";"notebooks"
"8538086";"Satellite R840-125";"151";"notebooks"
"12821015";"ThinkPad W520";"151";"notebooks"
"12821016";"ThinkPad W520";"151";"notebooks"
"12821013";"ThinkPad W520";"151";"notebooks"
"12821014";"ThinkPad W520";"151";"notebooks"
"14379726";"ProBook 4740s Base Model Notebook PC";"151";"notebooks"
"14379725";"ProBook 4540s Base Model Notebook PC";"151";"notebooks"
"14379728";"ProBook 4740s Base Model Notebook PC";"151";"notebooks"
"13829588";"EliteBook 8760w Mobile Workstation";"151";"notebooks"
"14379727";"ProBook 6475b Notebook PC";"151";"notebooks"
"14379721";"ProBook 4540s Base Model Notebook PC";"151";"notebooks"
"14379724";"ProBook 4540s Base Model Notebook PC";"151";"notebooks"
"14379720";"ProBook 4540s Base Model Notebook PC";"151";"notebooks"
"8978261";"EliteBook 8560w Mobile Workstation";"151";"notebooks"
"11898751";"EliteBook 8560p Notebook PC";"151";"notebooks"
"11898752";"EliteBook 8460p Notebook PC";"151";"notebooks"
"11898753";"EliteBook 8460p Notebook PC";"151";"notebooks"
"13844818";"Pavilion dm1-4152sa Entertainment Notebook PC";"151";"notebooks"
"13829550";"EliteBook 8560w Mobile Workstation";"151";"notebooks"
"13829552";"EliteBook 8460p Notebook PC (ENERGY STAR)";"151";"notebooks"
"13829551";"EliteBook 8460p Notebook PC";"151";"notebooks"
"13829553";"EliteBook 8460p Notebook PC";"151";"notebooks"
"13829556";"EliteBook 8460p Notebook PC";"151";"notebooks"
"13829558";"EliteBook 8460p Notebook PC";"151";"notebooks"
"13829557";"EliteBook 8460p Notebook PC (ENERGY STAR)";"151";"notebooks"
"14081560";"EliteBook 8560w Mobile Workstation";"151";"notebooks"
"14290417";"Pavilion dv6-7030ez Entertainment Notebook PC";"151";"notebooks"
"14290415";"Pavilion dv6-7050ez Entertainment Notebook PC";"151";"notebooks"
"14290416";"Pavilion dv6-7030sz Entertainment Notebook PC";"151";"notebooks"
"14290413";"Pavilion dv6-7045sz Entertainment Notebook PC";"151";"notebooks"
"14290414";"Pavilion dv6-7045ez Entertainment Notebook PC";"151";"notebooks"
"14379788";"U772";"151";"notebooks"
"14379789";"U772";"151";"notebooks"
"13829563";"ProBook 6465b Notebook PC";"151";"notebooks"
"13829562";"ProBook 4530s Notebook PC";"151";"notebooks"
"14121917";"ZENBOOK UX32VD-R3001V";"151";"notebooks"
"14290402";"ENVY Sleekbook 6-1006ea";"151";"notebooks"
"14290405";"ENVY Ultrabook 4-1010ea";"151";"notebooks"
"14290406";"ENVY Ultrabook 4-1020ea";"151";"notebooks"
"14290408";"Pavilion dv7-7104ea Entertainment Notebook PC";"151";"notebooks"
"14290409";"Compaq Presario CQ58-152SA Notebook PC";"151";"notebooks"
"14290401";"Pavilion dv6-7055sa Entertainment Notebook PC";"151";"notebooks"
"14290400";"Pavilion g6-2001ea Notebook PC";"151";"notebooks"
"13829538";"ProBook 6465b Notebook PC";"151";"notebooks"
"13829533";"EliteBook 2560p Notebook PC";"151";"notebooks"
"7802376";"Satellite A665-15M";"151";"notebooks"
"7802375";"Satellite A660-1H0";"151";"notebooks"
"7802374";"Qosmio F60-15N";"151";"notebooks"
"13844803";"Pavilion dv6-7050sa Entertainment Notebook PC";"151";"notebooks"
"14546876";"Y570";"151";"notebooks"
"13844807";"Pavilion g6-2081sa Notebook PC";"151";"notebooks"
"14146728";"43-MG-53214G50Mikk";"151";"notebooks"
"13829546";"EliteBook 8560w Mobile Workstation";"151";"notebooks"
"7802377";"Satellite A665-168";"151";"notebooks"
"14234085";"EliteBook 2560p Notebook PC";"151";"notebooks"
"14234084";"EliteBook 2560p Notebook PC";"151";"notebooks"
"14234080";"EliteBook 2560p Notebook PC";"151";"notebooks"
"14234083";"EliteBook 2560p Notebook PC";"151";"notebooks"
"14234078";"EliteBook 2560p Notebook PC";"151";"notebooks"
"14234079";"EliteBook 2560p Notebook PC";"151";"notebooks"
"14543818";"ThinkPad T530";"151";"notebooks"
"14185195";"Pavilion g6-1334sa Notebook PC";"151";"notebooks"
"14185198";"Pavilion g6-1387sa Notebook PC";"151";"notebooks"
"14527975";"ProBook 6570b Notebook PC";"151";"notebooks"
"12795382";"AMW5021EU ";"195";"mice"
"12795381";"AMW5011EU ";"195";"mice"
"14527964";"EliteBook 8470p Notebook PC";"151";"notebooks"
"12259558";"Qosmio F750-12D";"151";"notebooks"
"14185189";"Pavilion g6-1336sa Notebook PC";"151";"notebooks"
"12259557";"Qosmio F750-11T";"151";"notebooks"
"12259556";"Qosmio X770-11D";"151";"notebooks"
"14185187";"Pavilion dv7-7050ea Entertainment Notebook PC";"151";"notebooks"
"12259555";"Portégé R830-189";"151";"notebooks"
"14185182";"Pavilion g6-1311sa Notebook PC";"151";"notebooks"
"12259559";"Qosmio F750-12P";"151";"notebooks"
"12259561";"Satellite C660-12E";"151";"notebooks"
"12259564";"Satellite C660-10C";"151";"notebooks"
"14532360";"EliteBook 8560w Mobile Workstation";"151";"notebooks"
"13196196";"Docs2GO";"197";"scanners"
"14669657";"GXT 35 Wireless Laser Gaming Mouse";"195";"mice"
"12259562";"Satellite C660-12T";"151";"notebooks"
"9015346";"Satellite L650D-178";"151";"notebooks"
"14527973";"ProBook 6570b Notebook PC";"151";"notebooks"
"12259563";"Satellite C660-15G";"151";"notebooks"
"9015347";"Satellite C640-118";"151";"notebooks"
"13525061";"ProBook 4730s Notebook PC";"151";"notebooks"
"14376939";"ZENBOOK UX32VD-R4002V";"151";"notebooks"
"14185179";"Pavilion g6-1369sa Notebook PC";"151";"notebooks"
"14527955";"EliteBook 8570p Notebook PC";"151";"notebooks"
"14185175";"Pavilion g6-1388sa Notebook PC";"151";"notebooks"
"13849140";"530U3B-A02NL";"151";"notebooks"
"14185172";"Pavilion g6-1347ea Notebook PC";"151";"notebooks"
"13097206";"EliteBook 8460p Notebook PC";"151";"notebooks"
"13075977";"EliteBook 8760w Mobile Workstation";"151";"notebooks"
"8988278";"ThinkPad L520";"151";"notebooks"
"8988279";"ThinkPad L520";"151";"notebooks"
"13177022";"W520 Intel 2.6GHZ/3MB 4GB Memoryi 7 processorWin 7 64 bit OS: ENGLISH (US) KB: ENGLISH (UK)";"151";"notebooks"
"14515152";"ProBook 6475b Notebook PC";"151";"notebooks"
"9476460";"Satellite C660D-16G";"151";"notebooks"
"14515153";"ProBook 6475b Notebook PC";"151";"notebooks"
"9496698";"ProBook 6360b Notebook PC";"151";"notebooks"
"9476462";"Satellite C660D-17D";"151";"notebooks"
"14515155";"ProBook 6570b Notebook PC";"151";"notebooks"
"14531281";"Satellite C870-134";"151";"notebooks"
"14515149";"ProBook 6470b Notebook PC";"151";"notebooks"
"8892790";"Toshiba NB520-10U";"151";"notebooks"
"13177031";"ThinkPad W520 i7-2640M processor320GB/7200rpm4GB MemoryNVQuadro1000 Graphics15.6\"HD+ (1600x900)LEDDVD RWBluetooth720p HD Camera 9 Cell BatteryWin 7 Pro 64 Approx. Weight 5.75lb (2.61kg) OS: ENGLISH (US) KB: SWEDISH/FINNISH";"151";"notebooks"
"8898544";"Toshiba NB500-11G";"151";"notebooks"
"9025604";"ThinkPad L420";"151";"notebooks"
"8898542";"Toshiba NB500-11E";"151";"notebooks"
"8898543";"Toshiba NB500-11F";"151";"notebooks"
"9459575";"EliteBook 2560p Notebook PC";"151";"notebooks"
"9459577";"EliteBook 8760w Mobile Workstation";"151";"notebooks"
"11049312";"Satellite P750-13M";"151";"notebooks"
"11049311";"Satellite P750-13L";"151";"notebooks"
"14515148";"ProBook 6470b Notebook PC";"151";"notebooks"
"13177049";"ThinkPad W520 i7-2640M processor320GB/7200rpm4GB MemoryNVQuadro1000 Graphics15.6\"HD+ (1600x900)LEDDVD RWBluetooth720p HD Camera 9 Cell BatteryWin 7 Pro 64 Approx. Weight 5.75lb (2.61kg) OS: ENGLISH (US) KB: DANISH";"151";"notebooks"
"9025857";"ThinkPad L420";"151";"notebooks"
"13075923";"EliteBook 8460p Notebook PC (ENERGY STAR)";"151";"notebooks"
"9477085";"EliteBook 8760w Mobile Workstation";"151";"notebooks"
"14185603";"Pavilion dv7-7040ez Entertainment Notebook PC";"151";"notebooks"
"14185604";"Pavilion dv7-7037ez Entertainment Notebook PC";"151";"notebooks"
"13681232";"EliteBook 8560w Mobile Workstation";"151";"notebooks"
"14185601";"Pavilion dv7-7057ez Entertainment Notebook PC";"151";"notebooks"
"14185602";"Pavilion g7-2004ez Notebook PC";"151";"notebooks"
"9025074";"ThinkPad L520";"151";"notebooks"
"14185600";"Pavilion g7-2015sz Notebook PC";"151";"notebooks"
"13177050";"ThinkPad W520 i7-2640M processor320GB/7200rpm4GB MemoryNVQuadro1000 Graphics15.6\"HD+ (1600x900)LEDDVD RWBluetooth720p HD Camera 9 Cell BatteryWin 7 Pro 64 Approx. Weight 5.75lb (2.61kg) OS: ENGLISH (US) KB: ENGLISH (US)";"151";"notebooks"
"13681231";"EliteBook 8560w Mobile Workstation";"151";"notebooks"
"13681230";"EliteBook 8560w Mobile Workstation";"151";"notebooks"
"9459552";"EliteBook 8560w Mobile Workstation";"151";"notebooks"
"13177034";"ThinkPad W520 i7-2640M processor320GB/7200rpm4GB MemoryNVQuadro1000 Graphics15.6\"HD+ (1600x900)LEDDVD RWBluetooth720p HD Camera 9 Cell BatteryWin 7 Pro 64 Approx. Weight 5.75lb (2.61kg) OS: ENGLISH (US) KB: ENGLISH (US)";"151";"notebooks"
"14543036";"ThinkPad T530";"151";"notebooks"
"9459557";"EliteBook 2560p Notebook PC";"151";"notebooks"
"13681229";"EliteBook 8560w Mobile Workstation";"151";"notebooks"
"9452862";"EliteBook 8760w Mobile Workstation";"151";"notebooks"
"14357242";"SVE1511F1E";"151";"notebooks"
"13660124";"EliteBook 8760w Mobile Workstation";"151";"notebooks"
"13857820";"Satellite C855-16M";"151";"notebooks"
"13857821";"Satellite C855-17M";"151";"notebooks"
"13857818";"Satellite C855-13F";"151";"notebooks"
"13857817";"Satellite C855-12G";"151";"notebooks"
"14185125";"Pavilion g6-1335ea Notebook PC";"151";"notebooks"
"13857816";"Satellite C855-12F";"151";"notebooks"
"13857815";"Satellite C855-12C";"151";"notebooks"
"13857814";"Satellite C855-129";"151";"notebooks"
"13602056";"EliteBook 8760w Mobile Workstation";"151";"notebooks"
"13857813";"Satellite C855-128";"151";"notebooks"
"13857812";"Satellite C855-127";"151";"notebooks"
"14123533";"Satellite P850-12X";"151";"notebooks"
"13857811";"Satellite C855-11G";"151";"notebooks"
"13637591";"EliteBook 8560w Mobile Workstation";"151";"notebooks"
"13637592";"EliteBook 8760w Mobile Workstation";"151";"notebooks"
"14185121";"Pavilion g6-1391sa Notebook PC";"151";"notebooks"
"14185122";"Pavilion g6-1362ea Notebook PC";"151";"notebooks"
"13857819";"Satellite C855-14R";"151";"notebooks"
"14529266";"EliteBook 8460p Notebook PC";"151";"notebooks"
"13548089";"Satellite C660D-1D5";"151";"notebooks"
"13548088";"Satellite R850-1L0";"151";"notebooks"
"13857810";"Satellite C855-11F";"151";"notebooks"
"13857805";"Satellite C855-10K";"151";"notebooks"
"13857804";"Satellite C855-14U";"151";"notebooks"
"9025856";"ThinkPad L420";"151";"notebooks"
"13857807";"Satellite C855-10M";"151";"notebooks"
"13857806";"Satellite C855-13T";"151";"notebooks"
"13857801";"Satellite C850-11C";"151";"notebooks"
"14185119";"Pavilion g6-1334ea Notebook PC";"151";"notebooks"
"13857800";"Satellite C850-119";"151";"notebooks"
"13857803";"Satellite C855-14T";"151";"notebooks"
"13857802";"Satellite C850-11V";"151";"notebooks"
"13857809";"Satellite C855-10Z";"151";"notebooks"
"8898570";"Tecra A11-103";"151";"notebooks"
"13857808";"Satellite C855-10X";"151";"notebooks"
"14185110";"Pavilion g6-1336ea Notebook PC";"151";"notebooks"
"7569419";"Tecra M11-16C";"151";"notebooks"
"13548098";"Satellite L750-20M";"151";"notebooks"
"7569418";"Satellite Pro L630-15W";"151";"notebooks"
"13548099";"Satellite L750D-1FZ";"151";"notebooks"
"7569417";"Satellite Pro L630-162";"151";"notebooks"
"8897431";"Satellite L755D-11C";"151";"notebooks"
"13660103";"EliteBook 8760w Mobile Workstation";"151";"notebooks"
"14538337";"EliteBook 8470p Notebook PC";"151";"notebooks"
"7569416";"Portégé M780-10U";"151";"notebooks"
"8897432";"Satellite P750-100";"151";"notebooks"
"13660104";"ProBook 4530s Notebook PC";"151";"notebooks"
"13199942";"Pavilion g6-2027sa Notebook PC";"151";"notebooks"
"8897430";"Satellite L755D-116";"151";"notebooks"
"13199943";"Pavilion g6-2028sa Notebook PC";"151";"notebooks"
"13199944";"Pavilion g6-2029sa Notebook PC";"151";"notebooks"
"13548090";"Satellite C660D-1HC";"151";"notebooks"
"13548091";"Satellite C660D-1GM";"151";"notebooks"
"13199940";"Pavilion g6-2025sa Notebook PC";"151";"notebooks"
"13548092";"Satellite R830-1JU";"151";"notebooks"
"13199941";"Pavilion g6-2026sa Notebook PC";"151";"notebooks"
"13548093";"Satellite C670D-12T";"151";"notebooks"
"7569415";"Toshiba NB550D-108";"151";"notebooks"
"13548094";"Satellite C670D-12M";"151";"notebooks"
"7569414";"Toshiba NB550D-105";"151";"notebooks"
"13548095";"Satellite L770-15Q";"151";"notebooks"
"13548096";"Satellite L775-19E";"151";"notebooks"
"13548097";"Satellite L750-21X";"151";"notebooks"
"14185107";"Pavilion g6-1343sa Notebook PC";"151";"notebooks"
"14185103";"Pavilion g6-1337sa Notebook PC";"151";"notebooks"
"14185101";"Pavilion g7-2051sa Notebook PC";"151";"notebooks"
"13561182";"EliteBook 8460p Notebook PC";"151";"notebooks"
"8897420";"Satellite L755-11V";"151";"notebooks"
"8897421";"Satellite L750D-111";"151";"notebooks"
"8897422";"Satellite L750D-103";"151";"notebooks"
"8898554";"Satellite Pro C660D-187";"151";"notebooks"
"8897423";"Satellite L750D-10D";"151";"notebooks"
"7569420";"Tecra M11-16E";"151";"notebooks"
"8897428";"Satellite L755D-117";"151";"notebooks"
"13387038";"Pavilion dv7-7064ea Entertainment Notebook PC";"151";"notebooks"
"8897429";"Satellite L755D-10M";"151";"notebooks"
"13387037";"Pavilion dv6-7061sa Entertainment Notebook PC";"151";"notebooks"
"13097181";"ProBook 4530s Notebook PC";"151";"notebooks"
"13387039";"Pavilion dv6-7051sa Entertainment Notebook PC";"151";"notebooks"
"8897424";"Satellite L750D-10J";"151";"notebooks"
"8897425";"Satellite L755D-10C";"151";"notebooks"
"14068283";"NP305U1A-A03DE";"151";"notebooks"
"8897426";"Satellite L755D-10U";"151";"notebooks"
"13387036";"Pavilion dv7-7062ea Entertainment Notebook PC";"151";"notebooks"
"8897427";"Satellite L755D-108";"151";"notebooks"
"14109796";"ProBook 6360b Notebook PC";"151";"notebooks"
"14109795";"ProBook 6560b Notebook PC";"151";"notebooks"
"13689153";"EliteBook 8760w Mobile Workstation";"151";"notebooks"
"8929144";"Satellite P755-10G";"151";"notebooks"
"14109792";"ProBook 6460b Notebook PC";"151";"notebooks"
"8929143";"Satellite P755-10H";"151";"notebooks"
"8974970";"Satellite L750-11C";"151";"notebooks"
"10951203";"EliteBook 8460p Notebook PC";"151";"notebooks"
"11766930";"P750-10D";"151";"notebooks"
"10951200";"EliteBook 8460p Notebook PC";"151";"notebooks"
"13199939";"Pavilion g6-2022sa Notebook PC";"151";"notebooks"
"13834590";"Pavilion dv7-7061ea Entertainment Notebook PC";"151";"notebooks"
"14514631";"SVE1511J1E";"151";"notebooks"
"13834599";"Pavilion dv7-7063ea Entertainment Notebook PC";"151";"notebooks"
"8609975";"Satellite Pro R840-114";"151";"notebooks"
"12259581";"Satellite Pro R850-18K";"151";"notebooks"
"12259580";"Satellite Pro R840-15N";"151";"notebooks"
"12259582";"Satellite Pro L770-12P";"151";"notebooks"
"12359028";"Qosmio DX730-10U";"151";"notebooks"
"14185162";"Pavilion g6-1360sa Notebook PC";"151";"notebooks"
"12259577";"Satellite P750-15C";"151";"notebooks"
"14185165";"Pavilion g6-1305sa Notebook PC";"151";"notebooks"
"12259578";"Satellite P755-12F";"151";"notebooks"
"8609974";"Satellite Pro R840-101";"151";"notebooks"
"12259579";"Satellite P755-12G";"151";"notebooks"
"14185166";"Pavilion g6-1311ea Notebook PC";"151";"notebooks"
"14074177";"ProBook 4330s Notebook PC";"151";"notebooks"
"12259576";"Satellite P775-110";"151";"notebooks"
"12259575";"Satellite L735-137";"151";"notebooks"
"12259574";"Satellite L755-1EM";"151";"notebooks"
"12259573";"Satellite L750-1PK";"151";"notebooks"
"12259572";"Satellite L750-1LL";"151";"notebooks"
"12259571";"Satellite L750-1H3";"151";"notebooks"
"12359026";"Qosmio DX730-10P";"151";"notebooks"
"12259570";"Satellite L750-16L";"151";"notebooks"
"13834584";"Pavilion g6-1304sa Notebook PC";"151";"notebooks"
"12359027";"Qosmio DX730-10Q";"151";"notebooks"
"13710400";"EliteBook 8760w Mobile Workstation";"151";"notebooks"
"14185152";"Pavilion g6-1303sa Notebook PC";"151";"notebooks"
"9025689";"ThinkPad L420";"151";"notebooks"
"14185151";"Pavilion g6-1307sa Notebook PC";"151";"notebooks"
"14185150";"Pavilion g6-1362sa Notebook PC";"151";"notebooks"
"12259568";"Satellite L770-13L";"151";"notebooks"
"12259569";"Satellite L750-16U";"151";"notebooks"
"12259566";"Satellite C670-16F";"151";"notebooks"
"12259567";"Satellite C670-162";"151";"notebooks"
"14514600";"SVE1511A1E";"151";"notebooks"
"13850437";"EliteBook 8760w Mobile Workstation";"151";"notebooks"
"14534190";"ProBook 4340s Notebook PC";"151";"notebooks"
"14544375";"ProBook 4330s Notebook PC";"151";"notebooks"
"10774389";"97-606";"942";"flat panel desk mounts"
"10774388";"WorkFit-C";"942";"flat panel desk mounts"
"8534776";"Satellite C660-1J2";"151";"notebooks"
"9024949";"ThinkPad W510";"151";"notebooks"
"14185138";"Pavilion g7-2054sa Notebook PC";"151";"notebooks"
"14185137";"Pavilion g6-1391ea Notebook PC";"151";"notebooks"
"13612427";"ProBook 4530s Notebook PC";"151";"notebooks"
