sku code;model;warehouse code;qty in stock
"B1W88EA#ABU";"Pavilion dv7-7061ea Entertainment Notebook PC";"Main";128
"B2Y38EA#ABU";"Pavilion g6-1312sa Notebook PC";"Main";417
"B6P95EA";"EliteBook 8470p Notebook PC";"Main";790
"B3N31EA#ABU";"Pavilion dv6-7055sa Entertainment Notebook PC";"Main";485
"B3N30EA#ABU";"Pavilion dv6-7054sa Entertainment Notebook PC";"Main";875
"18.01.1083";"18.01.1083";"Main";215
"18.01.1084";"18.01.1084";"Main";140
"18.01.1082";"18.01.1082";"Main";552
"N1E5TGE";"ThinkPad T530";"Main";849
"N1E5WGE";"ThinkPad T530";"Main";279
"N1E5RGE";"ThinkPad T530";"Main";225
"B1R22EA#ABU";"Pavilion g6-1306sa Notebook PC";"Main";834
"B1W42EA#ABU";"Pavilion g6-1306ea Notebook PC";"Main";79
"LY536EA#ABU";"EliteBook 8560w Mobile Workstation";"Main";125
"WF723A#ABD";"Virtual Rooms (up to 15 people in one meeting) License";"Main";589
"B0N00AA#AB9";"Folio 13 Notebook PC (ENERGY STAR)";"Main";505
"B0R94EA#ABZ";"g6-1364sl";"Main";539
"B6P78EA#ABY";"ProBook 6570b Notebook PC";"Main";402
"PLL62E-00W002EN";"Toshiba NB520-11N";"Main";805
"B7B15EA#ABU";"ProBook 4340s Notebook PC";"Main";842
"B6N83EA#ABU";"ProBook 4540s Notebook PC";"Main";440
"B1S21EA#ABU";"Pavilion g6-2014sa Notebook PC";"Main";750
"B1R12EA#ABU";"Pavilion g6-1304sa Notebook PC";"Main";271
"B1M18EA#ABU";"Pavilion dv7-7051ea Entertainment Notebook PC";"Main";732
"B1J53EA#ABU";"Pavilion g6-1301sa Notebook PC";"Main";303
"PLL62E-01F002EN";"Toshiba NB520-124";"Main";675
"B1K25EA#ABU";"Pavilion dv7-7050ea Entertainment Notebook PC";"Main";980
"LY451EA";"ProBook 6465b Notebook PC";"Main";57
"PLL72E-021019EN";"Toshiba NB510-11G";"Main";490
"PLL72E-022019EN";"Toshiba NB510-11H";"Main";490
"PLL72E-023019EN";"Toshiba NB510-11J";"Main";399
"LY531ET";"EliteBook 8760w Mobile Workstation";"Main";559
"PLL72E-00E019EN";"Toshiba NB510-10D";"Main";819
"PLL72E-012019EN";"Toshiba NB510-10R";"Main";628
"B1U17EA";"Pavilion dm1-4131sa Entertainment Notebook PC";"Main";52
"B3S09EA";"Pavilion g7-2100sa Notebook PC";"Main";431
"LY516EA#ABU";"EliteBook 8460p Notebook PC";"Main";969
"PSC3YE-02P006DU";"Satellite C670-1D3";"Main";346
"PSK4YE-00C00HEN";"Satellite L755D-10J";"Main";762
"N1E2VMD";"ThinkPad T530";"Main";294
"6015ES3";"2 Year Extended On-Site Service";"Main";159
"PSK08E-02000HEN";"Satellite L735-11W";"Main";190
"N1E2UMD";"ThinkPad T530";"Main";568
"PSK08E-02100HEN";"Satellite L735-11X";"Main";532
"80-106-085";"Universal Tablet Cradle";"Main";190
"LY508EA#ABU";"EliteBook 8460p Notebook PC";"Main";647
"PSAY3E-059002EN";"Satellite P750-135";"Main";769
"L2708A#201";"Scanjet Enterprise 7000nx Document Capture Workstation";"Main";693
"PSBY3E-02800HEN";"Satellite P770-118";"Main";235
"LY534EA";"EliteBook 8760w Mobile Workstation";"Main";779
"PSAY3E-05C002EN";"Satellite P750-136";"Main";318
"PSAY3E-05E002EN";"Satellite P750-137";"Main";340
"LY455ET";"EliteBook 2560p Notebook PC";"Main";816
"NY45BMD";"ThinkPad W520";"Main";499
"LY531EA#UUZ";"EliteBook 8760w Mobile Workstation";"Main";609
"NY55CMD";"ThinkPad W520";"Main";13
"NY45CMD";"ThinkPad W520";"Main";683
"NY55DMD";"ThinkPad W520";"Main";762
"PSK3SE-009002EN";"Satellite L775-12H";"Main";103
"PSK1WE-01Q009EN";"Satellite L755-13H";"Main";683
"PSC4AE-00U009EN";"Satellite C670D-110";"Main";759
"PSK3WE-02P002EN";"Satellite L775-13D";"Main";987
"L2708A#BAZ";"Scanjet Enterprise 7000nx Document Capture Workstation";"Main";566
"PSK32E-01M006EN";"Satellite L755D-12L";"Main";774
"PSK1WE-07G009EN";"Satellite L755-1C6";"Main";483
"PSK1WE-030009EN";"Satellite L755-17Q";"Main";810
"PSK1WE-031009EN";"Satellite L755-17R";"Main";484
"PSK32E-01G006EN";"Satellite L755D-129";"Main";401
"PSK32E-01F006EN";"Satellite L755D-128";"Main";306
"LY453EA";"ProBook 6465b Notebook PC";"Main";186
"B6P67EA#ABD";"ProBook 6560b Notebook PC";"Main";469
"PSK3XE-00G00WEN";"Satellite Pro L770-11F";"Main";659
"B6P65EA#ABD";"ProBook 6360b Notebook PC";"Main";282
"B6P66EA#ABD";"ProBook 6460b Notebook PC";"Main";767
"PSC4AE-00C00DGR";"Satellite C670D-10G";"Main";740
"PT429E-00M007EP";"Tecra R840-10T";"Main";434
"PSC4AE-00900DGR";"Satellite C670D-10F";"Main";183
"LG670EA#ABU";"EliteBook 8760w Mobile Workstation";"Main";187
"LQ583AW#UUZ";"ProBook 6560b Notebook PC";"Main";743
"PT42FE-00C00HGR";"Tecra R840-10D";"Main";625
"LG658EA#BCM";"ProBook 6560b Notebook PC";"Main";715
"LQ333AW#UUZ";"ProBook 6360b Notebook PC";"Main";986
"97-617";"97-617";"Main";204
"LQ336AW#UUZ";"ProBook 6360b Notebook PC";"Main";24
"PSC3QE-00D00WN5";"Satellite C670-11Q";"Main";570
"PSC3QE-00M00FG5";"Satellite C670-11W";"Main";782
"PSC3QE-00200CGR";"Satellite C670-105";"Main";756
"PPM78E-08D00EGR";"Portégé M780-10R";"Main";341
"L2708A#B19";"Scanjet Enterprise 7000nx Document Capture Workstation";"Main";33
"A6D99EA";"ProBook 4530s Notebook PC";"Main";988
"B0X44EA";"ProBook 4530s Notebook PC";"Main";175
"N1K2EMD";"ThinkPad W530";"Main";535
"PSC0LE-04300JEN";"Satellite C660-23Q";"Main";644
"PSK6ME-011004EN";"Satellite L755-15W";"Main";265
"PSK6ME-00L004EN";"Satellite L755-13D";"Main";485
"PSK1WE-01R009EN";"Satellite L755-13J";"Main";813
"PLL50E-03X027G3";"Toshiba NB500-13C";"Main";425
"PT52HE-00L007EN";"Satellite R850-13K";"Main";303
"PSK1WE-01S009EN";"Satellite L755-13K";"Main";197
"PLL50E-05D020GR";"Toshiba NB500-13F";"Main";630
"PSC0QE-04Y00CEN";"Satellite C660-21Q";"Main";870
"PSK1WE-027009EN";"Satellite L755-15R";"Main";353
"PLL5FE-02T00GG3";"Toshiba NB550D-119";"Main";53
"PSC0QE-05000CEN";"Satellite C660-220";"Main";255
"PSK2YE-03J014EN";"Satellite L755-144";"Main";24
"PLL5FE-03201CGR";"Toshiba NB550D-11D";"Main";533
"PT52NE-01801HEP";"Satellite Pro R850-1JJ";"Main";174
"LY486EA";"ProBook 4530s Notebook PC";"Main";602
"PSC0QE-01J00CEN";"Satellite C660-17L";"Main";524
"PSK3TE-01000XG3";"Satellite Pro L770-14N";"Main";453
"LY492EA";"ProBook 4730s Notebook PC";"Main";220
"PSK3XE-01H012G3";"Satellite Pro L770-153";"Main";42
"LY476EA";"ProBook 4530s Notebook PC";"Main";94
"B0Y16EA";"ProBook 4530s Notebook PC";"Main";101
"A6E06EA";"ProBook 4530s Notebook PC";"Main";576
"LY488EA";"ProBook 4535s Notebook PC";"Main";537
"PSK6ME-00M004EN";"Satellite L755-13E";"Main";645
"B4H11EA";"Pavilion g6-2026sa Notebook PC";"Main";468
"PSK6ME-012004EN";"Satellite L755-15X";"Main";704
"B3D27EA";"Pavilion g6-2024sa Notebook PC";"Main";193
"PSK2YE-042014EN";"Satellite L755-154";"Main";887
"PSK6ME-00W004EN";"Satellite L755-14Z";"Main";56
"B6Q00EA";"EliteBook 8570p Notebook PC";"Main";617
"A8J41EA";"Pavilion dm4-3003sa Beats Edition Entertainment Notebook PC";"Main";872
"B5V82AW";"ProBook 6570b Notebook PC";"Main";698
"B1K51EA";"Pavilion dv6-7050ea Entertainment Notebook PC";"Main";304
"B6P86EA";"ProBook 6570b Notebook PC";"Main";70
"B6M42EA";"655 Notebook PC";"Main";898
"B6Q03EA";"EliteBook 8570p Notebook PC";"Main";970
"LY509EA#ABB";"EliteBook 8460p Notebook PC";"Main";718
"B6P75EA#ABY";"ProBook 6475b Notebook PC";"Main";806
"PSAY3E-02E002EN";"Satellite P750-115";"Main";5
"PTSE0E-0HU052EN";"Tecra A11-1JL";"Main";734
"PSAY3E-02D002EN";"Satellite P750-114";"Main";396
"PSAY3E-029002EN";"Satellite P750-113";"Main";790
"LY538EA#ABD";"EliteBook 8760w Mobile Workstation";"Main";177
"PSK73E-00C004EN";"Satellite L735-10R";"Main";30
"PSAY3E-03U002EN";"Satellite P750-10F";"Main";780
"PSK4YE-00K00HEN";"Satellite L755D-10V";"Main";754
"LY536EA#ABD";"EliteBook 8560w Mobile Workstation";"Main";866
"PSK4YE-00L00HEN";"Satellite L755D-10W";"Main";322
"LY537EA#ABD";"EliteBook 8760w Mobile Workstation";"Main";879
"B3N35EA";"Pavilion dv6-7061sa Entertainment Notebook PC";"Main";637
"B4H17EA";"Pavilion g6-2029ea Notebook PC";"Main";459
"LG635EA#8GB";"ProBook 6360b Notebook PC";"Main";642
"PSC3UE-00Y009EN";"Satellite C670-14P";"Main";62
"PT32LE-00800CEN";"Satellite R830-10C";"Main";807
"PSC1YE-005008EN";"Satellite C660D-14E";"Main";429
"LG660EA#BCM";"EliteBook 8560w Mobile Workstation";"Main";751
"B1S85EA";"Pavilion dv6-7051ea Entertainment Notebook PC";"Main";671
"B4H16EA";"Pavilion g6-2028sa Notebook PC";"Main";101
"B6P81EA";"ProBook 6570b Notebook PC";"Main";457
"B4H22EA";"Pavilion g6-2033sa Notebook PC";"Main";722
"B4H12EA";"Pavilion g6-2027ea Notebook PC";"Main";981
"B6Q04EA#ABD";"ProBook 6570b Notebook PC";"Main";384
"LW883AW#ABE";"EliteBook 2560p Notebook PC (ENERGY STAR)";"Main";246
"B5W80AW";"ProBook 6470b Notebook PC";"Main";934
"B4H06EA";"Pavilion g6-2022ea Notebook PC";"Main";963
"PSC0LE-04400JEN";"Satellite C660-27C";"Main";153
"PSC0LE-04200JEN";"Satellite C660-23U";"Main";81
"PSC0LE-04100JEN";"Satellite C660-23T";"Main";637
"B6P80EA";"ProBook 6570b Notebook PC";"Main";125
"B5W83AW";"ProBook 6470b Notebook PC";"Main";406
"PSC1LE-01K005EN";"Satellite C660-1VW";"Main";449
"PSC1LE-025005EN";"Satellite C660-21M";"Main";106
"PSC0LE-04000JEN";"Satellite C660-23R";"Main";355
"B3Y11EA#ABU";"ENVY Ultrabook 4-1010ea";"Main";950
"PSC0LE-04500JEN";"Satellite C660-27D";"Main";481
"B3Y13EA#ABU";"ENVY Ultrabook 4-1000ea";"Main";255
"PSC1LE-017005EN";"Satellite C660-1ZM";"Main";624
"PSC1LE-018005EN";"Satellite C660-1ZN";"Main";391
"B6W52EA#ABU";"ENVY Sleekbook 6-1006ea";"Main";89
"B9N87EA#ABU";"Pavilion g6-2140sa Notebook PC";"Main";602
"PSC1LE-027005EN";"Satellite C660-23N";"Main";378
"B9Q41EA#ABU";"Pavilion g6-2138sa Notebook PC";"Main";648
"B4H10EA";"Pavilion g6-2026ea Notebook PC";"Main";268
"B9Q43EA#ABU";"Pavilion g6-2139sa Notebook PC";"Main";685
"B1S27EA";"Pavilion g6-2022sa Notebook PC";"Main";210
"910-003008";"M325";"Main";679
"B4H08EA";"Pavilion g6-2025ea Notebook PC";"Main";944
"B1J46EA";"Pavilion g6-1310ez Notebook PC";"Main";120
"B6M09EA";"ProBook 4540s Notebook PC";"Main";871
"B6P89EA#ABD";"ProBook 6570b Notebook PC";"Main";482
"B0Y46EA";"ProBook 4340s Notebook PC";"Main";302
"B4H15EA";"Pavilion g6-2028ea Notebook PC";"Main";565
"B6P88EA#ABD";"ProBook 6570b Notebook PC";"Main";603
"DS-600";"DS-600";"Main";152
"B1R94EA";"Pavilion g6-2001sa Notebook PC";"Main";648
"PSC1LE-022005EN";"Satellite C660-223";"Main";375
"A6M72AW#UUZ";"EliteBook 8760w Mobile Workstation";"Main";29
"910-003014";"M325";"Main";74
"PSPKBE-03F008EN";"Satellite P855-10G";"Main";121
"910-003017";"M325";"Main";344
"B6P99EA";"EliteBook 8570p Notebook PC";"Main";811
"B0Y57EA";"ProBook 4540s Notebook PC";"Main";906
"PT320E-0F901REN";"Portégé R830-1G2";"Main";523
"PLL72E-01W019EN";"Toshiba NB510-11E";"Main";256
"B6P86EA#ABD";"ProBook 6570b Notebook PC";"Main";27
"B6P85EA#ABD";"ProBook 6570b Notebook PC";"Main";297
"A6F37EA";"ProBook 4535s Notebook PC";"Main";256
"PSK4YE-02H00HEN";"Satellite L750D-1ER";"Main";245
"PSK4YE-02T00HEN";"Satellite L750D-1GC";"Main";509
"PSK7YE-00G004EN";"Satellite L830-10X";"Main";2
"PSK4YE-02J00HEN";"Satellite L750D-1EX";"Main";923
"PLL50E-032012EN";"Toshiba NB500-11J";"Main";528
"PT32LE-02D00CEN";"Satellite R830-1L7";"Main";957
"PSC1YE-03X008EN";"Satellite C660D-1HK";"Main";48
"PLL50E-02R012EN";"Toshiba NB500-115";"Main";21
"PSK6ME-02E004EN";"Satellite L750-22X";"Main";361
"PLL50E-033012EN";"Toshiba NB500-11K";"Main";201
"PSK6ME-02D004EN";"Satellite L750-22Z";"Main";667
"B6P84EA#ABD";"ProBook 6570b Notebook PC";"Main";405
"PLL72E-01T019EN";"Toshiba NB510-119";"Main";671
"B5W83AW#ABD";"ProBook 6470b Notebook PC";"Main";475
"B5W80AW#ABD";"ProBook 6470b Notebook PC";"Main";172
"B6P82EA#ABD";"ProBook 6570b Notebook PC";"Main";682
"B6P83EA#ABD";"ProBook 6570b Notebook PC";"Main";383
"PDA08E-001005EN";"Toshiba AT300-101";"Main";613
"B6P80EA#ABD";"ProBook 6570b Notebook PC";"Main";236
"PDA08E-002005EN";"Toshiba AT300-100";"Main";375
"B6P81EA#ABD";"ProBook 6570b Notebook PC";"Main";699
"PLL50E-02M012EN";"Toshiba NB500-110";"Main";512
"B1S18EA";"Pavilion g6-2011sa Notebook PC";"Main";866
"QJ491EA";"Pavilion dm1-4010ez Entertainment Notebook PC";"Main";33
"PT52HE-00T007EN";"Satellite R850-169";"Main";299
"PT52HE-00P007EN";"Satellite R850-15C";"Main";896
"PLL52E-01T00SEN";"Toshiba NB520-10R";"Main";930
"PSC0LE-01600JEN";"Satellite C660-11X";"Main";598
"A5H50AV";"ProBook 6470b Base Model Notebook PC";"Main";975
"PSC1LE-005005EN";"Satellite C660-1NP";"Main";663
"PT31LE-01X00CEN";"Satellite R630-102";"Main";914
"PT52HE-00H007EN";"Satellite R850-10H";"Main";744
"B5V82AW#ABD";"ProBook 6570b Notebook PC";"Main";656
"LG669EA#UUZ";"EliteBook 2560p Notebook PC";"Main";165
"PLL50E-02P012EN";"Toshiba NB500-111";"Main";271
"B1F88EA";"Pavilion dm1-4117sz Entertainment Notebook PC";"Main";818
"PLL50E-02N012EN";"Toshiba NB500-10Z";"Main";22
"A9W48EA#ABU";"Pavilion g6-1343sa Notebook PC";"Main";74
"A6D89EA#AKD?ED495AA#ABB";"ProBook 4330s Notebook PC";"Main";293
"B1F87EA";"Pavilion dm1-4120ez Entertainment Notebook PC";"Main";456
"A6D89EA#AKD?AY052AA#AC3";"ProBook 4330s Notebook PC";"Main";736
"B5W71AW";"EliteBook 8470p Notebook PC (ENERGY STAR)";"Main";625
"A5Z15EA";"Pavilion dm4-3099ez Beats Edition Entertainment Notebook PC";"Main";211
"B5V79AW#ABD";"ProBook 6570b Notebook PC";"Main";233
"PSC1YE-00L008EN";"Satellite C660D-15X";"Main";951
"PSC1YE-00H008EN";"Satellite C660D-15H";"Main";286
"PSC1YE-012008EN";"Satellite C660D-16Q";"Main";274
"PSC1YE-00M008EN";"Satellite C660D-15Z";"Main";917
"PSC0QE-04500CEN";"Satellite C660-1N6";"Main";728
"PSC0QE-03M00CEN";"Satellite C660-1LD";"Main";65
"PSC0LE-03T00JEN";"Satellite C660-1UL";"Main";262
"PSC0QE-04H00CEN";"Satellite C660-1NJ";"Main";497
"NUJ72MD";"ThinkPad T410s";"Main";236
"B1J76EA#ABU";"EliteBook 8460p Notebook PC";"Main";891
"LY525EA#ABB";"EliteBook 8560w Mobile Workstation";"Main";372
"PT32LE-00U00CEN";"Satellite R830-143";"Main";851
"PT32LE-00T00CEN";"Satellite R830-142";"Main";953
"PSK6ME-00K004EN";"Satellite L755-13F";"Main";67
"PSK6DE-006001EN";"Satellite L775-11F";"Main";645
"PSK3SE-006002EN";"Satellite L775-119";"Main";269
"PSK3WE-016002EN";"Satellite L775-111";"Main";544
"PSC4AE-00N009EN";"Satellite C670D-108";"Main";423
"PSC3LE-00D00GEN";"Satellite C670-10P";"Main";320
"PSK08E-03S00HEN";"Satellite L735-12V";"Main";398
"PSPGSE-22L00JHU";"Satellite P500-1J4";"Main";950
"B6P76EA#BCM";"ProBook 6475b Notebook PC";"Main";399
"B4H21EA#ABU";"Pavilion g6-2033ea Notebook PC";"Main";653
"PSPGSE-1CL02YA3";"Satellite P500-1H6";"Main";641
"PSPGSE-1J000PSK";"Satellite P500-1H9";"Main";743
"PSKCCE-01E00VEN";"Satellite C855-15Q";"Main";710
"PSC8AE-009002EN";"Satellite C870-11F";"Main";464
"A8J56EA";"Pavilion g6-1353sa Notebook PC";"Main";811
"B1W89EA";"Pavilion dv7-7062ea Entertainment Notebook PC";"Main";186
"PSC8AE-00D002EN";"Satellite C870-11H";"Main";434
"LG736EA#ABF";"EliteBook 8560p Notebook PC";"Main";695
"PSAY3E-02X00YN5";"Satellite P755-119";"Main";817
"B1Y18EA";"Pavilion g6-1392ea Notebook PC";"Main";556
"K55VD-SX019V";"K55VD-SX019V";"Main";913
"B5D90EA";"Pavilion g6-2082sa Notebook PC";"Main";83
"PSK6DE-008001EN";"Satellite L775-11U";"Main";747
"PSK3WE-01L00QHU";"Satellite L775-10X";"Main";347
"PSK3WE-00L00RN5";"Satellite L770-118";"Main";362
"PSK6DE-005001EN";"Satellite L770-10M";"Main";483
"NUK2LFI";"ThinkPad T410s";"Main";132
"PLL62E-00X00PGR";"Toshiba NB520-11P";"Main";130
"PLL62E-01E00PGR";"Toshiba NB520-125";"Main";55
"PLL72E-00R011GR";"Toshiba NB510-108";"Main";259
"PLL72E-01Q00YEP";"Toshiba NB510-117";"Main";911
"B3W47EA";"Pavilion dv7-7064sa Entertainment Notebook PC";"Main";7
"NUJ72FI";"ThinkPad T410s";"Main";163
"B4C55EA";"Pavilion g6-1339sa Notebook PC";"Main";558
"B2Y54EA";"Pavilion g6-1335sa Notebook PC";"Main";904
"A8W74EA";"Pavilion g6-1381sa Notebook PC";"Main";941
"B6Q04EA#BCM";"ProBook 6570b Notebook PC";"Main";345
"B6P93EA";"EliteBook 8470p Notebook PC";"Main";247
"A6D89EA#AKD";"ProBook 4330s Notebook PC";"Main";413
"PSK0CE-01700YTE";"Satellite L730-10J";"Main";899
"PSK73E-003003CZ";"Satellite L730-106";"Main";713
"PSK6DE-007001EN";"Satellite L775-11G";"Main";249
"PSK2YE-00H00KGR";"Satellite L750-104";"Main";317
"B5D88EA";"Pavilion g6-2080sa Notebook PC";"Main";483
"B6P92EA";"EliteBook 8470p Notebook PC";"Main";922
"PSBY3E-00U00NGR";"Satellite P770-108";"Main";404
"PSBY3E-01400HEN";"Satellite P770-109";"Main";799
"PSK0CE-01N00LFR";"Satellite L735-10D";"Main";556
"PSK0CE-01600GSK";"Satellite L735-10M";"Main";122
"LG732EA#ABE";"EliteBook 8560p Notebook PC";"Main";793
"B4D17EA";"Pavilion dv6-7051sa Entertainment Notebook PC";"Main";649
"B1S21EA";"Pavilion g6-2014sa Notebook PC";"Main";635
"B1L29EA";"Pavilion g7-2050sa Notebook PC";"Main";978
"B4N57EA";"Pavilion g6-1332sa Notebook PC";"Main";888
"A9Y02EA";"Pavilion dm1-4126sa Entertainment Notebook PC";"Main";35
"B1S87EA";"Pavilion dv6-7053ea Entertainment Notebook PC";"Main";383
"B1Z97EA#ABU";"Pavilion g6-1311ea Notebook PC";"Main";998
"PSKACE-00W00SEN";"Satellite L855-118";"Main";16
"PSPKBE-02501RMD";"Satellite P850-138";"Main";511
"PSPKBE-02301RMD";"Satellite P850-12X";"Main";843
"B6Q58EA";"Pavilion g6-2009sz Notebook PC";"Main";495
"B6H92EA#ABU";"Pavilion m6-1002sa Entertainment Notebook PC";"Main";55
"B6J19EA#ABU";"Pavilion m6-1055sa Entertainment Notebook PC";"Main";845
"B1Y18EA#ABU";"Pavilion g6-1392ea Notebook PC";"Main";651
"B6J99EA#ABU";"Compaq Presario CQ58-153SA Notebook PC";"Main";512
"B4D36EA";"Pavilion g6-2007sz Notebook PC";"Main";260
"B6L04EA#ABU";"Pavilion dv7-7102ea Entertainment Notebook PC";"Main";864
"B2Y38EA";"Pavilion g6-1312sa Notebook PC";"Main";734
"B1W42EA";"Pavilion g6-1306ea Notebook PC";"Main";741
"B3R17EA#ABU";"Pavilion g6-2151sa Notebook PC";"Main";463
"B4H13EA";"Pavilion g6-2027sa Notebook PC";"Main";792
"PSKA8E-004003EN";"Satellite L855-11F";"Main";436
"B3N36EA";"Pavilion dv6-7063ea Entertainment Notebook PC";"Main";908
"PSPLBE-01T00FEN";"Satellite P875-102";"Main";966
"PSPKBE-042008EN";"Satellite P855-307";"Main";123
"B4H20EA";"Pavilion g6-2030sa Notebook PC";"Main";199
"B3N37EA";"Pavilion dv6-7063sa Entertainment Notebook PC";"Main";763
"PSC8AE-00E002EN";"Satellite C870-11J";"Main";789
"B4H09EA";"Pavilion g6-2025sa Notebook PC";"Main";740
"PSKDGE-00X004EN";"Satellite L850-166";"Main";890
"B3W33EA";"Pavilion dv7-7062sa Entertainment Notebook PC";"Main";126
"B5V79AW";"ProBook 6570b Notebook PC";"Main";101
"LG669EA#ABY";"EliteBook 2560p Notebook PC";"Main";263
"B6P97EA";"EliteBook 8470p Notebook PC";"Main";607
"B6P83EA";"ProBook 6570b Notebook PC";"Main";392
"B9E57EA#ABU";"Pavilion g6-2165sa Notebook PC";"Main";512
"B9E56EA#ABU";"Pavilion g6-2164sa Notebook PC";"Main";591
"B1M44EA";"Pavilion dm1-4175sa Entertainment Notebook PC";"Main";712
"B9E59EA#ABU";"Pavilion g6-2167sa Notebook PC";"Main";828
"NV8PEMD";"ThinkPad T420s";"Main";302
"B9E58EA#ABU";"Pavilion g6-2166sa Notebook PC";"Main";36
"B9E55EA#ABU";"Pavilion g6-2163sa Notebook PC";"Main";518
"B9E54EA#ABU";"Pavilion g6-2162sa Notebook PC";"Main";870
"LY532EA#ABN";"EliteBook 8760w Mobile Workstation";"Main";658
"LY534EA#ABN";"EliteBook 8760w Mobile Workstation";"Main";585
"LG660EA#AB9";"EliteBook 8560w Mobile Workstation";"Main";163
"LY536EA#ABN";"EliteBook 8560w Mobile Workstation";"Main";506
"LY537EA#ABN";"EliteBook 8760w Mobile Workstation";"Main";173
"B6P84EA";"ProBook 6570b Notebook PC";"Main";484
"B4N58EA";"Pavilion g6-1338sa Notebook PC";"Main";86
"NV8PEMS";"ThinkPad T420s";"Main";637
"PSK36E-05L003GR";"Satellite L750D-1FD";"Main";478
"B1L39EA";"Pavilion g7-2020ez Notebook PC";"Main";956
"NW4PFMS";"ThinkPad T420";"Main";416
"B3K93EA";"Pavilion dv6-7053sa Entertainment Notebook PC";"Main";899
"QC383AW#AKD?NZ222AA#ABB";"ProBook 6465b Notebook PC";"Main";881
"PSPLXE-01Q003EN";"Qosmio X870-11R";"Main";403
"B4N59EA";"Pavilion g6-1352sa Notebook PC";"Main";409
"18307";"GXT 25 Gaming Mouse";"Main";776
"NV8PEAT";"ThinkPad T420s";"Main";912
"NZA2DFR";"X230";"Main";554
"QC383AW#AKD?VB041AA#ABB";"ProBook 6465b Notebook PC";"Main";712
"B6P70EA#ABE";"ProBook 6470b Notebook PC";"Main";980
"PSK1WE-028009EN";"Satellite L755-15T";"Main";550
"NYT4XMD";"ThinkPad L420";"Main";797
"B4N62EA";"Pavilion g6-1313sa Notebook PC";"Main";107
"NYY33MD";"ThinkPad L520";"Main";508
"B6P85EA";"ProBook 6570b Notebook PC";"Main";439
"B9E60EA#ABU";"Pavilion g6-2168sa Notebook PC";"Main";230
"B5W73AW";"EliteBook 8470p Notebook PC (ENERGY STAR)";"Main";66
"B6P89EA";"ProBook 6570b Notebook PC";"Main";294
"B9E61EA#ABU";"Pavilion g6-2169sa Notebook PC";"Main";647
"LG668EA#ABY";"EliteBook 2560p Notebook PC";"Main";521
"B1W43EA";"Pavilion g6-1307ea Notebook PC";"Main";164
"B1J53EA";"Pavilion g6-1301sa Notebook PC";"Main";414
"B9L80EA#ABU";"Pavilion g6-2186sa Notebook PC";"Main";701
"B9E65EA#ABU";"Pavilion g6-2173sa Notebook PC";"Main";502
"B9E64EA#ABU";"Pavilion g6-2172sa Notebook PC";"Main";746
"B6Q04EA";"ProBook 6570b Notebook PC";"Main";839
"B9E63EA#ABU";"Pavilion g6-2171sa Notebook PC";"Main";767
"DS-700D";"DSmobile 700D";"Main";66
"B6P96EA";"EliteBook 8470p Notebook PC";"Main";204
"B6N83EA#ABF";"ProBook 4540s Notebook PC";"Main";440
"B9L81EA#ABU";"Pavilion g6-2187sa Notebook PC";"Main";297
"NY44YGE";"ThinkPad W520";"Main";15
"B9E62EA#ABU";"Pavilion g6-2170sa Notebook PC";"Main";633
"B3R24EA#ABU";"Pavilion g6-2154sa Notebook PC";"Main";136
"B3Q65EA#ABU";"Pavilion dm1-4200sa Entertainment Notebook PC";"Main";451
"LQ583AW#8GB";"ProBook 6560b Notebook PC";"Main";11
"B6P80EA#ABH";"ProBook 6570b Notebook PC";"Main";983
"B6P82EA#ABH";"ProBook 6570b Notebook PC";"Main";651
"B6P81EA#ABH";"ProBook 6570b Notebook PC";"Main";152
"B6M75EA";"ProBook 4540s Notebook PC";"Main";664
"B5W80AW#ABH";"ProBook 6470b Notebook PC";"Main";284
"B5W83AW#ABH";"ProBook 6470b Notebook PC";"Main";125
"B3N30EA";"Pavilion dv6-7054sa Entertainment Notebook PC";"Main";248
"B5V79AW#ABH";"ProBook 6570b Notebook PC";"Main";158
"B5V82AW#ABH";"ProBook 6570b Notebook PC";"Main";450
"B6W53EA";"ENVY Sleekbook 6-1006sa";"Main";913
"B6M75EA#ABU";"ProBook 4540s Notebook PC";"Main";753
"B6K60EA";"Pavilion dv6-7104ea Entertainment Notebook PC";"Main";565
"B3Y06EA";"Pavilion g6-1339ea Notebook PC";"Main";1
"B1U74EA";"Pavilion g6-2042sa Notebook PC";"Main";467
"B6G96EA";"Pavilion g6-1367sa Notebook PC";"Main";615
"B6J17EA#ABU";"Pavilion m6-1054sa Entertainment Notebook PC";"Main";851
"B4N59EA#ABU";"Pavilion g6-1352sa Notebook PC";"Main";775
"B3Z95EA#ABU";"Pavilion m6-1050sa Entertainment Notebook PC";"Main";985
"B3Z61EA#ABU";"Compaq Presario CQ58-100SA Notebook PC";"Main";23
"NF5DEMD";"ThinkPad R61, 160GB, 2GB, 15.4 in WSXGA+ BT, Intel Wireless WiFi Link 4965 AGN, Multiburner, Bluetooth, Fingerprint, 6 Cell";"Main";123
"B3R83EA#ABU";"Pavilion g7-2150sa Notebook PC";"Main";931
"B3Y74EA#ABU";"ENVY Spectre XT Ultrabook 13-2000ea";"Main";834
"B0X72EA#ABZ";"ProBook 4530s Notebook PC";"Main";400
"B0X44EA#ABZ";"ProBook 4530s Notebook PC";"Main";868
"B3Y15EA#ABU";"ENVY Ultrabook 4-1020ea";"Main";99
"NY55DUK";"ThinkPad W520";"Main";359
"B6P88EA#ABH";"ProBook 6570b Notebook PC";"Main";221
"NY55CUK";"ThinkPad W520";"Main";761
"B6P84EA#ABH";"ProBook 6570b Notebook PC";"Main";178
"B6P85EA#ABH";"ProBook 6570b Notebook PC";"Main";381
"B4N67EA";"Pavilion g6-1316sa Notebook PC";"Main";111
"NYZ4KMD";"ThinkPad L520";"Main";785
"B8F31EA#ABU";"ENVY Ultrabook 4-1000sa";"Main";975
"B4H18EA#ABU";"Pavilion g6-2029sa Notebook PC";"Main";602
"B6W93EA#ABU";"Pavilion g6-2103sa Notebook PC";"Main";373
"B6K60EA#ABU";"Pavilion dv6-7104ea Entertainment Notebook PC";"Main";50
"NYS5CMD";"ThinkPad L420";"Main";884
"B6W51EA#ABU";"ENVY Sleekbook 6-1005sa";"Main";703
"B6L07EA#ABU";"Pavilion dv7-7104ea Entertainment Notebook PC";"Main";343
"NY45CAT";"ThinkPad W520";"Main";163
"NY45BGE";"ThinkPad W520";"Main";855
"B7R69EA";"Pavilion g6-2182sa Notebook PC";"Main";512
"B7G37EA";"Pavilion g6-2177sa Notebook PC";"Main";332
"B6G95EA";"Pavilion g6-1366sa Notebook PC";"Main";163
"LG741ET#UUG";"EliteBook 8460p Notebook PC";"Main";545
"B6W96EA";"Pavilion g6-2126sa Notebook PC";"Main";365
"B6J37EA";"Pavilion m6-1076sa Entertainment Notebook PC";"Main";620
"B6K40EA";"Pavilion g7-2175sa Notebook PC";"Main";30
"NY55CAT";"ThinkPad W520";"Main";573
"NY55CGE";"ThinkPad W520";"Main";29
"NY45BAT";"ThinkPad W520";"Main";131
"NY45BUK";"ThinkPad W520";"Main";333
"NY45CGE";"ThinkPad W520";"Main";33
"NY45CUK";"ThinkPad W520";"Main";272
"LY537EA#ABY";"EliteBook 8760w Mobile Workstation";"Main";303
"LY536EA#ABY";"EliteBook 8560w Mobile Workstation";"Main";124
"LQ166AW#ABE";"EliteBook 8460p Notebook PC (ENERGY STAR)";"Main";644
"LY488EA#UUW";"ProBook 4535s Notebook PC";"Main";719
"K55VD-SX160V";"K55VD-SX160V";"Main";285
"LG732EA#AB9";"EliteBook 8560p Notebook PC";"Main";488
"NY45BMS";"ThinkPad W520";"Main";411
"B7G38EA";"Pavilion g6-2178sa Notebook PC";"Main";845
"PSK1WE-0CE009EN";"Satellite L750-1DM";"Main";59
"B6J45EA";"Pavilion g6-1394sa Notebook PC";"Main";32
"PSPKBE-04N008EN";"Satellite P855-30G";"Main";781
"B3Z86EA";"Compaq Presario CQ58-125SA Notebook PC";"Main";206
"PSKC8E-053005EN";"Satellite C850-132";"Main";167
"NY55DGE";"ThinkPad W520";"Main";874
"B7G26EA";"Pavilion g6-2181sa Notebook PC";"Main";762
"PSKC8E-02N005EN";"Satellite C850-12M";"Main";488
"B7G39EA";"Pavilion g6-2179sa Notebook PC";"Main";963
"PSKBGE-00F004EN";"Satellite L870-136";"Main";699
"B7G25EA";"Pavilion g6-2176sa Notebook PC";"Main";696
"PSKBGE-005004EN";"Satellite L870-11J";"Main";325
"NY55DAT";"ThinkPad W520";"Main";215
"PSKC8E-001005EN";"Satellite C850-101";"Main";996
"NY55DMS";"ThinkPad W520";"Main";288
"B7R68EA";"Pavilion g6-2180sa Notebook PC";"Main";799
"PSKC8E-00C005EN";"Satellite C850-10C";"Main";707
"NY55CMS";"ThinkPad W520";"Main";968
"B6J36EA";"Pavilion m6-1074sa Entertainment Notebook PC";"Main";997
"PSKC8E-009005EN";"Satellite C850-108";"Main";722
"NY45CMS";"ThinkPad W520";"Main";323
"WZ252UT#ABA";"ProBook 4520s Notebook PC (ENERGY STAR)";"Main";952
"B1K93EA";"Pavilion g6-2007ez Notebook PC";"Main";622
"WZ244UA#ABA";"ProBook 6555b Notebook PC (ENERGY STAR)";"Main";985
"WZ235UA#ABA";"ProBook 6455b Notebook PC (ENERGY STAR)";"Main";160
"LG660EA#8GB";"EliteBook 8560w Mobile Workstation";"Main";702
"WZ231UA#ABA";"ProBook 6450b Notebook PC (ENERGY STAR)";"Main";725
"B6L33EA";"Compaq Presario CQ58-124SZ Notebook PC";"Main";312
"WZ230UA#ABA";"ProBook 6450b Notebook PC (ENERGY STAR)";"Main";890
"C0H85EA";"Pavilion g6-2148ea Notebook PC";"Main";154
"B9R21EA";"Pavilion g7-2152ea Notebook PC";"Main";855
"NYS5RMD";"ThinkPad L420";"Main";863
"NYT34MD";"ThinkPad L420";"Main";614
"A8S58EA";"Pavilion g6-1347sa Notebook PC";"Main";434
"LY455ET#ABU";"EliteBook 2560p Notebook PC";"Main";280
"M694BUK";"Lenovo IdeaPad U400";"Main";803
"C08-402-001";"USB Keyboard ES";"Main";845
"B2Y37EA";"Pavilion g6-1312ea Notebook PC";"Main";962
"C08-460-001";"USB Keyboard US";"Main";474
"C08-284-001";"Optical Wireless 5-Button Desktop Mouse";"Main";980
"C08-278-001";"Easy Mouse";"Main";93
"LG745EA#8GB";"EliteBook 8460p Notebook PC";"Main";476
"B1P44EA";"Pavilion g7-2052sa Notebook PC";"Main";762
"NYY5QMD";"ThinkPad L520";"Main";120
"C05-501-001";"Numeric Keypad";"Main";288
"B1U13EA";"Pavilion dm1-4175ea Entertainment Notebook PC";"Main";845
"B1U31EA";"Pavilion dm1-4152ea Entertainment Notebook PC";"Main";902
"C0H84EA";"Pavilion g6-2141ea Notebook PC";"Main";318
"PSC0QE-05H00CEN";"Satellite C660-26Z";"Main";182
"PSC1LE-00V005EN";"Satellite C660-1U4";"Main";938
"B4H21EA";"Pavilion g6-2033ea Notebook PC";"Main";417
"PSBY3E-02J00HEN";"Satellite P775-112";"Main";604
"LY518EA#AK8";"EliteBook 8460p Notebook PC (ENERGY STAR)";"Main";15
"PSBY3E-02H00HEN";"Satellite P770-11G";"Main";279
"QY449AT#ABZ";"Wireless Keyboard and Mouse";"Main";741
"B3W46EA";"Pavilion dv7-7064ea Entertainment Notebook PC";"Main";733
"LY537EA#AK8";"EliteBook 8760w Mobile Workstation";"Main";806
"LY536EA#AK8";"EliteBook 8560w Mobile Workstation";"Main";696
"A8M36EA";"Pavilion g6-1309sa Notebook PC";"Main";34
"A9J22EA";"Pavilion g6-1337ea Notebook PC";"Main";52
"B1R22EA";"Pavilion g6-1306sa Notebook PC";"Main";682
"UX31A-R4004V";"ZENBOOK UX31A-R4004V";"Main";65
"LG668EA#AKC";"EliteBook 2560p Notebook PC";"Main";963
"B1Y19EA";"Pavilion g6-1392sa Notebook PC";"Main";982
"LY536EA#AKD";"EliteBook 8560w Mobile Workstation";"Main";643
"B5U23AW";"ProBook 6475b Notebook PC";"Main";522
"B6P94EA";"EliteBook 8470p Notebook PC";"Main";545
"A1E86EA";"ProBook 4535s Notebook PC";"Main";933
"IPICS2GO";"iPics2Go";"Main";532
"PSBY3E-01P011G3";"Satellite P775-10V";"Main";590
"PSBY3E-013018GR";"Satellite P775-10J";"Main";672
"A6M72AW#ABN";"EliteBook 8760w Mobile Workstation";"Main";69
"PLL50E-00V012EN";"Toshiba NB500-10L";"Main";360
"PSC0QE-05M00CEN";"Satellite C660-28D";"Main";893
"PSC1LE-02G005EN";"Satellite C660-258";"Main";584
"PQF75E-036008EN";"Qosmio F750-11V";"Main";516
"PSAY3E-03D00RPL";"Satellite P750-11G";"Main";937
"PSAY3E-01800YN5";"Satellite P750-10R";"Main";408
"PSC0QE-04X00CEN";"Satellite C660-21Z";"Main";454
"PSAY3E-00S00RPL";"Satellite P750-109";"Main";902
"PSBY3E-00X011G3";"Satellite P775-10G";"Main";211
"PLL52E-03200SEN";"Toshiba NB520-120";"Main";95
"PLL5FE-01V008EN";"Toshiba NB550D-10U";"Main";778
"PLL5FE-01U008EN";"Toshiba NB550D-10T";"Main";64
"PSK3TE-00500CPL";"Satellite Pro L770-112";"Main";287
"B0X72EA";"ProBook 4530s Notebook PC";"Main";49
"B6P75EA";"ProBook 6475b Notebook PC";"Main";643
"LY537EA";"EliteBook 8760w Mobile Workstation";"Main";857
"A8J41EA#ABU";"Pavilion dm4-3003sa Beats Edition Entertainment Notebook PC";"Main";373
"B6P68EA";"ProBook 6470b Notebook PC";"Main";540
"LY536EA";"EliteBook 8560w Mobile Workstation";"Main";154
"PSAY3E-01U015A3";"Satellite P755-10C";"Main";993
"PSAY3E-02C002EN";"Satellite P755-114";"Main";595
"PSK3XE-002007GR";"Satellite Pro L770-109";"Main";792
"PSAY3E-03H00TS4";"Satellite P755-11H";"Main";570
"PSAW3E-12603HEN";"Satellite A660-1H7";"Main";40
"PSC1LE-04F005EN";"Satellite C660-2F2";"Main";767
"PLL5FE-00M008EN";"Toshiba NB550D-10G";"Main";201
"B6G86EA";"Pavilion g7-2016sz Notebook PC";"Main";723
"PSC1LE-03R005EN";"Satellite C660-2E3";"Main";273
"PLL52E-00F00SEN";"Toshiba NB520-109";"Main";942
"PSC1LE-03Q005EN";"Satellite C660-2E2";"Main";516
"PLL52E-01800SEN";"Toshiba NB520-10H";"Main";521
"PSC1LE-03P005EN";"Satellite C660-2E1";"Main";7
"PLL50E-005012EN";"Toshiba NB500-10M";"Main";798
"PSC1LE-03N005EN";"Satellite C660-2DV";"Main";729
"B6P78EA#ABN";"ProBook 6570b Notebook PC";"Main";218
"PSC0QE-06403DEN";"Satellite C660-2EL";"Main";808
"PSC0QE-05Q03DEN";"Satellite C660-2D7";"Main";766
"B1Z98EA#ABU";"Pavilion g6-1311sa Notebook PC";"Main";152
"B6P70EA";"ProBook 6470b Notebook PC";"Main";351
"B6P76EA";"ProBook 6475b Notebook PC";"Main";897
"B6P78EA";"ProBook 6570b Notebook PC";"Main";913
"B3W25EA";"Pavilion dv7-7037sz Entertainment Notebook PC";"Main";810
"B1K24EA";"Pavilion dv7-7035ez Entertainment Notebook PC";"Main";710
"PSK3SE-014002EN";"Satellite L775-14E";"Main";925
"B3W28EA";"Pavilion dv7-7057sz Entertainment Notebook PC";"Main";599
"PSK3SE-015002EN";"Satellite L775-148";"Main";387
"A8J33EA";"Pavilion dm4-3098ez Beats Edition Entertainment Notebook PC";"Main";442
"PSC1YE-01W008EN";"Satellite C660D-1C6";"Main";596
"B3W37EA";"Pavilion dv7-7035sz Entertainment Notebook PC";"Main";643
"PT32LE-01400CEN";"Satellite R830-181";"Main";884
"PSC1YE-02H008EN";"Satellite C660D-1EP";"Main";108
"A5H49AV";"ProBook 6470b Base Model Notebook PC";"Main";186
"B4E02EA";"Pavilion g7-2004sz Notebook PC";"Main";769
"PSC3UE-016009EN";"Satellite C670-15F";"Main";248
"PQF75E-00W008EN";"Qosmio F750-10Q";"Main";396
"B1K35EA";"Pavilion dv7-7070ez Entertainment Notebook PC";"Main";48
"PT32LE-01500CEN";"Satellite R830-182";"Main";176
"B1J76EA#AK8";"EliteBook 8460p Notebook PC";"Main";351
"A6M72AW#ABU";"EliteBook 8760w Mobile Workstation";"Main";76
"PSK1WE-0CH009EN";"Satellite L750-1DQ";"Main";639
"B0X53EA#BCM";"ProBook 4730s Notebook PC";"Main";829
"PSK1WE-0C9009EN";"Satellite L750-1DJ";"Main";9
"PSK6ME-01L004EN";"Satellite L750-1EK";"Main";199
"PSK1WE-09E009EN";"Satellite L750-16J";"Main";818
"PSK2YE-0EL014EN";"Satellite L750-171";"Main";494
"PSK1WE-0D6009EN";"Satellite L750-16X";"Main";550
"L2708A#BEA";"Scanjet Enterprise 7000nx Document Capture Workstation";"Main";747
"LX.V5403.180";"5760-2352G32MTsk";"Main";451
"PT310E-0G902KEN";"Portégé R700-1F4";"Main";64
"WF723A#B1K";"Virtual Rooms (up to 15 people in one meeting) License";"Main";840
"LY538EA#ABU";"EliteBook 8760w Mobile Workstation";"Main";671
"PSK1WE-0C7009EN";"Satellite L750-18R";"Main";202
"PSC0LE-03E00JEN";"Satellite C660-187";"Main";659
"PSC0LE-00400JEN";"Satellite C660-13R";"Main";30
"PSC0LE-03F00JEN";"Satellite C660-17E";"Main";227
"PSK1WE-0CL009EN";"Satellite L750-1DU";"Main";963
"PSK1WE-0D0009EN";"Satellite L750-1E5";"Main";533
"A3Z20AV";"ProBook 6475b Base Model Notebook PC";"Main";697
"PSC0LE-01U00JEN";"Satellite C660-18C";"Main";81
"PSC0LE-03000JEN";"Satellite C660-1J6";"Main";17
"PSK1WE-0CJ009EN";"Satellite L750-1DR";"Main";378
"PSC0QE-02F023EN";"Satellite C660-1F1";"Main";58
"PSK2YE-0K5014EN";"Satellite L755-1GJ";"Main";771
"PSC0QE-02800CEN";"Satellite C660-1D7";"Main";203
"PSC0QE-02M00CEN";"Satellite C660-1G3";"Main";45
"PSC0QE-01P00CEN";"Satellite C660-184";"Main";276
"JG075B";"A-U200-S 1-year Anti-Spam Service License";"Main";13
"PT42FE-02W00YEN";"Tecra R840-17Q";"Main";788
"B1M18EA";"Pavilion dv7-7051ea Entertainment Notebook PC";"Main";196
"B4Y77AV";"ProBook 4540s Base Model Notebook PC";"Main";377
"PSK32E-02L006EN";"Satellite L750D-14E";"Main";587
"PSC0UE-02N00KEN";"Satellite C660D-153";"Main";795
"PSK32E-02M006EN";"Satellite L750D-14F";"Main";27
"PSK4YE-01H00HEN";"Satellite L750D-14R";"Main";268
"PSC0UE-00400KEN";"Satellite C660D-10D";"Main";431
"PSK4YE-01K00HEN";"Satellite L750D-14U";"Main";373
"PSK4YE-01D00HEN";"Satellite L750D-14M";"Main";884
"PSK4YE-01G00HEN";"Satellite L750D-14Q";"Main";163
"B0Y46EA#UUW";"ProBook 4340s Notebook PC";"Main";676
"PSK4YE-01M00HEN";"Satellite L750D-14H";"Main";887
"PSK4YE-01Q00HEN";"Satellite L750D-14L";"Main";679
"LG668EA#AK8";"EliteBook 2560p Notebook PC";"Main";189
"LG669EA#AK8";"EliteBook 2560p Notebook PC";"Main";509
"PSC0UE-02G00KEN";"Satellite C660D-14W";"Main";253
"PSC0UE-02P00KEN";"Satellite C660D-154";"Main";161
"PSK08E-08900HEN";"Satellite L735-13W";"Main";352
"PSC0UE-02K00KEN";"Satellite C660D-151";"Main";708
"PSC0UE-02L00KEN";"Satellite C660D-150";"Main";719
"PSK1EE-07600REN";"Satellite L650-1MC";"Main";747
"LY518EA#ABU";"EliteBook 8460p Notebook PC (ENERGY STAR)";"Main";520
"PSK1WE-00K00HGR";"Satellite L755-10C";"Main";169
"PSK6ME-00C008PL";"Satellite L750-10N";"Main";262
"PSK1WE-00M00HGR";"Satellite L750-102";"Main";39
"PSBY5E-00Q011G3";"Qosmio X770-10N";"Main";16
"PSK3WE-00C00CGR";"Satellite L775-109";"Main";278
"PSKDGE-010004EN";"Satellite L850-161";"Main";924
"PSK6HE-002002G3";"Satellite L775-11C";"Main";52
"PSKDGE-011004EN";"Satellite L850-162";"Main";913
"PSK3SE-007002EN";"Satellite L775-11E";"Main";949
"PSKC8E-056005EN";"Satellite C855-17Z";"Main";966
"PSC8AE-00C002EN";"Satellite C870-11G";"Main";242
"A6F37EA#UUZ";"ProBook 4535s Notebook PC";"Main";830
"PSKC8E-05L005EN";"Satellite C855-17R";"Main";292
"PSKC8E-055005EN";"Satellite C855-17X";"Main";804
"PSKC8E-05H005EN";"Satellite C855-17N";"Main";679
"A6E06EA#UUZ";"ProBook 4530s Notebook PC";"Main";674
"PSKC8E-05K005EN";"Satellite C855-17Q";"Main";239
"B1R13EA#ABU";"Pavilion g6-1305sa Notebook PC";"Main";177
"PSKACE-01J018EN";"Satellite L855-11P";"Main";97
"B1S18EA#ABU";"Pavilion g6-2011sa Notebook PC";"Main";900
"PSKACE-01J00SEN";"Satellite L855-11P";"Main";937
"B1R11EA#ABU";"Pavilion g6-1303sa Notebook PC";"Main";667
"A1L16AV";"EliteBook 8570p Base Model Notebook PC";"Main";553
"A1L15AV";"EliteBook 8570p Base Model Notebook PC";"Main";904
"PSK1SE-05Q00PEN";"Satellite L650D-173";"Main";363
"PT31LE-00V00JG3";"Satellite R630-13U";"Main";861
"PT31LE-01E00JG3";"Satellite R630-14T";"Main";371
"PSK3AE-07T00REN";"Satellite L670-1HZ";"Main";216
"PSK3AE-05D00REN";"Satellite L670-1H1";"Main";560
"PSK3AE-07U00REN";"Satellite L670-1J0";"Main";340
"PSK3AE-09J00REN";"Satellite L670-1J8";"Main";781
"PQF65E-05X01DG3";"Qosmio F60-15D";"Main";748
"PSK3JE-05L00JEN";"Satellite L670D-146";"Main";114
"PT31LE-01300KG3";"Satellite R630-144";"Main";902
"PSK3EE-07X00LEN";"Satellite L670-1KN";"Main";371
"PSAY3E-00K00GEP";"Satellite P755-103";"Main";332
"K55VM-SX031V";"K55VM-SX031V";"Main";38
"PSBY3E-001002GR";"Satellite P775-100";"Main";366
"B6M23EA";"ProBook 4740s Notebook PC";"Main";117
"PSAY3E-00L00YN5";"Satellite P750-103";"Main";413
"PSAY3E-01Y00KGR";"Satellite P750-10Q";"Main";803
"B0Y64EA";"ProBook 4540s Notebook PC";"Main";286
"B4H22EA#ABU";"Pavilion g6-2033sa Notebook PC";"Main";317
"PSKBLE-003005EN";"Satellite L875-10G";"Main";79
"PSK2YE-00M015GR";"Satellite L755-10D";"Main";680
"B4H20EA#ABU";"Pavilion g6-2030sa Notebook PC";"Main";250
"PSKBLE-003013EN";"Satellite L875-10G";"Main";921
"PSBY3E-01500HEN";"Satellite P775-10K";"Main";92
"B4N62EA#ABU";"Pavilion g6-1313sa Notebook PC";"Main";382
"PSPKBE-025008EN";"Satellite P850-138";"Main";940
"B4N57EA#ABU";"Pavilion g6-1332sa Notebook PC";"Main";221
"B0X53EA#UUZ";"ProBook 4730s Notebook PC";"Main";375
"B0X55EA#UUZ";"ProBook 4730s Notebook PC";"Main";333
"PSK1EE-0CT00REN";"Satellite L650-1PW";"Main";305
"PSK1EE-09S00REN";"Satellite L650-1MV";"Main";576
"PSK00E-0GN019EN";"Satellite L630-16L";"Main";632
"PSK00E-0GM019EN";"Satellite L630-16K";"Main";885
"PSK1JE-0EU00TEN";"Satellite L650-1MX";"Main";985
"PSK1JE-0HU00TEN";"Satellite L650-1PQ";"Main";773
"PSK1NE-03H00MEN";"Satellite L655D-14H";"Main";374
"PT31LE-01T00CEN";"Satellite R630-156";"Main";941
"PT31LE-01J00CEN";"Satellite R630-14R";"Main";154
"PT31LE-01Q00CEN";"Satellite R630-155";"Main";379
"A8W74EA#ABU";"Pavilion g6-1381sa Notebook PC";"Main";77
"A8S58EA#ABU";"Pavilion g6-1347sa Notebook PC";"Main";431
"B0X53EA";"ProBook 4730s Notebook PC";"Main";307
"B1Y17EA#ABU";"Pavilion g6-1391sa Notebook PC";"Main";159
"A6D88EA";"ProBook 4330s Notebook PC";"Main";521
"A8M36EA#ABU";"Pavilion g6-1309sa Notebook PC";"Main";157
"A8J72EA#ABU";"Pavilion g6-1369sa Notebook PC";"Main";787
"LG658EA#ABZ";"ProBook 6560b Notebook PC";"Main";983
"B1Y19EA#ABU";"Pavilion g6-1392sa Notebook PC";"Main";772
"N1K2EUK";"ThinkPad W530";"Main";632
"VG-KBD1500/XC";"VG-KBD1500";"Main";716
"B6J22EA";"Pavilion m6-1075sa Entertainment Notebook PC";"Main";688
"LY450EA";"ProBook 6465b Notebook PC";"Main";750
"B6J35EA";"Pavilion m6-1073ea Entertainment Notebook PC";"Main";498
"LY531EA";"EliteBook 8760w Mobile Workstation";"Main";704
"LY538EA";"EliteBook 8760w Mobile Workstation";"Main";484
"B3R83EA";"Pavilion g7-2150sa Notebook PC";"Main";530
"B8R86EA";"Pavilion g7-2152sa Notebook PC";"Main";281
"B1L84EA";"Pavilion g6-2052sa Notebook PC";"Main";89
"N1K2EMS";"ThinkPad W530";"Main";925
"N1E2VMS";"ThinkPad T530";"Main";910
"LQ583AW#ABE";"ProBook 6560b Notebook PC";"Main";849
"A9W37EA";"Pavilion g6-1304ez Notebook PC";"Main";363
"B0X55EA#BCM";"ProBook 4730s Notebook PC";"Main";619
"PSPGSE-26202HEN";"Satellite P500-1JF";"Main";296
"LG660EA#AKC";"EliteBook 8560w Mobile Workstation";"Main";309
"AMP20EU";"Green Laser Professional Presenter";"Main";352
"PSPGSE-26302HEN";"Satellite P500-1JE";"Main";354
"PSK1KE-043014EN";"Satellite Pro L650-1QH";"Main";461
"LG669EA#ABU";"EliteBook 2560p Notebook PC";"Main";347
"A1C68AV";"ProBook 4540s Base Model Notebook PC";"Main";197
"A5S86AV";"ProBook 4540s Base Model Notebook PC";"Main";707
"A5S18AV";"ProBook 4740s Base Model Notebook PC";"Main";439
"A5S82AV";"ProBook 4540s Base Model Notebook PC";"Main";762
"A5S17AV";"ProBook 4740s Base Model Notebook PC";"Main";540
"B1J45EA";"Pavilion g6-1302ez Notebook PC";"Main";598
"PSPLXE-01P003EN";"Qosmio X870-11Q";"Main";555
"PSKACE-00X018EN";"Satellite L855-10P";"Main";220
"PSKACE-00Q00SEN";"Satellite L855-10W";"Main";817
"PT42KE-00J00EG3";"Satellite R840-125";"Main";625
"NY44YMS";"ThinkPad W520";"Main";524
"NY44YMD";"ThinkPad W520";"Main";620
"NY44YUK";"ThinkPad W520";"Main";671
"NY44YAT";"ThinkPad W520";"Main";750
"A5S20AV";"ProBook 4740s Base Model Notebook PC";"Main";426
"A1J57AV";"ProBook 4540s Base Model Notebook PC";"Main";688
"A5S19AV";"ProBook 4740s Base Model Notebook PC";"Main";570
"LY535EA";"EliteBook 8760w Mobile Workstation";"Main";492
"B5U26AW";"ProBook 6475b Notebook PC";"Main";725
"A5S83AV";"ProBook 4540s Base Model Notebook PC";"Main";240
"A5S84AV";"ProBook 4540s Base Model Notebook PC";"Main";251
"A5S85AV";"ProBook 4540s Base Model Notebook PC";"Main";195
"LG660EA#ABY";"EliteBook 8560w Mobile Workstation";"Main";907
"LG735EA#8GB";"EliteBook 8560p Notebook PC";"Main";750
"LG741EA#6GB";"EliteBook 8460p Notebook PC";"Main";813
"LG743EA#8GB";"EliteBook 8460p Notebook PC";"Main";943
"B1M31EA";"Pavilion dm1-4152sa Entertainment Notebook PC";"Main";84
"LY526EA";"EliteBook 8560w Mobile Workstation";"Main";180
"LY517EA";"EliteBook 8460p Notebook PC (ENERGY STAR)";"Main";628
"LY516EA";"EliteBook 8460p Notebook PC";"Main";684
"B1J76EA";"EliteBook 8460p Notebook PC";"Main";461
"LY508EA";"EliteBook 8460p Notebook PC";"Main";705
"LY424ET";"EliteBook 8460p Notebook PC";"Main";448
"LY518EA";"EliteBook 8460p Notebook PC (ENERGY STAR)";"Main";181
"LG660EA#ABE";"EliteBook 8560w Mobile Workstation";"Main";476
"B1K63EA";"Pavilion dv6-7030ez Entertainment Notebook PC";"Main";676
"B1K61EA";"Pavilion dv6-7050ez Entertainment Notebook PC";"Main";462
"B4D31EA";"Pavilion dv6-7030sz Entertainment Notebook PC";"Main";441
"B3W74EA";"Pavilion dv6-7045sz Entertainment Notebook PC";"Main";108
"B3L02EA";"Pavilion dv6-7045ez Entertainment Notebook PC";"Main";796
"VFY:U7720M2501FR";"U772";"Main";716
"VFY:U7720M2511FR";"U772";"Main";45
"LY452EA";"ProBook 6465b Notebook PC";"Main";509
"A6E24EA";"ProBook 4530s Notebook PC";"Main";11
"UX32VD-R3001V";"ZENBOOK UX32VD-R3001V";"Main";269
"B6W52EA";"ENVY Sleekbook 6-1006ea";"Main";3
"B3Y11EA";"ENVY Ultrabook 4-1010ea";"Main";906
"B3Y15EA";"ENVY Ultrabook 4-1020ea";"Main";89
"B6L07EA";"Pavilion dv7-7104ea Entertainment Notebook PC";"Main";461
"B6J98EA";"Compaq Presario CQ58-152SA Notebook PC";"Main";665
"B3N31EA";"Pavilion dv6-7055sa Entertainment Notebook PC";"Main";253
"B6Q70EA";"Pavilion g6-2001ea Notebook PC";"Main";856
"LY454EA";"ProBook 6465b Notebook PC";"Main";456
"LY521EA";"EliteBook 2560p Notebook PC";"Main";180
"PSAW9E-01F00MGR";"Satellite A665-15M";"Main";844
"PSAW9E-02901TS4";"Satellite A660-1H0";"Main";288
"PQF65E-068019GR";"Qosmio F60-15N";"Main";717
"B3K92EA";"Pavilion dv6-7050sa Entertainment Notebook PC";"Main";696
"59-324808";"Y570";"Main";943
"B5D89EA";"Pavilion g6-2081sa Notebook PC";"Main";780
"NX.V7JEG.001";"43-MG-53214G50Mikk";"Main";282
"LY529EA";"EliteBook 8560w Mobile Workstation";"Main";981
"PSAW9E-01P01MG3";"Satellite A665-168";"Main";91
"LY455EA#AKD?LE877AA#ABB";"EliteBook 2560p Notebook PC";"Main";464
"LY455EA#AKD?ED495AA#ABB";"EliteBook 2560p Notebook PC";"Main";963
"LY428EA#AKD?LE877AA#ABB";"EliteBook 2560p Notebook PC";"Main";212
"LY455EA#AKD?AJ652AA#ABB";"EliteBook 2560p Notebook PC";"Main";709
"LY428EA#AKD?AJ652AA#ABB";"EliteBook 2560p Notebook PC";"Main";678
"LY428EA#AKD?ED495AA#ABB";"EliteBook 2560p Notebook PC";"Main";45
"N1E2UMS";"ThinkPad T530";"Main";398
"B2Y47EA";"Pavilion g6-1334sa Notebook PC";"Main";494
"A9W17EA";"Pavilion g6-1387sa Notebook PC";"Main";647
"B6P82EA";"ProBook 6570b Notebook PC";"Main";576
"AMW5021EU";"AMW5021EU ";"Main";18
"AMW5011EU";"AMW5011EU ";"Main";445
"B6P90EA";"EliteBook 8470p Notebook PC";"Main";353
"PQF75E-03Y01CG3";"Qosmio F750-12D";"Main";927
"B2Y48EA";"Pavilion g6-1336sa Notebook PC";"Main";822
"PQF75E-04R01MGR";"Qosmio F750-11T";"Main";525
"PSBY5E-01X011G3";"Qosmio X770-11D";"Main";423
"B1K25EA";"Pavilion dv7-7050ea Entertainment Notebook PC";"Main";860
"PT320E-09H03GG3";"Portégé R830-189";"Main";125
"B1Z98EA";"Pavilion g6-1311sa Notebook PC";"Main";916
"PQF75E-05Q008EN";"Qosmio F750-12P";"Main";359
"PSC0SE-001004G3";"Satellite C660-12E";"Main";857
"PSC0LE-00300QG3";"Satellite C660-10C";"Main";979
"LY536EA#UUG";"EliteBook 8560w Mobile Workstation";"Main";809
"DOCS2GO";"Docs2GO";"Main";681
"18471";"GXT 35 Wireless Laser Gaming Mouse";"Main";160
"PSC0SE-00200FG3";"Satellite C660-12T";"Main";846
"PSK1SE-060002GR";"Satellite L650D-178";"Main";510
"B6P88EA";"ProBook 6570b Notebook PC";"Main";620
"PSC0NE-001009G3";"Satellite C660-15G";"Main";38
"PSC00E-00P00KAR";"Satellite C640-118";"Main";405
"B0X55EA";"ProBook 4730s Notebook PC";"Main";536
"UX32VD-R4002V";"ZENBOOK UX32VD-R4002V";"Main";67
"A8J72EA";"Pavilion g6-1369sa Notebook PC";"Main";100
"B6Q01EA";"EliteBook 8570p Notebook PC";"Main";112
"A9W18EA";"Pavilion g6-1388sa Notebook PC";"Main";492
"NP530U3B-A02NL";"530U3B-A02NL";"Main";584
"A9W19EA";"Pavilion g6-1347ea Notebook PC";"Main";476
"LG744EA#BH6";"EliteBook 8460p Notebook PC";"Main";659
"LY532EA#ACB";"EliteBook 8760w Mobile Workstation";"Main";992
"NYZ4KAT";"ThinkPad L520";"Main";40
"NYZ4KUK";"ThinkPad L520";"Main";498
"698D799";"W520 Intel 2.6GHZ/3MB 4GB Memoryi 7 processorWin 7 64 bit OS: ENGLISH (US) KB: ENGLISH (UK)";"Main";338
"B6P75EA#AK8";"ProBook 6475b Notebook PC";"Main";668
"PSC0UE-036013GR";"Satellite C660D-16G";"Main";875
"B6P76EA#AK8";"ProBook 6475b Notebook PC";"Main";645
"LG635EA#ABB";"ProBook 6360b Notebook PC";"Main";572
"PSC20E-00F00YG3";"Satellite C660D-17D";"Main";744
"B6P78EA#AK8";"ProBook 6570b Notebook PC";"Main";158
"PSC8AE-00Y002EN";"Satellite C870-134";"Main";582
"B6P70EA#AK8";"ProBook 6470b Notebook PC";"Main";141
"PLL52E-01U00SEN";"Toshiba NB520-10U";"Main";358
"698D804";"ThinkPad W520 i7-2640M processor320GB/7200rpm4GB MemoryNVQuadro1000 Graphics15.6\"HD+ (1600x900)LEDDVD RWBluetooth720p HD Camera 9 Cell BatteryWin 7 Pro 64 Approx. Weight 5.75lb (2.61kg) OS: ENGLISH (US) KB: SWEDISH/FINNISH";"Main";660
"PLL50E-02Y012EN";"Toshiba NB500-11G";"Main";543
"NYS34MD";"ThinkPad L420";"Main";568
"PLL50E-02W012EN";"Toshiba NB500-11E";"Main";812
"PLL50E-02X012EN";"Toshiba NB500-11F";"Main";894
"LG668EA";"EliteBook 2560p Notebook PC";"Main";53
"LW871AW";"EliteBook 8760w Mobile Workstation";"Main";84
"PSAY3E-05W002EN";"Satellite P750-13M";"Main";851
"PSAY3E-07W002EN";"Satellite P750-13L";"Main";18
"B6P68EA#AK8";"ProBook 6470b Notebook PC";"Main";253
"698D803";"ThinkPad W520 i7-2640M processor320GB/7200rpm4GB MemoryNVQuadro1000 Graphics15.6\"HD+ (1600x900)LEDDVD RWBluetooth720p HD Camera 9 Cell BatteryWin 7 Pro 64 Approx. Weight 5.75lb (2.61kg) OS: ENGLISH (US) KB: DANISH";"Main";728
"NYS33MD";"ThinkPad L420";"Main";353
"LQ168AW#ACB";"EliteBook 8460p Notebook PC (ENERGY STAR)";"Main";981
"LW871AW#AKC";"EliteBook 8760w Mobile Workstation";"Main";342
"B1K37EA";"Pavilion dv7-7040ez Entertainment Notebook PC";"Main";40
"B1K41EA";"Pavilion dv7-7037ez Entertainment Notebook PC";"Main";40
"LY528EA#AK8+VB043AA#ABB";"EliteBook 8560w Mobile Workstation";"Main";363
"B1W78EA";"Pavilion dv7-7057ez Entertainment Notebook PC";"Main";602
"B4E01EA";"Pavilion g7-2004ez Notebook PC";"Main";101
"NYZ4KMS";"ThinkPad L520";"Main";331
"B3X71EA";"Pavilion g7-2015sz Notebook PC";"Main";360
"698D823";"ThinkPad W520 i7-2640M processor320GB/7200rpm4GB MemoryNVQuadro1000 Graphics15.6\"HD+ (1600x900)LEDDVD RWBluetooth720p HD Camera 9 Cell BatteryWin 7 Pro 64 Approx. Weight 5.75lb (2.61kg) OS: ENGLISH (US) KB: ENGLISH (US)";"Main";548
"LY527EA#AK8+VB043AA#ABB";"EliteBook 8560w Mobile Workstation";"Main";904
"LY525EA#AK8+VB043AA#ABB";"EliteBook 8560w Mobile Workstation";"Main";443
"LG660EA";"EliteBook 8560w Mobile Workstation";"Main";880
"698D824";"ThinkPad W520 i7-2640M processor320GB/7200rpm4GB MemoryNVQuadro1000 Graphics15.6\"HD+ (1600x900)LEDDVD RWBluetooth720p HD Camera 9 Cell BatteryWin 7 Pro 64 Approx. Weight 5.75lb (2.61kg) OS: ENGLISH (US) KB: ENGLISH (US)";"Main";348
"N1E5XGE";"ThinkPad T530";"Main";76
"LG669EA";"EliteBook 2560p Notebook PC";"Main";809
"LY524EA#AK8+VB043AA#ABB";"EliteBook 8560w Mobile Workstation";"Main";567
"LW871AW#ABY";"EliteBook 8760w Mobile Workstation";"Main";386
"SVE1511F1EW";"SVE1511F1E";"Main";337
"A6M72AW#AK8";"EliteBook 8760w Mobile Workstation";"Main";979
"PSKC8E-04E005EN";"Satellite C855-16M";"Main";608
"PSKC8E-05Q005EN";"Satellite C855-17M";"Main";977
"PSKC8E-01W005EN";"Satellite C855-13F";"Main";440
"PSKC8E-01L005EN";"Satellite C855-12G";"Main";57
"B2Y57EA";"Pavilion g6-1335ea Notebook PC";"Main";935
"PSKC8E-01K005EN";"Satellite C855-12F";"Main";871
"PSKC8E-019005EN";"Satellite C855-12C";"Main";453
"PSKC8E-01G005EN";"Satellite C855-129";"Main";446
"LG670ET#ABU";"EliteBook 8760w Mobile Workstation";"Main";651
"PSKC8E-01F005EN";"Satellite C855-128";"Main";685
"PSKC8E-01E005EN";"Satellite C855-127";"Main";327
"PSPKBE-023008EN";"Satellite P850-12X";"Main";848
"PSKC8E-00U005EN";"Satellite C855-11G";"Main";318
"LY536EA#ABH";"EliteBook 8560w Mobile Workstation";"Main";428
"LY537EA#ABH";"EliteBook 8760w Mobile Workstation";"Main";237
"B1Y17EA";"Pavilion g6-1391sa Notebook PC";"Main";757
"A9W57EA";"Pavilion g6-1362ea Notebook PC";"Main";106
"PSKC8E-02F005EN";"Satellite C855-14R";"Main";399
"LY509EA#UUZ";"EliteBook 8460p Notebook PC";"Main";982
"PSC22E-00X00PGR";"Satellite C660D-1D5";"Main";687
"PT52HE-018009GE";"Satellite R850-1L0";"Main";466
"PSKC8E-00T005EN";"Satellite C855-11F";"Main";728
"PSKC8E-00K005EN";"Satellite C855-10K";"Main";798
"PSKC8E-02H005EN";"Satellite C855-14U";"Main";541
"NYT33MD";"ThinkPad L420";"Main";76
"PSKC8E-00L005EN";"Satellite C855-10M";"Main";763
"PSKC8E-027005EN";"Satellite C855-13T";"Main";949
"PSKC8E-013005EN";"Satellite C850-11C";"Main";708
"B2Y56EA";"Pavilion g6-1334ea Notebook PC";"Main";920
"PSKC8E-015005EN";"Satellite C850-119";"Main";593
"PSKC8E-02G005EN";"Satellite C855-14T";"Main";789
"PSKC8E-025005EN";"Satellite C850-11V";"Main";39
"PSKC8E-00Q005EN";"Satellite C855-10Z";"Main";693
"PTSE0E-0HV052EN";"Tecra A11-103";"Main";282
"PSKC8E-00P005EN";"Satellite C855-10X";"Main";624
"B2Y58EA";"Pavilion g6-1336ea Notebook PC";"Main";226
"PTME1E-01H02HG3";"Tecra M11-16C";"Main";615
"PSK2YE-0RY01MDU";"Satellite L750-20M";"Main";741
"PSK01E-01F010G3";"Satellite Pro L630-15W";"Main";549
"PSK32E-0E200JGR";"Satellite L750D-1FZ";"Main";533
"PSK05E-01201YG3";"Satellite Pro L630-162";"Main";963
"PSK4UE-00X00QFR";"Satellite L755D-11C";"Main";255
"A6M72AW#ABY";"EliteBook 8760w Mobile Workstation";"Main";212
"B5W69AW#ABA";"EliteBook 8470p Notebook PC";"Main";403
"PPM78E-08F00PG3";"Portégé M780-10U";"Main";268
"PSAY3E-033004GR";"Satellite P750-100";"Main";954
"B0X44EA#UUW";"ProBook 4530s Notebook PC";"Main";742
"B4H13EA#ABU";"Pavilion g6-2027sa Notebook PC";"Main";994
"PSK4UE-00S005N5";"Satellite L755D-116";"Main";137
"B4H16EA#ABU";"Pavilion g6-2028sa Notebook PC";"Main";930
"B4H18EA";"Pavilion g6-2029sa Notebook PC";"Main";505
"PSC1YE-03U00MGR";"Satellite C660D-1HC";"Main";187
"PSC20E-017016FR";"Satellite C660D-1GM";"Main";504
"B4H09EA#ABU";"Pavilion g6-2025sa Notebook PC";"Main";538
"PT32LE-027015N5";"Satellite R830-1JU";"Main";492
"B4H11EA#ABU";"Pavilion g6-2026sa Notebook PC";"Main";392
"PSC4AE-02300LGR";"Satellite C670D-12T";"Main";167
"PLL5FE-002008EN";"Toshiba NB550D-108";"Main";531
"PSC4AE-01X013G3";"Satellite C670D-12M";"Main";11
"PLL5FE-004008EN";"Toshiba NB550D-105";"Main";982
"PSK6HE-00K006GR";"Satellite L770-15Q";"Main";836
"PSK3WE-06J007GR";"Satellite L775-19E";"Main";948
"PSK1YE-02G009G3";"Satellite L750-21X";"Main";190
"A9W48EA";"Pavilion g6-1343sa Notebook PC";"Main";420
"B2Y55EA";"Pavilion g6-1337sa Notebook PC";"Main";852
"B1P43EA";"Pavilion g7-2051sa Notebook PC";"Main";280
"LG741ET#ABB";"EliteBook 8460p Notebook PC";"Main";199
"PSK2YE-02W00VTE";"Satellite L755-11V";"Main";752
"PSK4UE-00P002GR";"Satellite L750D-111";"Main";558
"PSK4UE-008009H2";"Satellite L750D-103";"Main";80
"PSC1ZE-004003EN";"Satellite Pro C660D-187";"Main";277
"PSK4YE-00700CPL";"Satellite L750D-10D";"Main";871
"PTME3E-02M034G3";"Tecra M11-16E";"Main";147
"PSK4QE-00E00LGR";"Satellite L755D-117";"Main";860
"B3W46EA#ABU";"Pavilion dv7-7064ea Entertainment Notebook PC";"Main";686
"PSK4UE-00E00JGR";"Satellite L755D-10M";"Main";938
"B3N35EA#ABU";"Pavilion dv6-7061sa Entertainment Notebook PC";"Main";55
"LY486EA#UUG";"ProBook 4530s Notebook PC";"Main";190
"B4D17EA#ABU";"Pavilion dv6-7051sa Entertainment Notebook PC";"Main";88
"PSK4UE-009002GR";"Satellite L750D-10J";"Main";712
"PSK5PE-00500HGR";"Satellite L755D-10C";"Main";258
"NP305U1A-A03DE";"NP305U1A-A03DE";"Main";211
"PSK4YE-00J00HEN";"Satellite L755D-10U";"Main";26
"B1W89EA#ABU";"Pavilion dv7-7062ea Entertainment Notebook PC";"Main";211
"PSK4YE-002006GR";"Satellite L755D-108";"Main";34
"B6P65EA";"ProBook 6360b Notebook PC";"Main";666
"B6P67EA";"ProBook 6560b Notebook PC";"Main";82
"LY538EA#ABH";"EliteBook 8760w Mobile Workstation";"Main";645
"PSAY3E-01N00VTE";"Satellite P755-10G";"Main";611
"B6P66EA";"ProBook 6460b Notebook PC";"Main";919
"PSAY3E-02100QIT";"Satellite P755-10H";"Main";713
"PSK6RE-00700EPL";"Satellite L750-11C";"Main";155
"LG741EA#AKD?VB041AA#ABB";"EliteBook 8460p Notebook PC";"Main";865
"PSAY3E00F00RPL";"P750-10D";"Main";340
"LG741EA#AKD?NZ222AA#ABB";"EliteBook 8460p Notebook PC";"Main";31
"B1S27EA#ABU";"Pavilion g6-2022sa Notebook PC";"Main";115
"B1W88EA";"Pavilion dv7-7061ea Entertainment Notebook PC";"Main";493
"SVE1511J1E/B";"SVE1511J1E";"Main";733
"B1W90EA";"Pavilion dv7-7063ea Entertainment Notebook PC";"Main";88
"PT42QE-002009PL";"Satellite Pro R840-114";"Main";936
"PT52KE-00D00EG3";"Satellite Pro R850-18K";"Main";937
"PT42QE-00300JRU";"Satellite Pro R840-15N";"Main";893
"PSK3XE-00U012G3";"Satellite Pro L770-12P";"Main";629
"PQQ10E-01Y00CEN";"Qosmio DX730-10U";"Main";880
"A8J63EA";"Pavilion g6-1360sa Notebook PC";"Main";457
"PSAY3E-0SG034G3";"Satellite P750-15C";"Main";815
"B1R13EA";"Pavilion g6-1305sa Notebook PC";"Main";341
"PSAY3E-0N8034G3";"Satellite P755-12F";"Main";510
"PT42QE-001005G3";"Satellite Pro R840-101";"Main";964
"PSAY3E-0MP034G3";"Satellite P755-12G";"Main";943
"B1Z97EA";"Pavilion g6-1311ea Notebook PC";"Main";902
"A6D89EA";"ProBook 4330s Notebook PC";"Main";390
"PSBY3E-0H900NGR";"Satellite P775-110";"Main";751
"PSK0CE-04601JG3";"Satellite L735-137";"Main";916
"PSK2YE-0DS00MG3";"Satellite L755-1EM";"Main";474
"PSK1YE-01C009G3";"Satellite L750-1PK";"Main";335
"PSK6RE-01M00QGE";"Satellite L750-1LL";"Main";481
"PSK30E-02000FG3";"Satellite L750-1H3";"Main";348
"PQQ10E-02200CEN";"Qosmio DX730-10P";"Main";725
"PSK1WE-0D5047G3";"Satellite L750-16L";"Main";117
"B1R12EA";"Pavilion g6-1304sa Notebook PC";"Main";847
"PQQ10E-02300CEN";"Qosmio DX730-10Q";"Main";372
"LY532EA#ABZ";"EliteBook 8760w Mobile Workstation";"Main";110
"B1R11EA";"Pavilion g6-1303sa Notebook PC";"Main";515
"NYT4YMD";"ThinkPad L420";"Main";634
"B1R23EA";"Pavilion g6-1307sa Notebook PC";"Main";779
"A8J65EA";"Pavilion g6-1362sa Notebook PC";"Main";11
"PSK3WE-04K015G3";"Satellite L770-13L";"Main";451
"PSK2YE-0FH015GR";"Satellite L750-16U";"Main";773
"PSC40E-00800JG3";"Satellite C670-16F";"Main";858
"PSC3YE-01000XG3";"Satellite C670-162";"Main";340
"SVE1511A1EW";"SVE1511A1E";"Main";761
"LY538EA#ABY";"EliteBook 8760w Mobile Workstation";"Main";353
"B0Y46EA#ABH";"ProBook 4340s Notebook PC";"Main";849
"LY464EA#ABF";"ProBook 4330s Notebook PC";"Main";266
"97-606";"97-606";"Main";883
"97-605";"WorkFit-C";"Main";26
"PSC0QE-02T00CEN";"Satellite C660-1J2";"Main";925
"NTM36FI";"ThinkPad W510";"Main";816
"B1P45EA";"Pavilion g7-2054sa Notebook PC";"Main";141
"B1Y16EA";"Pavilion g6-1391ea Notebook PC";"Main";291
"B0X44EA#AB9";"ProBook 4530s Notebook PC";"Main";309
