guid;product type;attribute code;attribute name;filter nav;nav type;range nav;
"1410";"Tablets";"1410";"Keyboard type";false;"S";;
"1415";"Storage Servers";"1415";"Ports quantity";false;"S";;
"8220";"Tablets";"8220";"4G WiMAX";false;"S";;
"942";"Tablets";"942";"Display number of colors";false;"S";;
"1414";"Laptops";"1414";"I/O ports type";false;"S";;
"940";"Tablets";"940";"Display manufacturer";false;"S";;
"1412";"Mice";"1412";"Function keys";false;"S";;
"1419";"Servers";"1419";"Communication type";false;"S";;
"946";"Tablets";"946";"Display response rise/fall";false;"S";;
"16400";"Laptops";"16400";"Number of discrete graphics adapters installed";false;"S";;
"1418";"Servers";"1418";"Maximum server option";false;"S";;
"1417";"Servers";"1417";"Minimum server option";false;"S";;
"944";"Tablets";"944";"Display diagonal";true;"S";;
"1416";"Servers";"1416";"Server option type";false;"S";;
"530";"Servers";"530";"Pallet dimensions (W x D x H)";false;"S";;
"1822";"Storage Servers";"1822";"L3 cache";false;"S";;
"533";"Storage Servers";"533";"Mean time between failures (MTBF)";false;"S";;
"16401";"Laptops";"16401";"Hot-swap second graphics adapter";false;"S";;
"539";"Servers";"539";"Install, configure, and manage via web server";false;"S";;
"538";"Storage Servers";"538";"Flash memory";false;"S";;
"1829";"Tablets";"1829";"BIOS type";false;"S";;
"8219";"Servers";"8219";"Internal FireWire ports quantity";false;"S";;
"1828";"Storage Servers";"1828";"Compatible processor series";false;"S";;
"1420";"Servers";"1420";"Number of communications";false;"S";;
"1422";"Storage Servers";"1422";"Drive bays";false;"S";;
"1421";"Storage Servers";"1421";"Number of drive bays";false;"S";;
"1424";"Servers";"1424";"Number of expansion";false;"S";;
"1423";"Servers";"1423";"Hot-swap hard drive bays";false;"S";;
"930";"Tablets";"930";"CD/DVD drive rotational speed";false;"S";;
"1426";"Storage Servers";"1426";"Maximum processor expansion";false;"S";;
"931";"Tablets";"931";"Optical drive removable";false;"S";;
"1425";"Servers";"1425";"Minimum processor expansion";false;"S";;
"932";"Tablets";"932";"Optical drive player software";false;"S";;
"933";"Tablets";"933";"CD/DVD writing software";false;"S";;
"3294";"Mice";"3294";"Country of origin";false;"S";;
"934";"PCs/Workstations";"934";"Diskette drive manufacturer";false;"S";;
"935";"Tablets";"935";"Diskette drive";false;"S";;
"1429";"Servers";"1429";"Standard fans";false;"S";;
"936";"PCs/Workstations";"936";"Diskette drive media supported";false;"S";;
"938";"PCs/Workstations";"938";"Diskette drive maximum transfer rate";false;"S";;
"939";"PCs/Workstations";"939";"Diskette drive dimensions (W x D x H)";false;"S";;
"2940";"PCs/Workstations";"2940";"DVI-I ports quantity";false;"S";;
"541";"Storage Servers";"541";"Number of power supplies";false;"S";;
"2944";"Tablets";"2944";"Mouse included";false;"S";;
"7";"Servers";"7";"Hard drive capacity";true;"S";;
"6";"Laptops";"6";"Internal memory";true;"S";;
"5";"Mice";"5";"Processor clock speed";true;"S";;
"2941";"PCs/Workstations";"2941";"DVI-D ports quantity";false;"S";;
"548";"Servers";"548";"Pre-installed tape backup";false;"S";;
"16920";"Tablets";"16920";"2G";false;"S";;
"920";"Tablets";"920";"Device read/write media compatibility";false;"S";;
"16921";"Tablets";"16921";"4G";false;"S";;
"6084";"Tablets";"6084";"Rear ports";false;"S";;
"16924";"Tablets";"16924";"2G standards";false;"S";;
"6085";"Tablets";"6085";"Rear ports note";false;"S";;
"16922";"Tablets";"16922";"4G standards";false;"S";;
"1431";"Servers";"1431";"Hard disk connector pins";false;"S";;
"16923";"Tablets";"16923";"3G standards";false;"S";;
"1430";"Servers";"1430";"Maximum server fans";false;"S";;
"6083";"Storage Servers";"6083";"Rack servers (supported)";false;"S";;
"6088";"Tablets";"6088";"64-bit computing";false;"S";;
"6089";"Storage Servers";"6089";"Processor cores";false;"S";;
"6086";"Storage Servers";"6086";"Recovery time";false;"S";;
"925";"Tablets";"925";"CD/DVD drive ultra DMA burst data transfer rate";false;"S";;
"926";"Tablets";"926";"CD/DVD drive multiword DMA burst data transfer rate";false;"S";;
"5353";"Tablets";"5353";"IR remote control";false;"S";;
"923";"Tablets";"923";"CD-RW/DVD-ROM interface";false;"S";;
"924";"Tablets";"924";"CD/DVD drive DMA burst data transfer rate";false;"S";;
"1439";"Storage Servers";"1439";"Relative humidity";false;"S";;
"6893";"Tablets";"6893";"Video compression format";false;"S";;
"8241";"Storage Servers";"8241";"External mini-SAS ports";false;"S";;
"1438";"Servers";"1438";"Network integrated ports";false;"S";;
"922";"Tablets";"922";"Drive device weight";false;"S";;
"1843";"Tablets";"1843";"CD/DVD weight";false;"S";;
"513";"Servers";"513";"Pallet weight";false;"S";;
"1844";"Tablets";"1844";"DVD drive transfer rate";false;"S";;
"511";"Servers";"511";"Maximum operating temperature range (T-T)";false;"S";;
"6886";"Tablets";"6886";"Energy saving functions:";false;"S";;
"510";"Servers";"510";"Adjustable time out settings";false;"S";;
"919";"Tablets";"919";"CD-RW/DVD-ROM transfer rate";false;"S";;
"5347";"Laptops";"5347";"USB speed";false;"S";;
"918";"Tablets";"918";"CD-RW/DVD-ROM drive media supported";false;"S";;
"1440";"Servers";"1440";"Motherboard on board controller";false;"S";;
"514";"Storage Servers";"514";"Power supply type";false;"S";;
"1448";"Tablets";"1448";"Warranty";false;"S";;
"1442";"Tablets";"1442";"Wireless option type";false;"S";;
"1441";"Servers";"1441";"Server system board BIOS";false;"S";;
"6072";"Servers";"6072";"Partitioning";false;"S";;
"1444";"Laptops";"1444";"Processor core voltage (Battery mode)";false;"S";;
"6074";"Storage Servers";"6074";"Port speed rating";false;"S";;
"1443";"Servers";"1443";"Server wireless option";false;"S";;
"914";"Tablets";"914";"Battery special features";false;"S";;
"6076";"PCs/Workstations";"6076";"Power supply note";false;"S";;
"915";"Tablets";"915";"CD/DVD drive manufacturer";false;"S";;
"917";"Tablets";"917";"CD/DVD maximum speed";false;"S";;
"910";"Laptops";"910";"Resume battery backup after";false;"S";;
"16919";"PCs/Workstations";"16919";"Thunderbolt 2 ports quantity";false;"S";;
"1449";"Storage Servers";"1449";"Non-operating altitude";false;"S";;
"911";"Tablets";"911";"Battery life with optional 2nd battery";false;"S";;
"912";"Laptops";"912";"Battery life power on";false;"S";;
"913";"Laptops";"913";"Battery life power off";false;"S";;
"1830";"Storage Servers";"1830";"Cables included";false;"S";;
"2965";"Storage Servers";"2965";"Non-operating shock";false;"S";;
"521";"PCs/Workstations";"521";"Image stability";false;"S";;
"908";"Tablets";"908";"Battery type";false;"S";;
"907";"Tablets";"907";"AC adapter weight";false;"S";;
"2961";"Keyboards & Desktops";"2961";"Backlight color";false;"S";;
"17271";"Mice";"17271";"Laser colour";false;"S";;
"909";"Tablets";"909";"Battery performance";true;"S";;
"13729";"Laptops";"13729";"Bluetooth data transfer rate (max)";false;"S";;
"1450";"Tablets";"1450";"CD/DVD drive buffer size";false;"S";;
"525";"PCs/Workstations";"525";"Keyboard dimensions (metric)";false;"S";;
"2968";"Servers";"2968";"Dual-link DVI";false;"S";;
"989";"Tablets";"989";"Hard disk desktop or notebook?";false;"S";;
"7599";"Laptops";"7599";"3D compatibility";false;"S";;
"7594";"PCs/Workstations";"7594";"Number of 5.25\" bays";false;"S";;
"2110";"Tablets";"2110";"Technology";false;"S";;
"3242";"Storage Servers";"3242";"Quality of Service (QoS) support";false;"S";;
"7595";"PCs/Workstations";"7595";"Number of 3.5\" bays";false;"S";;
"14232";"Laptops";"14232";"3D Active Shutter Glasses";false;"S";;
"982";"Tablets";"982";"Host interface";false;"S";;
"980";"Tablets";"980";"Hard disk number of heads";false;"S";;
"986";"Tablets";"986";"Hard disk data buffer (PIO 4 mode)";false;"S";;
"985";"Tablets";"985";"Hard disk data buffer (Ultra ATA mode 2)";false;"S";;
"983";"Tablets";"983";"Hard disk interleave";false;"S";;
"574";"Tablets";"574";"Maximum graphics adapter memory";false;"S";;
"3237";"Tablets";"3237";"Wi-Fi data rate (max)";false;"S";;
"2101";"Tablets";"2101";"Standby time";false;"S";;
"5324";"PCs/Workstations";"5324";"DVB";false;"S";;
"3239";"Storage Servers";"3239";"Wi-Fi";false;"S";;
"578";"PCs/Workstations";"578";"Footprint (metric)";false;"S";;
"579";"Tablets";"579";"Video adapter, bus";false;"S";;
"2108";"PCs/Workstations";"2108";"TV tuner type";false;"S";;
"2106";"Laptops";"2106";"TV tuner formats";false;"S";;
"2999";"Storage Servers";"2999";"Supported file systems";false;"S";;
"977";"Tablets";"977";"Hard disk height";false;"S";;
"979";"Tablets";"979";"Hard disk number of plates";false;"S";;
"580";"Servers";"580";"Number of simultaneous printers";false;"S";;
"582";"Storage Servers";"582";"Package dimensions (WxDxH)";false;"S";;
"581";"Servers";"581";"Embedded web server";false;"S";;
"970";"Tablets";"970";"Graphics adapter RAMDAC";false;"S";;
"973";"Tablets";"973";"Hard disk manufacturer";false;"S";;
"972";"Tablets";"972";"Graphics adapter output connector";false;"S";;
"974";"Storage Servers";"974";"Hard disk drive type";false;"S";;
"2112";"PCs/Workstations";"2112";"Model availability";false;"S";;
"584";"Tablets";"584";"Memory upgrade";false;"S";;
"3247";"Storage Servers";"3247";"Redundant power supply (RPS) support";false;"S";;
"585";"Storage Servers";"585";"Acoustic pressure emissions";false;"S";;
"3246";"Storage Servers";"3246";"Jumbo Frames support";false;"S";;
"588";"Storage Servers";"588";"Internal mass storage";false;"S";;
"2133";"Servers";"2133";"Internal drive bays";false;"S";;
"2132";"PCs/Workstations";"2132";"External drive bays";false;"S";;
"2131";"Tablets";"2131";"Multi-bay devices";false;"S";;
"969";"Tablets";"969";"Graphic adapter triangle setup";false;"S";;
"8519";"Tablets";"8519";"Battery capacity";false;"S";;
"968";"Tablets";"968";"Graphics adapter multiple display support";false;"S";;
"967";"Tablets";"967";"Graphic adapter reduce TV out flicker";false;"S";;
"966";"Tablets";"966";"Graphics adapter integrated TV encoder";false;"S";;
"965";"Tablets";"965";"Motion compensation";false;"S";;
"964";"Tablets";"964";"Graphic adapter direct 3D support";false;"S";;
"963";"Tablets";"963";"Graphics adapter Open GL support";false;"S";;
"962";"Tablets";"962";"3D graphics accelerator";false;"S";;
"961";"Tablets";"961";"2D graphics accelerator";false;"S";;
"960";"Tablets";"960";"Graphics adapter bus clock speed";false;"S";;
"1808";"Tablets";"1808";"Conference call";false;"S";;
"1805";"Tablets";"1805";"Speakerphone";false;"S";;
"1803";"Laptops";"1803";"Network connection type";false;"S";;
"1802";"Tablets";"1802";"Network standard";false;"S";;
"559";"PCs/Workstations";"559";"Qualify one deploy many";false;"S";;
"1801";"Storage Servers";"1801";"Switching capacity";false;"S";;
"557";"Storage Servers";"557";"Supported network protocols";false;"S";;
"2127";"Storage Servers";"2127";"Multimedia";false;"S";;
"10041";"Tablets";"10041";"Processor cache";false;"S";;
"13779";"Laptops";"13779";"Hard disk drive shock protection";false;"S";;
"5307";"Mice";"5307";"Designjet model size (metric)";false;"S";;
"2128";"PCs/Workstations";"2128";"External drive enclosure";false;"S";;
"2125";"PCs/Workstations";"2125";"Internal drive slots";false;"S";;
"3257";"Mice";"3257";"Maximum operating temperature";false;"S";;
"2124";"Tablets";"2124";"QosmioEngine";false;"S";;
"551";"PCs/Workstations";"551";"Keyboard dimensions (non-metric)";false;"S";;
"959";"PCs/Workstations";"959";"Graphics adapter BitBLT";false;"S";;
"13130";"Keyboards & Desktops";"13130";"Standby time";false;"S";;
"7563";"Tablets";"7563";"Operating system architecture";false;"S";;
"958";"Tablets";"958";"Graphics adapter memory type";false;"S";;
"10983";"Tablets";"10983";"Width adjustment range";false;"S";;
"2143";"Storage Servers";"2143";"Technical features";false;"S";;
"955";"PCs/Workstations";"955";"Number of expansion types";false;"S";;
"10035";"Tablets";"10035";"Swivel angle";false;"S";;
"954";"Storage Servers";"954";"Expansion type";false;"S";;
"2140";"PCs/Workstations";"2140";"Diagonal";false;"S";;
"956";"PCs/Workstations";"956";"Graphics adapter manufacturer";false;"S";;
"953";"Tablets";"953";"LCD brightness levels 1-8";false;"S";;
"14653";"Laptops";"14653";"WWAN Download/Upload speeds";false;"S";;
"14650";"Laptops";"14650";"Resolution name";false;"S";;
"569";"Servers";"569";"Disk array controller";false;"S";;
"2138";"Storage Servers";"2138";"Service & support";false;"S";;
"563";"Servers";"563";"Recommended humidity operating range";false;"S";;
"8510";"Mice";"8510";"Device interface";false;"S";;
"6017";"PCs/Workstations";"6017";"Hard drive note";false;"S";;
"13551";"Laptops";"13551";"Thunderbolt technology";false;"S";;
"6024";"PCs/Workstations";"6024";"Internal ports";false;"S";;
"11155";"Mice";"11155";"Acceleration (G)";false;"S";;
"11154";"Mice";"11154";"Polling rate";false;"S";;
"11156";"Mice";"11156";"Speed";false;"S";;
"6021";"Servers";"6021";"High availability features";false;"S";;
"3201";"Laptops";"3201";"DVD+R write speed";false;"S";;
"3202";"Laptops";"3202";"DVD-R write speed";false;"S";;
"3203";"Laptops";"3203";"DVD-R Double Layer write speed";false;"S";;
"2157";"Storage Servers";"2157";"Enclosure";false;"S";;
"2156";"PCs/Workstations";"2156";"Downloadable software";false;"S";;
"3204";"Laptops";"3204";"DVD+R Double Layer write speed";false;"S";;
"3205";"Laptops";"3205";"DVD+RW write speed";false;"S";;
"3206";"Laptops";"3206";"DVD-RW write speed";false;"S";;
"4292";"Laptops";"4292";"Recording";false;"S";;
"3207";"Laptops";"3207";"CD-R write speed";false;"S";;
"6007";"Storage Servers";"6007";"Files systems per cluster (maximum)";false;"S";;
"3208";"Laptops";"3208";"CD-RW write speed";false;"S";;
"6006";"Storage Servers";"6006";"File system size (maximum)";false;"S";;
"3209";"Laptops";"3209";"DVD+R read speed";false;"S";;
"4298";"Mice";"4298";"Scroll";false;"S";;
"6015";"PCs/Workstations";"6015";"Number of installed video cards";false;"S";;
"6014";"Tablets";"6014";"Video card note";false;"S";;
"11149";"Laptops";"11149";"Keyboard backlit";false;"S";;
"3210";"Laptops";"3210";"DVD-R read speed";false;"S";;
"3218";"Laptops";"3218";"DVD-RAM read speed";false;"S";;
"3219";"Laptops";"3219";"DVD-RAM write speed";false;"S";;
"3216";"Laptops";"3216";"CD-RW read speed";false;"S";;
"3214";"Laptops";"3214";"DVD-RW read speed";false;"S";;
"3215";"Laptops";"3215";"CD-R read speed";false;"S";;
"6802";"Tablets";"6802";"Distance to the wall (min)";false;"S";;
"3212";"Laptops";"3212";"DVD+R Double Layer read speed";false;"S";;
"2169";"Tablets";"2169";"Continuous audio playback time";false;"S";;
"3213";"Laptops";"3213";"DVD+RW read speed";false;"S";;
"8944";"Tablets";"8944";"Main camera resolution";false;"S";;
"13579";"Laptops";"13579";"Battery life disclaimer";false;"S";;
"5801";"Storage Servers";"5801";"Blades per enclosure (maximum)";false;"S";;
"8952";"Storage Servers";"8952";"Maximum RAM supported";false;"S";;
"5800";"Tablets";"5800";"Trial software";false;"S";;
"3222";"PCs/Workstations";"3222";"COM ports quantity";false;"S";;
"2175";"Tablets";"2175";"Player media type";false;"S";;
"2177";"Keyboards & Desktops";"2177";"Display included";false;"S";;
"12682";"Tablets";"12682";"IR control";false;"S";;
"2171";"Tablets";"2171";"Voice recording";false;"S";;
"2172";"Tablets";"2172";"FM radio";false;"S";;
"6004";"Storage Servers";"6004";"Fibre channel ports";false;"S";;
"5807";"Storage Servers";"5807";"Capacity range native";false;"S";;
"2173";"Tablets";"2173";"Continuous video playback time";false;"S";;
"3227";"Laptops";"3227";"CD-ROM read speed";false;"S";;
"9375";"Tablets";"9375";"Mini VGA ports quantity";false;"S";;
"2179";"Mice";"2179";"Operating frequency";false;"S";;
"3226";"Laptops";"3226";"DVD-ROM read speed";false;"S";;
"8956";"Keyboards & Desktops";"8956";"Mobile operating systems supported";false;"S";;
"9374";"Tablets";"9374";"Micro HDMI ports quantity";false;"S";;
"996";"Tablets";"996";"Keyboard number of keys";false;"S";;
"997";"Tablets";"997";"Windows keys";false;"S";;
"9763";"Tablets";"9763";"AirPlay";false;"S";;
"2180";"Tablets";"2180";"MMS (Multimedia Messaging Service)";false;"S";;
"994";"Tablets";"994";"Keyboard manufacturer";false;"S";;
"13568";"Tablets";"13568";"Comments";false;"S";;
"995";"Tablets";"995";"Keyboard type";false;"S";;
"992";"Tablets";"992";"I/O adaptor interfaces";false;"S";;
"993";"Tablets";"993";"Internal video modes maximum number of colors";false;"S";;
"8962";"Tablets";"8962";"Archive formats supported";false;"S";;
"990";"Storage Servers";"990";"Interface type";false;"S";;
"991";"PCs/Workstations";"991";"Number of interfaces";false;"S";;
"3233";"Storage Servers";"3233";"Operating system installed";false;"S";;
"3232";"Laptops";"3232";"Adapter type";false;"S";;
"2183";"Tablets";"2183";"Bluetooth";false;"S";;
"2184";"Tablets";"2184";"WAP";false;"S";;
"998";"Tablets";"998";"Keyboard function keys";false;"S";;
"2181";"Tablets";"2181";"E-mail";false;"S";;
"999";"Tablets";"999";"Keyboard euro key";false;"S";;
"2916";"Laptops";"2916";"Charging time";false;"S";;
"1861";"Mice";"1861";"Illumination";false;"S";;
"6821";"Tablets";"6821";"eSATA/USB 2.0 ports quantity";false;"S";;
"11194";"Keyboards & Desktops";"11194";"USB charging";false;"S";;
"2507";"Storage Servers";"2507";"Compatible operating systems";false;"S";;
"2195";"Laptops";"2195";"Media Center remote control function";false;"S";;
"2505";"Storage Servers";"2505";"UNSPSC-code";false;"S";;
"2194";"Tablets";"2194";"Toshiba EasyGuard";false;"S";;
"2197";"PCs/Workstations";"2197";"Audio output channels";false;"S";;
"2196";"Storage Servers";"2196";"Processor family";true;"S";;
"6067";"PCs/Workstations";"6067";"Operating system note";false;"S";;
"6066";"Servers";"6066";"Operating altitude (imperial)";false;"S";;
"15812";"Laptops";"15812";"Sensor";false;"S";;
"3636";"Tablets";"3636";"Sleep timer";false;"S";;
"2191";"Tablets";"2191";"Double Layer DVD write speed";false;"S";;
"3635";"Storage Servers";"3635";"Web-based management";false;"S";;
"2190";"Laptops";"2190";"Compatible products";false;"S";;
"13580";"Laptops";"13580";"Supplied battery";false;"S";;
"505";"Servers";"505";"Supported IPX/SPX Operating Systems";false;"S";;
"2903";"Storage Servers";"2903";"Server function";false;"S";;
"2905";"Tablets";"2905";"Full HD";false;"S";;
"9779";"Tablets";"9779";"Wi-Fi Direct";false;"S";;
"1851";"Tablets";"1851";"Number of built-in speakers";false;"S";;
"6833";"PCs/Workstations";"6833";"Remote controlled";false;"S";;
"502";"Storage Servers";"502";"Management protocols";false;"S";;
"11185";"PCs/Workstations";"11185";"Recovery operating system";false;"S";;
"11184";"Tablets";"11184";"Lightning connector";false;"S";;
"2900";"Tablets";"2900";"Memory clock speed";false;"S";;
"9781";"Storage Servers";"9781";"Storage drive size";false;"S";;
"9780";"Tablets";"9780";"Google applications";false;"S";;
"15803";"Laptops";"15803";"Microphone type";false;"S";;
"9782";"Storage Servers";"9782";"Storage drive interface";false;"S";;
"3662";"Storage Servers";"3662";"Power LED";false;"S";;
"1889";"Mice";"1889";"Impedance";false;"S";;
"2935";"Mice";"2935";"Input frequency";false;"S";;
"1885";"Tablets";"1885";"Service included";false;"S";;
"1888";"Mice";"1888";"Headphone sensitivity";false;"S";;
"8280";"Tablets";"8280";"Height (rear)";false;"S";;
"6043";"PCs/Workstations";"6043";"Media or memory reader";false;"S";;
"1891";"Mice";"1891";"Microphone sensitivity";false;"S";;
"2528";"Tablets";"2528";"Total Harmonic Distortion (THD)";false;"S";;
"3656";"Tablets";"3656";"Battery recharge time (off)";false;"S";;
"3655";"Tablets";"3655";"Battery recharge time (on)";false;"S";;
"1878";"Tablets";"1878";"Microphone operation mode";false;"S";;
"1877";"Laptops";"1877";"Connector material";false;"S";;
"15826";"Laptops";"15826";"ClearAudio+ mode";false;"S";;
"15827";"Laptops";"15827";"VAIO international repair service";false;"S";;
"1880";"Servers";"1880";"Services (supportpack)";false;"S";;
"15828";"Laptops";"15828";"Effective megapixels";false;"S";;
"6038";"Storage Servers";"6038";"Maximum configuration drives";false;"S";;
"2539";"Tablets";"2539";"Rechargeable";false;"S";;
"8279";"Tablets";"8279";"Height (front)";false;"S";;
"3664";"Storage Servers";"3664";"Connectivity LEDs";false;"S";;
"15824";"Laptops";"15824";"Memory upgrade disclaimer";false;"S";;
"5736";"Storage Servers";"5736";"Weight";false;"S";;
"2433";"Tablets";"2433";"Built-in speakers";false;"S";;
"2432";"Tablets";"2432";"Supported applications";false;"S";;
"2439";"PCs/Workstations";"2439";"Display illumination";false;"S";;
"4614";"Mice";"4614";"Rubber grips";false;"S";;
"5741";"Keyboards & Desktops";"5741";"Keyboard dimensions (WxDxH)";false;"S";;
"5749";"Storage Servers";"5749";"iSCSI support";false;"S";;
"5744";"Mice";"5744";"Receiver weight";false;"S";;
"5743";"Keyboards & Desktops";"5743";"Keyboard weight";false;"S";;
"5742";"Mice";"5742";"Receiver dimensions (WxDxH)";false;"S";;
"4220";"Tablets";"4220";"Battery charging indication";false;"S";;
"5750";"Storage Servers";"5750";"Multilingual support";false;"S";;
"4222";"Tablets";"4222";"Battery low indication";false;"S";;
"15741";"PCs/Workstations";"15741";"Intel 64";false;"S";;
"5766";"Servers";"5766";"Memory access time";false;"S";;
"5765";"Tablets";"5765";"BitBLT";false;"S";;
"5764";"Mice";"5764";"Warranty";false;"S";;
"13618";"Mice";"13618";"Sensor resolution";false;"S";;
"7988";"Storage Servers";"7988";"Linux operating systems supported";false;"S";;
"7989";"Storage Servers";"7989";"Server operating systems supported";false;"S";;
"7986";"Storage Servers";"7986";"Windows operating systems supported";false;"S";;
"15764";"Tablets";"15764";"Intel Active Management Technology version";false;"S";;
"7987";"Storage Servers";"7987";"Mac operating systems supported";false;"S";;
"15769";"Laptops";"15769";"Memory card slot(s)";false;"S";;
"7990";"Storage Servers";"7990";"Other operating systems supported";false;"S";;
"4252";"Tablets";"4252";"Firmware upgradeable";false;"S";;
"5708";"Tablets";"5708";"Housing for SD/MMC card";false;"S";;
"5709";"Tablets";"5709";"Type of shelf-placement";false;"S";;
"13637";"Laptops";"13637";"Special buttons";false;"S";;
"5704";"Tablets";"5704";"SIM card support";false;"S";;
"5702";"Tablets";"5702";"Height (front)";false;"S";;
"5703";"Tablets";"5703";"Height (rear)";false;"S";;
"7978";"Tablets";"7978";"Turbo frequency (max)";false;"S";;
"5701";"Laptops";"5701";"Toshiba EasyMedia";false;"S";;
"3709";"Tablets";"3709";"Backlight";false;"S";;
"15789";"Servers";"15789";"PCI Express x16 (Gen 2.x) slots";false;"S";;
"15787";"Servers";"15787";"PCI Express x1 (Gen 2.x) slots";false;"S";;
"15788";"Servers";"15788";"PCI Express x16 (Gen 1.x) slots";false;"S";;
"15785";"Servers";"15785";"PCI Express x1 (Gen 3.x) slots";false;"S";;
"15786";"Servers";"15786";"PCI Express x1 (Gen 1.x) slots";false;"S";;
"15784";"Servers";"15784";"PCI Express x8 (Gen 1.x) slots";false;"S";;
"15783";"Servers";"15783";"PCI Express x4 (Gen 3.x) slots";false;"S";;
"7972";"Tablets";"7972";"Document formats supported";false;"S";;
"9713";"Tablets";"9713";"Display technology";false;"S";;
"4277";"Tablets";"4277";"Personal info management";false;"S";;
"11614";"Tablets";"11614";"!!w-d-h!!";false;"S";;
"7086";"Tablets";"7086";"Maximum hard drive capacity";false;"S";;
"7083";"Keyboards & Desktops";"7083";"Keyboard features";false;"S";;
"7081";"Tablets";"7081";"Hard drive controller type";false;"S";;
"5722";"Keyboards & Desktops";"5722";"Package dimensions (W x D x H)";false;"S";;
"9733";"Tablets";"9733";"Intel Turbo Boost Technology";false;"S";;
"4279";"Tablets";"4279";"Photo effects";false;"S";;
"9732";"Tablets";"9732";"Gyroscope";false;"S";;
"9731";"Tablets";"9731";"Accelerometer";false;"S";;
"15799";"Laptops";"15799";"Supplied AC adapter type";false;"S";;
"7963";"PCs/Workstations";"7963";"HDMI in";false;"S";;
"15790";"Servers";"15790";"PCI Express x16 (Gen 3.x) slots";false;"S";;
"16095";"Tablets";"16095";"Password protection";false;"S";;
"1394";"Mice";"1394";"Deskbased accessories description";false;"S";;
"1391";"Tablets";"1391";"Resume battery backup after";false;"S";;
"11671";"Mice";"11671";"Low Power Standby";false;"S";;
"1390";"Mice";"1390";"Power source";false;"S";;
"10920";"Storage Servers";"10920";"Built-in optical drive";false;"S";;
"1389";"Tablets";"1389";"Display brightness";false;"S";;
"8542";"Keyboards & Desktops";"8542";"Keyboard language";false;"S";;
"8541";"Laptops";"8541";"USB version";false;"S";;
"8545";"Mice";"8545";"Number of scroll wheels";false;"S";;
"8543";"Mice";"8543";"Built-in memory";false;"S";;
"1383";"Storage Servers";"1383";"Storage relative humidity range";false;"S";;
"1379";"Tablets";"1379";"Ergonomics";false;"S";;
"1376";"Storage Servers";"1376";"Power management";false;"S";;
"13671";"Mice";"13671";"Warranty";false;"S";;
"8551";"Mice";"8551";"Keypad integrated";false;"S";;
"8550";"Mice";"8550";"Scrolling directions";false;"S";;
"7514";"Tablets";"7514";"Maximum video resolution";false;"S";;
"8552";"Mice";"8552";"Works on any surface";false;"S";;
"7930";"Laptops";"7930";"Optical drive interface";false;"S";;
"11656";"Tablets";"11656";"Charge & play";false;"S";;
"16065";"Tablets";"16065";"H.263 playback";false;"S";;
"7926";"Servers";"7926";"Intelligent Platform Management Interface (IPMI) support";false;"S";;
"7921";"Tablets";"7921";"Number of processors supported";false;"S";;
"10111";"Tablets";"10111";"Intel Wireless Display (WiDi) Technology";false;"S";;
"8547";"Mice";"8547";"Customizable weight";false;"S";;
"8548";"Mice";"8548";"Unifying receiver";false;"S";;
"8549";"Mice";"8549";"Retractable cable";false;"S";;
"595";"Servers";"595";"Supported FTP Operating Systems";false;"S";;
"8568";"Keyboards & Desktops";"8568";"Keyboard form factor";false;"S";;
"13698";"Laptops";"13698";"SonicStage";false;"S";;
"596";"Storage Servers";"596";"Number of processors installed";false;"S";;
"7916";"Laptops";"7916";"Parity bit";false;"S";;
"10935";"Laptops";"10935";"Face recognition";false;"S";;
"10126";"Tablets";"10126";"Voice call";false;"S";;
"7918";"Tablets";"7918";"Motherboard southbridge";false;"S";;
"10125";"Tablets";"10125";"Video messaging";false;"S";;
"7021";"Tablets";"7021";"Maximum memory card size";false;"S";;
"1352";"Storage Servers";"1352";"Cable lock slot";false;"S";;
"5784";"Servers";"5784";"Management software";false;"S";;
"5783";"Storage Servers";"5783";"Blade types supported";false;"S";;
"6466";"Servers";"6466";"S.M.A.R.T support";false;"S";;
"7026";"Laptops";"7026";"ATI XGP ports quantity";false;"S";;
"8571";"Keyboards & Desktops";"8571";"Flexible keyboard";false;"S";;
"8573";"Keyboards & Desktops";"8573";"Programmable hot keys";false;"S";;
"8574";"Keyboards & Desktops";"8574";"Keyboard integrated devices";false;"S";;
"8575";"Keyboards & Desktops";"8575";"Keyboard style";false;"S";;
"8576";"Keyboards & Desktops";"8576";"Interface adapters included";false;"S";;
"7020";"PCs/Workstations";"7020";"Mini PCI Express slots";false;"S";;
"8569";"Keyboards & Desktops";"8569";"Adjustable keyboard height";false;"S";;
"7500";"Mice";"7500";"Main compartment dimensions (WxDxH)";false;"S";;
"7501";"Mice";"7501";"Exterior dimensions (WxDxH)";false;"S";;
"7018";"Tablets";"7018";"Video call";false;"S";;
"7900";"Mice";"7900";"International Protection (IP) code";false;"S";;
"1347";"Storage Servers";"1347";"Ethernet LAN connection";false;"S";;
"5777";"Storage Servers";"5777";"Tape cartridges emulated (maximum)";false;"S";;
"1344";"PCs/Workstations";"1344";"Line-in";false;"S";;
"1345";"PCs/Workstations";"1345";"Line-out";false;"S";;
"5794";"Servers";"5794";"Virtual libraries supported note";false;"S";;
"5793";"Servers";"5793";"Virtual libraries supported";false;"S";;
"5796";"Servers";"5796";"Virtual drives supported note";false;"S";;
"1340";"Storage Servers";"1340";"PS/2 ports quantity";false;"S";;
"5795";"Storage Servers";"5795";"Virtual drives supported";false;"S";;
"7502";"Mice";"7502";"Interior dimensions (WxDxH)";false;"S";;
"7509";"Tablets";"7509";"Waterproof";false;"S";;
"1339";"Storage Servers";"1339";"USB port";false;"S";;
"10100";"Tablets";"10100";"Package weight";false;"S";;
"1336";"Tablets";"1336";"Parallel ports quantity";false;"S";;
"1337";"Storage Servers";"1337";"Serial ports quantity";false;"S";;
"1331";"Tablets";"1331";"Dimensions (W x D x H)";false;"S";;
"10108";"Tablets";"10108";"Intel Quick Sync Video Technology";false;"S";;
"5789";"Laptops";"5789";"Optional features";false;"S";;
"5382";"Tablets";"5382";"WMV9";false;"S";;
"1358";"Laptops";"1358";"Motherboard microprocessor";false;"S";;
"7495";"Laptops";"7495";"Simultaneous external display";false;"S";;
"7494";"PCs/Workstations";"7494";"Security chip";false;"S";;
"7497";"PCs/Workstations";"7497";"Total (available) slots & bays";false;"S";;
"804";"PCs/Workstations";"804";"Proactive notification";false;"S";;
"7496";"Tablets";"7496";"Wireless features";false;"S";;
"805";"Servers";"805";"JetDirect Compatible Products";false;"S";;
"7499";"Mice";"7499";"Other features";false;"S";;
"803";"Servers";"803";"Electromagnetic emissions";false;"S";;
"7498";"Mice";"7498";"External dimensions (WxDxH)";false;"S";;
"7491";"PCs/Workstations";"7491";"Keyboard illumination";false;"S";;
"10898";"Keyboards & Desktops";"10898";"Split keyboard";false;"S";;
"7490";"Tablets";"7490";"Graphics adapter family";false;"S";;
"7493";"Servers";"7493";"Memory module type";false;"S";;
"7492";"PCs/Workstations";"7492";"Maximum number of colours (max video RAM)";false;"S";;
"1729";"Tablets";"1729";"Backlight display";false;"S";;
"6768";"Storage Servers";"6768";"USB 3.0 ports quantity";false;"S";;
"1721";"Tablets";"1721";"Battery life (max)";false;"S";;
"2202";"Servers";"2202";"Purchase country";false;"S";;
"7486";"Tablets";"7486";"Memory slots (available)";false;"S";;
"7485";"Tablets";"7485";"Multimedia features";false;"S";;
"7484";"Servers";"7484";"Ethernet interface type";false;"S";;
"6783";"Tablets";"6783";"Floppy drive installed";false;"S";;
"7489";"PCs/Workstations";"7489";"Graphics adapter interface";false;"S";;
"6784";"Tablets";"6784";"LED backlight";false;"S";;
"7488";"Tablets";"7488";"Worldwide AC compatibility";false;"S";;
"1325";"Laptops";"1325";"BIOS memory size";false;"S";;
"1326";"Laptops";"1326";"Resume battery backup after";false;"S";;
"11493";"Laptops";"11493";"LAN/VGA combo port";false;"S";;
"7482";"Servers";"7482";"Supported memory types";false;"S";;
"7481";"Tablets";"7481";"Wireless Wide Area Network (WWAN)";false;"S";;
"14572";"Laptops";"14572";"WinDVD";false;"S";;
"1330";"Laptops";"1330";"DVD-ROM transfer rate (sustained mode)";false;"S";;
"2219";"Servers";"2219";"L1 cache";false;"S";;
"2845";"Storage Servers";"2845";"External power adapter";false;"S";;
"6777";"Tablets";"6777";"BD interface type";false;"S";;
"1711";"PCs/Workstations";"1711";"Second optical drive speed";false;"S";;
"11087";"Laptops";"11087";"RJ-45 ports quantity";false;"S";;
"1712";"PCs/Workstations";"1712";"Second optical drive type";false;"S";;
"2841";"Servers";"2841";"Controller type";false;"S";;
"5214";"Storage Servers";"5214";"Housing material";false;"S";;
"2840";"Servers";"2840";"Number of Parallel ATA connectors";false;"S";;
"822";"Tablets";"822";"Surface treatment";false;"S";;
"14153";"Laptops";"14153";"Triluminos display";false;"S";;
"828";"Servers";"828";"TopTools";false;"S";;
"6371";"Mice";"6371";"Ergonomic design";false;"S";;
"2830";"Storage Servers";"2830";"eSATA ports quantity";false;"S";;
"819";"Storage Servers";"819";"Compressed capacity";false;"S";;
"811";"Servers";"811";"Supported IPP Operating Systems";false;"S";;
"814";"Servers";"814";"LAN remote power";false;"S";;
"1305";"Tablets";"1305";"Additional accessories";false;"S";;
"427";"Tablets";"427";"Internal memory type";false;"S";;
"808";"Servers";"808";"Supports more than printer or peripheral";false;"S";;
"2253";"Storage Servers";"2253";"Pre-installed software";false;"S";;
"2252";"Tablets";"2252";"TV tuner integrated";false;"S";;
"10852";"Laptops";"10852";"Supported 3D technologies";false;"S";;
"848";"Servers";"848";"Supports EPP and ECP";false;"S";;
"2250";"Storage Servers";"2250";"Throughput";false;"S";;
"845";"Storage Servers";"845";"Native capacity";false;"S";;
"436";"Storage Servers";"436";"Chipset";false;"S";;
"434";"Tablets";"434";"Battery technology";false;"S";;
"431";"Storage Servers";"431";"Hard disk average seek time";false;"S";;
"6392";"Storage Servers";"6392";"Cooling type";false;"S";;
"432";"Storage Servers";"432";"Wi-Fi standards";false;"S";;
"430";"Storage Servers";"430";"Hard disk rotational speed";false;"S";;
"437";"Tablets";"437";"Motherboard manufacturer";false;"S";;
"438";"Tablets";"438";"Display viewable area HxV";false;"S";;
"831";"Servers";"831";"Data communications compliance";false;"S";;
"14534";"Laptops";"14534";"Read speed, optical drive";false;"S";;
"3397";"Tablets";"3397";"L2 cache";false;"S";;
"838";"Storage Servers";"838";"Energy Star certified";false;"S";;
"2262";"PCs/Workstations";"2262";"LightScribe";false;"S";;
"839";"Servers";"839";"Other network protocols supported";false;"S";;
"3393";"Tablets";"3393";"Fixed netwerk speed";false;"S";;
"3394";"Laptops";"3394";"BIOS memory size";false;"S";;
"833";"Storage Servers";"833";"Performance management";false;"S";;
"7443";"Servers";"7443";"Supported processor sockets";false;"S";;
"3392";"Servers";"3392";"Number of hard drives supported";false;"S";;
"445";"Storage Servers";"445";"Power consumption (typical)";false;"S";;
"7437";"Laptops";"7437";"Accessories included";false;"S";;
"446";"Storage Servers";"446";"Data link protocols";false;"S";;
"447";"Tablets";"447";"Modem speed";false;"S";;
"440";"Tablets";"440";"Pointing device";false;"S";;
"9215";"Mice";"9215";"Scroll type";false;"S";;
"442";"Tablets";"442";"Audio system";false;"S";;
"443";"Servers";"443";"Networking speed";false;"S";;
"448";"PCs/Workstations";"448";"Long lifecycle";false;"S";;
"861";"Storage Servers";"861";"Minimum system requirements";false;"S";;
"868";"Servers";"868";"Tape device attachment";false;"S";;
"6796";"Tablets";"6796";"Distance to the wall (max)";false;"S";;
"6794";"Servers";"6794";"Dynamic Video Memory Technology (DVMT)";false;"S";;
"450";"Servers";"450";"Electromagnetic immunity";false;"S";;
"6793";"Servers";"6793";"Reboot protection";false;"S";;
"6791";"Laptops";"6791";"Flash memory";false;"S";;
"10831";"Storage Servers";"10831";"Fan voltage";false;"S";;
"2224";"Tablets";"2224";"Audio formats supported";false;"S";;
"454";"Storage Servers";"454";"Security algorithms";false;"S";;
"2225";"Tablets";"2225";"Video compression formats";false;"S";;
"2229";"Servers";"2229";"Number of disks";false;"S";;
"852";"Servers";"852";"Shelves";false;"S";;
"853";"Mice";"853";"Mac compatibility";false;"S";;
"3371";"Mice";"3371";"Product dimensions (W x D x H)";false;"S";;
"15266";"Tablets";"15266";"Browsing time (4G)";false;"S";;
"3372";"Mice";"3372";"Weight note (metric)";false;"S";;
"15264";"Tablets";"15264";"Browsing time (Wi-Fi)";false;"S";;
"857";"Tablets";"857";"Video card features";false;"S";;
"15265";"Tablets";"15265";"Browsing time (3G)";false;"S";;
"14123";"Laptops";"14123";"BD-R XL read speed";false;"S";;
"14122";"Laptops";"14122";"BD-RE XL read speed";false;"S";;
"859";"PCs/Workstations";"859";"Network client certification";false;"S";;
"3374";"Storage Servers";"3374";"Card reader integrated";false;"S";;
"5202";"Tablets";"5202";"Audio card required";false;"S";;
"14124";"Laptops";"14124";"BD-RE XL write speed";false;"S";;
"2235";"Laptops";"2235";"DVD+R speed";false;"S";;
"2236";"Laptops";"2236";"DVD+RW speed";false;"S";;
"14125";"Laptops";"14125";"BD-R XL write speed";false;"S";;
"465";"PCs/Workstations";"465";"Audio drivers";false;"S";;
"2237";"Laptops";"2237";"DVD-R speed";false;"S";;
"2238";"Laptops";"2238";"DVD-RW speed";false;"S";;
"468";"Servers";"468";"Includes software utility for device selection";false;"S";;
"469";"Servers";"469";"Processor upgrade";false;"S";;
"3335";"Storage Servers";"3335";"Non-operating vibration";false;"S";;
"3336";"Storage Servers";"3336";"Operating vibration";false;"S";;
"13458";"Servers";"13458";"PCI Express x4 (Gen 2.x) slots";false;"S";;
"13457";"Servers";"13457";"PCI Express x4 (Gen 1.x) slots";false;"S";;
"13459";"Servers";"13459";"PCI Express x8 (Gen 2.x) slots";false;"S";;
"13453";"Servers";"13453";"System Board EPM ID";false;"S";;
"13456";"Servers";"13456";"PCI Express x8 (Gen 3.x) slots";false;"S";;
"9636";"Keyboards & Desktops";"9636";"Keys operating life";false;"S";;
"14102";"Laptops";"14102";"S-Force Front Surround 3D";false;"S";;
"1793";"Storage Servers";"1793";"Noise level";false;"S";;
"14100";"Laptops";"14100";"S-Master";false;"S";;
"13050";"Tablets";"13050";"Multi-touch capacitive panel";false;"S";;
"9643";"Storage Servers";"9643";"Power supply location";false;"S";;
"9629";"Keyboards & Desktops";"9629";"Number of batteries (mouse)";false;"S";;
"3319";"Tablets";"3319";"Number of hard drives installed";false;"S";;
"3311";"Tablets";"3311";"Second camera";false;"S";;
"1785";"PCs/Workstations";"1785";"Audio input";false;"S";;
"3312";"Servers";"3312";"SCSI interface type";false;"S";;
"1786";"Laptops";"1786";"Audio output";false;"S";;
"3318";"Tablets";"3318";"Total storage capacity";false;"S";;
"2273";"Laptops";"2273";"Double Layer DVD read speed";false;"S";;
"2275";"Keyboards & Desktops";"2275";"Channels quantity";false;"S";;
"9632";"Keyboards & Desktops";"9632";"Keyboard battery type";false;"S";;
"3797";"Tablets";"3797";"USB mass storage";false;"S";;
"13434";"Mice";"13434";"USP1";false;"S";;
"9635";"Servers";"9635";"KVM switch ports quantity";false;"S";;
"13433";"Mice";"13433";"USP2";false;"S";;
"9630";"Keyboards & Desktops";"9630";"Number of batteries (keyboard)";false;"S";;
"9631";"Keyboards & Desktops";"9631";"Mouse battery type";false;"S";;
"4174";"Tablets";"4174";"Display diagonal";false;"S";;
"890";"Tablets";"890";"Compatibility";false;"S";;
"4177";"Tablets";"4177";"Video playback";false;"S";;
"1773";"Mice";"1773";"Movement resolution";false;"S";;
"1774";"PCs/Workstations";"1774";"Data transfer rate";false;"S";;
"1772";"Mice";"1772";"Movement detection technology";false;"S";;
"3326";"Laptops";"3326";"Operating elevation";false;"S";;
"3328";"Tablets";"3328";"Protection tools";false;"S";;
"4170";"Tablets";"4170";"Microphone connectivity";false;"S";;
"3329";"Tablets";"3329";"GPS";false;"S";;
"2282";"Tablets";"2282";"Display size (HxV)";false;"S";;
"898";"Mice";"898";"Material";false;"S";;
"1766";"Storage Servers";"1766";"Color of product";false;"S";;
"3780";"Storage Servers";"3780";"Reset button";false;"S";;
"2815";"Servers";"2815";"Number of SATA connectors";false;"S";;
"1769";"Mice";"1769";"Frequency band";false;"S";;
"1768";"Laptops";"1768";"Write speed, optical drive";false;"S";;
"10395";"Keyboards & Desktops";"10395";"Actuation force";false;"S";;
"2814";"Servers";"2814";"Number of DIMM slots";false;"S";;
"10394";"Mice";"10394";"Built-in memory capacity";false;"S";;
"10393";"Keyboards & Desktops";"10393";"Number of profiles";false;"S";;
"1770";"Storage Servers";"1770";"Number of users";false;"S";;
"13808";"Laptops";"13808";"Auto luminance control";false;"S";;
"2416";"Tablets";"2416";"Rotation";false;"S";;
"3310";"Storage Servers";"3310";"Noise level (idle)";false;"S";;
"2418";"Tablets";"2418";"ID3 Tag display";false;"S";;
"2417";"Tablets";"2417";"Image formats supported";false;"S";;
"1742";"Tablets";"1742";"USB connector type";false;"S";;
"3761";"Storage Servers";"3761";"Access Control List (ACL)";false;"S";;
"9669";"Tablets";"9669";"Intel Smart Connect Technology";false;"S";;
"9672";"Tablets";"9672";"Intel Hyper-Threading Technology";false;"S";;
"9671";"Tablets";"9671";"Intel visual technologies";false;"S";;
"9670";"Tablets";"9670";"Intel vPro Technology";false;"S";;
"16319";"Laptops";"16319";"DVD-R Double Layer read speed";false;"S";;
"1733";"Tablets";"1733";"Electronic compass";false;"S";;
"1738";"Mice";"1738";"Buttons quantity";false;"S";;
"12738";"Mice";"12738";"Fits up to notebook size";false;"S";;
"13463";"Tablets";"13463";"Miracast";false;"S";;
"12739";"Mice";"12739";"Fits up to notebook dimension";false;"S";;
"9659";"Laptops";"9659";"Start-up time";false;"S";;
"9668";"Tablets";"9668";"Intel Smart Response Technology";false;"S";;
"9667";"Tablets";"9667";"Intel Rapid Start Technology";false;"S";;
"9666";"Tablets";"9666";"Intel Anti-Theft Technology";false;"S";;
"9665";"Tablets";"9665";"Intel Identity Protection Technology";false;"S";;
"3765";"Storage Servers";"3765";"DHCP client";false;"S";;
"8132";"Mice";"8132";"User guide";false;"S";;
"9664";"Tablets";"9664";"Intel My WiFi Technology";false;"S";;
"3766";"Storage Servers";"3766";"DHCP server";false;"S";;
"9662";"Laptops";"9662";"HDD recovery";false;"S";;
"3768";"Storage Servers";"3768";"Ethernet LAN data rates";false;"S";;
"9661";"Tablets";"9661";"Power auto-sensing";false;"S";;
"2334";"Storage Servers";"2334";"Wake-on-LAN ready";false;"S";;
"34";"Tablets";"34";"Contrast ratio (typical)";false;"S";;
"39";"Tablets";"39";"Aspect ratio";false;"S";;
"37";"PCs/Workstations";"37";"Viewing angle, horizontal";false;"S";;
"38";"PCs/Workstations";"38";"Viewing angle, vertical";false;"S";;
"42";"PCs/Workstations";"42";"CD write speed";false;"S";;
"5641";"Tablets";"5641";"Wireless communication version";false;"S";;
"4114";"Tablets";"4114";"Antenna";false;"S";;
"2321";"Tablets";"2321";"CardBus PCMCIA slot type";false;"S";;
"22";"Keyboards & Desktops";"22";"Internal";false;"S";;
"23";"Laptops";"23";"Access time";false;"S";;
"2322";"Tablets";"2322";"SmartCard slot";false;"S";;
"5645";"Servers";"5645";"Processor quantity per 42U rack";false;"S";;
"2323";"Storage Servers";"2323";"VGA (D-Sub) ports quantity";false;"S";;
"2325";"Tablets";"2325";"Processor socket";false;"S";;
"27";"Storage Servers";"27";"Drive device, buffer size";false;"S";;
"2328";"Storage Servers";"2328";"Device type";false;"S";;
"10479";"Laptops";"10479";"Cache memory";false;"S";;
"32";"Tablets";"32";"Pixel pitch";false;"S";;
"31";"Storage Servers";"31";"Type";false;"S";;
"5618";"Laptops";"5618";"Webcamera description";false;"S";;
"2318";"Tablets";"2318";"TV in port";false;"S";;
"2319";"Tablets";"2319";"DVI port";false;"S";;
"2316";"Tablets";"2316";"DC-in jack";false;"S";;
"2317";"Tablets";"2317";"TV out port";false;"S";;
"2314";"Tablets";"2314";"Microphone in";false;"S";;
"16";"Servers";"16";"CD read speed";false;"S";;
"2315";"Servers";"2315";"S/PDIF out port";false;"S";;
"2312";"Storage Servers";"2312";"Ethernet LAN (RJ-45) ports quantity";false;"S";;
"14";"Storage Servers";"14";"Weight";true;"R";"<range-list><ranges><range><from>1200</from><to>1500</to></range><range><from>1500</from><to>1800</to></range><range><from>1800</from><to>2000</to></range><range><from>2000</from><to>2500</to></range><range><from>2500</from><to>3000</to></range><range><from>3000</from><to>3500</to></range><range><from>3500</from><to>4000</to></range><range><from>4000</from><to>5000</to></range></ranges></range-list>"
"2313";"Keyboards & Desktops";"2313";"Headphone outputs";false;"S";;
"11";"Servers";"11";"Diskette drive";false;"S";;
"2310";"Tablets";"2310";"Firewire (IEEE 1394) ports";false;"S";;
"5613";"Tablets";"5613";"GTIN (outer carton)";false;"S";;
"12";"Tablets";"12";"Internal modem";false;"S";;
"2311";"Tablets";"2311";"Modem (RJ-11) ports";false;"S";;
"21";"Tablets";"21";"Interface";false;"S";;
"2320";"Tablets";"2320";"CardBus PCMCIA slots quantity";false;"S";;
"12039";"Tablets";"12039";"Keypad lock";false;"S";;
"5620";"Tablets";"5620";"HDMI";false;"S";;
"7185";"Keyboards & Desktops";"7185";"Built-in touchpad";false;"S";;
"15618";"Tablets";"15618";"GLONASS";false;"S";;
"2307";"Storage Servers";"2307";"Software version";false;"S";;
"2308";"Storage Servers";"2308";"USB 2.0 ports quantity";false;"S";;
"2309";"Storage Servers";"2309";"USB 1.1 ports quantity";false;"S";;
"3833";"Mice";"3833";"Auto power off";false;"S";;
"5628";"Mice";"5628";"Width outer carton";false;"S";;
"5627";"Mice";"5627";"Height outer carton";false;"S";;
"5626";"Mice";"5626";"Length outer carton";false;"S";;
"3834";"Servers";"3834";"Number of years";false;"S";;
"5625";"Mice";"5625";"Tare weight (outer carton)";false;"S";;
"5624";"Mice";"5624";"Net weight (outer carton)";false;"S";;
"5623";"Mice";"5623";"Gross weight (outer carton)";false;"S";;
"7849";"Laptops";"7849";"Maximum shipping altitude";false;"S";;
"2378";"Servers";"2378";"Hot-Plug support";false;"S";;
"7847";"Laptops";"7847";"Maximum operating altitude";false;"S";;
"2377";"Storage Servers";"2377";"Host interface";false;"S";;
"7848";"Laptops";"7848";"Maximum storage altitude";false;"S";;
"3826";"Storage Servers";"3826";"Link/Act LED";false;"S";;
"83";"Tablets";"83";"Display";true;"S";;
"80";"Tablets";"80";"Resolution";false;"S";;
"86";"Tablets";"86";"Special features";false;"S";;
"4157";"Tablets";"4157";"Width";false;"S";;
"2386";"Tablets";"2386";"Port replicator";false;"S";;
"2383";"Storage Servers";"2383";"Undetected error rate";false;"S";;
"84";"Servers";"84";"Slot type";false;"S";;
"67";"Storage Servers";"67";"Minimum processor";false;"S";;
"66";"Mice";"66";"Minimum hard disk space";false;"S";;
"68";"Storage Servers";"68";"Minimum RAM";false;"S";;
"3816";"Laptops";"3816";"Picture enhancement";false;"S";;
"3817";"Tablets";"3817";"Sound enhancement";false;"S";;
"4160";"Laptops";"4160";"Front / Side connections";false;"S";;
"4161";"PCs/Workstations";"4161";"Front connections";false;"S";;
"70";"Servers";"70";"Network architecture";false;"S";;
"4163";"Tablets";"4163";"Headphone connectivity";false;"S";;
"2370";"Storage Servers";"2370";"Fibre Channel";false;"S";;
"71";"Servers";"71";"Network operating system";false;"S";;
"2371";"Storage Servers";"2371";"Diagnostics";false;"S";;
"2372";"Storage Servers";"2372";"Drive count";false;"S";;
"2374";"Laptops";"2374";"Supported storage";false;"S";;
"75";"PCs/Workstations";"75";"Platform";false;"S";;
"3801";"Tablets";"3801";"MP3 bit rates";false;"S";;
"58";"Tablets";"58";"Infrared data port";false;"S";;
"3807";"Storage Servers";"3807";"Packaging height";false;"S";;
"3808";"Storage Servers";"3808";"Packaging width";false;"S";;
"8097";"Tablets";"8097";"Touch screen type";false;"S";;
"3806";"Storage Servers";"3806";"Packaging depth";false;"S";;
"16399";"Laptops";"16399";"Number of discrete graphics adapters supported";false;"S";;
"11102";"Mice";"11102";"Service life of battery";false;"S";;
"4539";"Storage Servers";"4539";"Number of fans";false;"S";;
"1695";"Tablets";"1695";"Speakers and microphone";false;"S";;
"65";"Tablets";"65";"Minimum hard disk space";false;"S";;
"4132";"Laptops";"4132";"AV output";false;"S";;
"63";"PCs/Workstations";"63";"Megapixel";false;"S";;
"4133";"Tablets";"4133";"Bluetooth profiles";false;"S";;
"49";"Storage Servers";"49";"Dimensions (WxDxH)";false;"S";;
"48";"Tablets";"48";"Digital zoom";false;"S";;
"15655";"Mice";"15655";"Buttons type";false;"S";;
"45";"PCs/Workstations";"45";"CD rewrite speed";false;"S";;
"47";"Storage Servers";"47";"Processor";false;"S";;
"46";"Mice";"46";"Color";true;"S";;
"11113";"PCs/Workstations";"11113";"Optical drives quantity";false;"S";;
"51";"Servers";"51";"DVD read speed";false;"S";;
"4143";"Tablets";"4143";"Docking connector";false;"S";;
"7861";"Storage Servers";"7861";"Internal RAM";false;"S";;
"4141";"Tablets";"4141";"DC-in requirements";false;"S";;
"50";"Servers";"50";"DVD";false;"S";;
"1294";"Tablets";"1294";"Slide show";false;"S";;
"487";"Mice";"487";"Larger master carton dimensions (W x D x H)";false;"S";;
"486";"Tablets";"486";"Case or master carton weight";false;"S";;
"483";"Servers";"483";"Rack mounting";false;"S";;
"15285";"Laptops";"15285";"Panel type";false;"S";;
"480";"Servers";"480";"Printer support";false;"S";;
"7804";"PCs/Workstations";"7804";"Thunderbolt ports quantity";false;"S";;
"1289";"Tablets";"1289";"Built-in flash";false;"S";;
"1280";"Laptops";"1280";"Cable type";false;"S";;
"1281";"PCs/Workstations";"1281";"2D graphics accelerator";false;"S";;
"1282";"Storage Servers";"1282";"Sustained data rate";false;"S";;
"1284";"PCs/Workstations";"1284";"Camera resolution";false;"S";;
"11523";"Tablets";"11523";"Docking station included";false;"S";;
"474";"Mice";"474";"Button functions";false;"S";;
"473";"Servers";"473";"Recommended operating temperature range (T-T)";false;"S";;
"11528";"Laptops";"11528";"Mini DisplayPort/Thunderbolt combo port";false;"S";;
"8685";"Storage Servers";"8685";"DLNA certified";false;"S";;
"477";"Tablets";"477";"Media types supported";false;"S";;
"470";"Storage Servers";"470";"I/O ports";false;"S";;
"1278";"Servers";"1278";"Ventilation fan(s)";false;"S";;
"1274";"Laptops";"1274";"Number of pins";false;"S";;
"2788";"Tablets";"2788";"Speakers manufacturer";false;"S";;
"2789";"PCs/Workstations";"2789";"Built-in subwoofer";false;"S";;
"7418";"PCs/Workstations";"7418";"Weight (including battery)";false;"S";;
"8646";"Servers";"8646";"Number of massage nodes";false;"S";;
"2791";"Tablets";"2791";"Video capturing speed";false;"S";;
"8649";"Tablets";"8649";"Video recording";false;"S";;
"7826";"Servers";"7826";"Number of SATA 3 connectors";false;"S";;
"7825";"Servers";"7825";"PCI Express slots version";false;"S";;
"1266";"Mice";"1266";"Cable length";false;"S";;
"1265";"Tablets";"1265";"Motherboard USB";false;"S";;
"7827";"Servers";"7827";"Number of SATA 2 connectors";false;"S";;
"1261";"PCs/Workstations";"1261";"Modem video conferencing";false;"S";;
"1262";"Tablets";"1262";"Motherboard form factor";false;"S";;
"7111";"Tablets";"7111";"Alarm function";false;"S";;
"95";"Laptops";"95";"Battery performance";false;"S";;
"1264";"Tablets";"1264";"Motherboard architecture";false;"S";;
"94";"Storage Servers";"94";"Weight";false;"S";;
"1260";"PCs/Workstations";"1260";"Modem communication fax control / protocol";false;"S";;
"495";"Servers";"495";"IPP support";false;"S";;
"8665";"Servers";"8665";"On-site support";false;"S";;
"494";"Servers";"494";"Remote administration";false;"S";;
"1259";"PCs/Workstations";"1259";"Error corrections";false;"S";;
"1255";"PCs/Workstations";"1255";"Modem communication model";false;"S";;
"1254";"PCs/Workstations";"1254";"Modem manufacturer";false;"S";;
"1257";"Tablets";"1257";"Modem type";false;"S";;
"11575";"Servers";"11575";"Number of main power supplies";false;"S";;
"1253";"Tablets";"1253";"External video modes non-interlaced resolution with max. refresh rate";false;"S";;
"1252";"Tablets";"1252";"External video modes max. refresh rate";false;"S";;
"5685";"Mice";"5685";"Requires shelf";false;"S";;
"11577";"Servers";"11577";"Number of redundant power supplies installed";false;"S";;
"1250";"Tablets";"1250";"External video modes max. resolution";false;"S";;
"11576";"Servers";"11576";"Number of redundant power supplies supported";false;"S";;
"1245";"PCs/Workstations";"1245";"Desktop power supply with standby +5V";false;"S";;
"1246";"Storage Servers";"1246";"Maximum memory";false;"S";;
"1243";"PCs/Workstations";"1243";"Power supply input voltage";false;"S";;
"1244";"Servers";"1244";"Power supply input frequency";false;"S";;
"1249";"Tablets";"1249";"External video modes graphics accelerator";false;"S";;
"1242";"Servers";"1242";"Power supply";false;"S";;
"1241";"PCs/Workstations";"1241";"Desktop physical dimensions architecture";false;"S";;
"5687";"Mice";"5687";"Power consumption";false;"S";;
"6306";"Storage Servers";"6306";"On/Off switch";false;"S";;
"1239";"Tablets";"1239";"DVD transfer rate (sustained mode)";false;"S";;
"6305";"Mice";"6305";"Cable length";false;"S";;
"8697";"Tablets";"8697";"Geotagging";false;"S";;
"8698";"Tablets";"8698";"Proximity sensor";false;"S";;
"7140";"Servers";"7140";"Supported hard disk drive sizes";false;"S";;
"7141";"Mice";"7141";"Connector type";false;"S";;
"1230";"Tablets";"1230";"AC adapter bundled";false;"S";;
"6337";"PCs/Workstations";"6337";"Bluetooth range";false;"S";;
"1226";"Tablets";"1226";"Number of battery cells";false;"S";;
"5659";"Tablets";"5659";"Contents";false;"S";;
"1224";"Laptops";"1224";"Removable";false;"S";;
"1229";"Tablets";"1229";"Number of slots";false;"S";;
"1211";"Mice";"1211";"Number of batteries supported";false;"S";;
"904";"Tablets";"904";"AC adapter output voltage";false;"S";;
"903";"Tablets";"903";"AC adapter frequency";false;"S";;
"906";"Tablets";"906";"AC adapter power";false;"S";;
"905";"Tablets";"905";"AC adapter output current";false;"S";;
"902";"Tablets";"902";"AC adapter input voltage";false;"S";;
"14097";"Storage Servers";"14097";"Cable lock slot type";false;"S";;
"8416";"Mice";"8416";"Wireless receiver interface";false;"S";;
"8418";"Mice";"8418";"Receiver included";false;"S";;
"8417";"Mice";"8417";"Receiver type";false;"S";;
"13993";"Laptops";"13993";"Power adapter weight";false;"S";;
"13992";"Laptops";"13992";"Power adapter height";false;"S";;
"13995";"Laptops";"13995";"Power adapter depth";false;"S";;
"13996";"Laptops";"13996";"Power adapter width";false;"S";;
"747";"Storage Servers";"747";"Cabling technology";false;"S";;
"745";"PCs/Workstations";"745";"Video adapter driver";false;"S";;
"8734";"Tablets";"8734";"Included memory card size";false;"S";;
"8737";"Tablets";"8737";"Main camera resolution (numeric)";false;"S";;
"7350";"Tablets";"7350";"Orientation sensor";false;"S";;
"742";"Servers";"742";"Compatible network operating systems";false;"S";;
"8421";"Keyboards & Desktops";"8421";"Spill resistant keyboard";false;"S";;
"8409";"Keyboards & Desktops";"8409";"Non-slip base";false;"S";;
"8406";"Laptops";"8406";"Labelflash";false;"S";;
"341";"PCs/Workstations";"341";"Desktop options";false;"S";;
"8028";"PCs/Workstations";"8028";"Dolby technologies";false;"S";;
"342";"Storage Servers";"342";"Manageability features";false;"S";;
"8730";"Tablets";"8730";"Internal storage capacity";false;"S";;
"7337";"PCs/Workstations";"7337";"Processor threads";false;"S";;
"734";"Storage Servers";"734";"Chassis type";false;"S";;
"739";"Storage Servers";"739";"Disk subsystem controller";false;"S";;
"3496";"Laptops";"3496";"Frame rate";false;"S";;
"738";"PCs/Workstations";"738";"Communication";false;"S";;
"8411";"Mice";"8411";"Surface coloration";false;"S";;
"731";"Servers";"731";"Installation slots";false;"S";;
"730";"Storage Servers";"730";"Compatible memory cards";false;"S";;
"8410";"Mice";"8410";"Game edition";false;"S";;
"733";"Servers";"733";"Bidirectional";false;"S";;
"732";"Storage Servers";"732";"Quantity per pallet";false;"S";;
"14077";"Tablets";"14077";"Front camera resolution";false;"S";;
"14079";"Tablets";"14079";"Rear camera effective resolution";false;"S";;
"729";"PCs/Workstations";"729";"Video adapter resolution";false;"S";;
"7332";"Tablets";"7332";"Keyboard supplied";false;"S";;
"7335";"Storage Servers";"7335";"RAID support";false;"S";;
"8441";"Tablets";"8441";"Mini-USB 2.0 ports quantity";false;"S";;
"8442";"Tablets";"8442";"Second camera resolution";false;"S";;
"8426";"Mice";"8426";"Programmable mouse buttons";false;"S";;
"14080";"Tablets";"14080";"Front camera effective resolution";false;"S";;
"719";"Tablets";"719";"Cache external";false;"S";;
"8746";"Tablets";"8746";"Video stabilizer";false;"S";;
"8745";"Tablets";"8745";"Video recording modes";false;"S";;
"715";"PCs/Workstations";"715";"Program description 01";false;"S";;
"714";"PCs/Workstations";"714";"Writing positions";false;"S";;
"710";"PCs/Workstations";"710";"Data compression";false;"S";;
"8058";"PCs/Workstations";"8058";"Effective megapixels (image)";false;"S";;
"13394";"Tablets";"13394";"Pre-installed applications";false;"S";;
"4963";"Tablets";"4963";"Touch sensitive screen";false;"S";;
"4961";"Storage Servers";"4961";"Power consumption (sleep mode)";false;"S";;
"703";"Storage Servers";"703";"Operating relative humidity range";false;"S";;
"702";"PCs/Workstations";"702";"Driver LAN";false;"S";;
"707";"Servers";"707";"Supported LDP Operating Systems";false;"S";;
"8064";"Tablets";"8064";"Stylus pen";false;"S";;
"9584";"PCs/Workstations";"9584";"Number of discrete graphics adapters";false;"S";;
"5120";"Tablets";"5120";"Channel separation";false;"S";;
"7385";"Storage Servers";"7385";"Fan diameter";false;"S";;
"8720";"Tablets";"8720";"Ambient light sensor";false;"S";;
"5106";"PCs/Workstations";"5106";"Philips Intellegent Agent";false;"S";;
"5107";"PCs/Workstations";"5107";"Philips Like Music";false;"S";;
"1607";"Tablets";"1607";"Synthesizer";false;"S";;
"8072";"Tablets";"8072";"Protection features";false;"S";;
"13978";"Laptops";"13978";"Keyboard skin";false;"S";;
"13979";"Laptops";"13979";"xLoud";false;"S";;
"8074";"Tablets";"8074";"Built-in camera";false;"S";;
"8484";"Storage Servers";"8484";"AC input frequency";false;"S";;
"5110";"PCs/Workstations";"5110";"Philips TV Scanner";false;"S";;
"8480";"Mice";"8480";"Recommended usage";false;"S";;
"7361";"Keyboards & Desktops";"7361";"Connector contacts plating";false;"S";;
"5101";"PCs/Workstations";"5101";"Cyberlink PowerDVD";false;"S";;
"5100";"PCs/Workstations";"5100";"Cyberlink MakeDVD";false;"S";;
"1208";"Tablets";"1208";"Bluetooth version";false;"S";;
"7369";"Laptops";"7369";"Backlight type";false;"S";;
"7367";"Tablets";"7367";"Data network";false;"S";;
"16683";"Tablets";"16683";"Weight";false;"S";;
"10290";"Servers";"10290";"Rack-Friendly board";false;"S";;
"13909";"Mice";"13909";"Battery life";false;"S";;
"10799";"Mice";"10799";"Keys quantity";false;"S";;
"2746";"Storage Servers";"2746";"Bandwidth";false;"S";;
"10295";"Servers";"10295";"Heat sink";false;"S";;
"10294";"Servers";"10294";"Intel Local Control Panel";false;"S";;
"10293";"Servers";"10293";"Intel On-Demand Power Redundancy Technology";false;"S";;
"10298";"Servers";"10298";"Intel Rapid Storage Technology";false;"S";;
"9140";"Tablets";"9140";"Playback disc types";false;"S";;
"13913";"Laptops";"13913";"Battery life";false;"S";;
"1628";"Servers";"1628";"ECC";false;"S";;
"10296";"Servers";"10296";"Heat sink included";false;"S";;
"10297";"Servers";"10297";"Backplanes support";false;"S";;
"4037";"Tablets";"4037";"VESA mounting interfaces compatibility";false;"S";;
"16687";"Tablets";"16687";"Display diagonal";false;"S";;
"13910";"Laptops";"13910";"Battery life";false;"S";;
"4924";"Mice";"4924";"EAN/UPC/GTIN";false;"S";;
"4921";"Storage Servers";"4921";"Quick installation guide";false;"S";;
"8491";"Storage Servers";"8491";"AC input voltage";false;"S";;
"6298";"Mice";"6298";"Recharge station for parent unit";false;"S";;
"4936";"Tablets";"4936";"EAN/UPC/GTIN (packaging)";false;"S";;
"3408";"Tablets";"3408";"Internal video mode, resolution";false;"S";;
"1614";"Tablets";"1614";"Auto focus";false;"S";;
"4931";"Keyboards & Desktops";"4931";"Battery LED indicator";false;"S";;
"4932";"Mice";"4932";"Packaging length";false;"S";;
"4933";"Tablets";"4933";"Packaging net weight";false;"S";;
"1611";"Laptops";"1611";"Audio quality";false;"S";;
"4934";"Tablets";"4934";"Packaging tare weight";false;"S";;
"4023";"Tablets";"4023";"Warranty card";false;"S";;
"4021";"Tablets";"4021";"User Guide on CD-ROM";false;"S";;
"10272";"Tablets";"10272";"Intel Matrix Storage Technology";false;"S";;
"3029";"Storage Servers";"3029";"Buzzer";false;"S";;
"10270";"Servers";"10270";"Intel Intelligent Power Node Manager";false;"S";;
"4949";"Tablets";"4949";"Batteries included";false;"S";;
"9164";"Tablets";"9164";"Storage media type";false;"S";;
"9165";"Laptops";"9165";"GSM module";false;"S";;
"1649";"Storage Servers";"1649";"Width";false;"S";;
"10275";"Servers";"10275";"CPU configuration (max)";false;"S";;
"9166";"Tablets";"9166";"SIM card type";false;"S";;
"9167";"Laptops";"9167";"Light sensor";false;"S";;
"3416";"PCs/Workstations";"3416";"Placement supported";false;"S";;
"4019";"Tablets";"4019";"USB cable";false;"S";;
"3410";"Laptops";"3410";"Sectors per track";false;"S";;
"3430";"Laptops";"3430";"BD-RE write speed";false;"S";;
"3431";"Laptops";"3431";"BD-ROM read speed";false;"S";;
"796";"Servers";"796";"Printer management";false;"S";;
"794";"PCs/Workstations";"794";"Image creation and recovery";false;"S";;
"3016";"Laptops";"3016";"Composite video out";false;"S";;
"793";"Storage Servers";"793";"Compliance industry standards";false;"S";;
"9171";"Laptops";"9171";"Display resolution equivalent (3D mode)";false;"S";;
"13924";"Laptops";"13924";"Sheet battery life (optional)";false;"S";;
"3429";"Laptops";"3429";"BD-R write speed";false;"S";;
"1637";"Storage Servers";"1637";"Operating shock";false;"S";;
"13926";"Laptops";"13926";"Sheet battery life disclaimer (optional)";false;"S";;
"1635";"Laptops";"1635";"CAS latency";false;"S";;
"4954";"Servers";"4954";"Factory preload modes";false;"S";;
"1633";"Storage Servers";"1633";"Upgrade type";false;"S";;
"1630";"Tablets";"1630";"Memory bus";false;"S";;
"4007";"Tablets";"4007";"Power cord included";false;"S";;
"6260";"Servers";"6260";"AGP x8 slots";false;"S";;
"6261";"Servers";"6261";"AGP x4 slots";false;"S";;
"786";"Servers";"786";"Network ready";false;"S";;
"2705";"Servers";"2705";"Energy efficiency compliance";false;"S";;
"789";"Mice";"789";"Recommended system requirements";false;"S";;
"6265";"Servers";"6265";"PCI-X slots";false;"S";;
"9104";"Storage Servers";"9104";"Display type";false;"S";;
"1663";"Servers";"1663";"Drive bays";false;"S";;
"1665";"Tablets";"1665";"Handheld remote control";false;"S";;
"6259";"Servers";"6259";"PCI Express x1 slots";false;"S";;
"1669";"Servers";"1669";"Operating acoustic emission";false;"S";;
"780";"Storage Servers";"780";"Power requirements";false;"S";;
"3037";"Tablets";"3037";"Audio adapter type";false;"S";;
"771";"Tablets";"771";"Form factor";false;"S";;
"777";"Tablets";"777";"Case or master carton quantity";false;"S";;
"775";"Mice";"775";"Plug and Play";false;"S";;
"6257";"Servers";"6257";"PCI Express x8 slots";false;"S";;
"6258";"Servers";"6258";"PCI Express x4 slots";false;"S";;
"6256";"Servers";"6256";"PCI Express x16 slots";false;"S";;
"1660";"Tablets";"1660";"Speaker power";false;"S";;
"2718";"Tablets";"2718";"Maximum weight (capacity)";false;"S";;
"6254";"Servers";"6254";"PCI slots";false;"S";;
"1652";"Tablets";"1652";"Maximum number of SMP processors";false;"S";;
"1653";"Tablets";"1653";"BIOS memory";false;"S";;
"11380";"Tablets";"11380";"Memory layout";false;"S";;
"1650";"Storage Servers";"1650";"Depth";false;"S";;
"14445";"Laptops";"14445";"USB Sleep-and-Charge";false;"S";;
"1657";"Tablets";"1657";"Software productivity";false;"S";;
"14447";"Laptops";"14447";"USB Sleep-and-Charge ports";false;"S";;
"11381";"Tablets";"11381";"Internal memory";false;"S";;
"1655";"Tablets";"1655";"Wireless technologies";false;"S";;
"1658";"PCs/Workstations";"1658";"Software - education / reference";false;"S";;
"1659";"Tablets";"1659";"Maximum resolution";false;"S";;
"3045";"Tablets";"3045";"External display";false;"S";;
"762";"Storage Servers";"762";"Package weight";false;"S";;
"11379";"Storage Servers";"11379";"Processor clock speed";false;"S";;
"1691";"Servers";"1691";"Fault management";false;"S";;
"3463";"Tablets";"3463";"WiFi-AP antenna jack";false;"S";;
"11378";"Tablets";"11378";"Capacity";false;"S";;
"767";"Servers";"767";"Supported AppleTalk operating systems";false;"S";;
"4902";"Mice";"4902";"EAN/UPC/GTIN (outer carton)";false;"S";;
"1688";"Tablets";"1688";"Driver software for optical drive";false;"S";;
"4909";"Tablets";"4909";"Quantity outer carton";false;"S";;
"4908";"Tablets";"4908";"Net weight outer carton";false;"S";;
"4907";"Mice";"4907";"Length outer carton";false;"S";;
"4906";"Tablets";"4906";"Length (cm) outer carton";false;"S";;
"4905";"Mice";"4905";"Height outer carton";false;"S";;
"4904";"Tablets";"4904";"Height (cm) outer carton";false;"S";;
"4903";"Tablets";"4903";"Gross weight outer carton";false;"S";;
"753";"PCs/Workstations";"753";"Chipset";false;"S";;
"751";"Tablets";"751";"Case or master carton dimensions (W x D x H)";false;"S";;
"14461";"Laptops";"14461";"Pointing stick";false;"S";;
"16693";"Laptops";"16693";"Maximum memory";false;"S";;
"1680";"Mice";"1680";"Number of layers per pallet";false;"S";;
"6230";"Tablets";"6230";"Bag included";false;"S";;
"757";"Storage Servers";"757";"Storage temperature range (T-T)";false;"S";;
"6229";"Laptops";"6229";"Intel Turbo Memory";false;"S";;
"4911";"Tablets";"4911";"Width (cm) outer carton";false;"S";;
"12437";"Tablets";"12437";"Front camera resolution (numeric)";false;"S";;
"12436";"Tablets";"12436";"Front camera";false;"S";;
"4910";"Tablets";"4910";"Tare weight outer carton";false;"S";;
"1679";"Mice";"1679";"Number of cartons per pallet";false;"S";;
"12435";"Tablets";"12435";"Rear camera resolution (numeric)";false;"S";;
"12434";"Tablets";"12434";"Rear camera resolution";false;"S";;
"4912";"Mice";"4912";"Width outer carton";false;"S";;
"12433";"Tablets";"12433";"Rear camera";false;"S";;
"1675";"Tablets";"1675";"Quantity";false;"S";;
"8005";"Keyboards & Desktops";"8005";"Power source type";false;"S";;
"8006";"Keyboards & Desktops";"8006";"Built-in battery";false;"S";;
"3065";"Tablets";"3065";"Subtitle formats supported";false;"S";;
"13320";"Mice";"13320";"360° TouchControl";false;"S";;
"1198";"Tablets";"1198";"Wireless standard";false;"S";;
"6621";"Tablets";"6621";"Instant messaging (IM)";false;"S";;
"6205";"Tablets";"6205";"Display resolution (numeric)";false;"S";;
"1190";"Tablets";"1190";"Wireless network support";false;"S";;
"1579";"Mice";"1579";"Wireless connections";false;"S";;
"1574";"Tablets";"1574";"Scan technology";false;"S";;
"4898";"Mice";"4898";"Quantity outer carton 2";false;"S";;
"1573";"Tablets";"1573";"Signal-to-Noise Ratio (SNR)";false;"S";;
"9858";"Tablets";"9858";"Combo headphone/mic port";false;"S";;
"6611";"Tablets";"6611";"DisplayPorts quantity";false;"S";;
"15527";"Tablets";"15527";"MicroSD card reader";false;"S";;
"1189";"Laptops";"1189";"Integrated wireless LAN, type of network I/F chip";false;"S";;
"6617";"Mice";"6617";"Source data-sheet";false;"S";;
"1187";"Storage Servers";"1187";"Expansion description";false;"S";;
"10333";"Servers";"10333";"Intel Server Management Software";false;"S";;
"10334";"Servers";"10334";"Intel Remote Management Module Support";false;"S";;
"10335";"Servers";"10335";"Redundant fans support";false;"S";;
"10336";"Servers";"10336";"Integrated SAS ports";false;"S";;
"1183";"Storage Servers";"1183";"Serial interface type";false;"S";;
"10332";"Servers";"10332";"Embedded USB (eUSB) SSD option";false;"S";;
"1587";"Tablets";"1587";"Bandwidth";false;"S";;
"1586";"Storage Servers";"1586";"Expansion slots";false;"S";;
"6219";"Tablets";"6219";"Optional operating system supplied";false;"S";;
"1585";"Tablets";"1585";"Display resolution";true;"S";;
"4887";"PCs/Workstations";"4887";"Resolution";false;"S";;
"1594";"PCs/Workstations";"1594";"Video in";false;"S";;
"6220";"Tablets";"6220";"Drivers included";false;"S";;
"4894";"Mice";"4894";"EAN/UPC/GTIN (outer carton 2)";false;"S";;
"1592";"Mice";"1592";"Peripheral/ interface devices";false;"S";;
"6225";"Laptops";"6225";"Swivel webcam";false;"S";;
"3913";"Tablets";"3913";"CD-ROM";false;"S";;
"6224";"Tablets";"6224";"Password protection";false;"S";;
"7733";"Tablets";"7733";"Dust-resistant";false;"S";;
"3911";"Tablets";"3911";"Carrying case";false;"S";;
"1177";"Laptops";"1177";"Option type";false;"S";;
"10321";"Tablets";"10321";"Intel HD Audio Technology";false;"S";;
"1597";"Tablets";"1597";"Video capture resolution (max)";false;"S";;
"9882";"Laptops";"9882";"S-Video port";false;"S";;
"11441";"PCs/Workstations";"11441";"Storage media";false;"S";;
"11442";"PCs/Workstations";"11442";"Hybrid hard drive (H-HDD) cache type";false;"S";;
"11443";"PCs/Workstations";"11443";"Hybrid hard drive (H-HDD) capacity";false;"S";;
"11444";"PCs/Workstations";"11444";"Hybrid hard drive (H-HDD) cache memory";false;"S";;
"10318";"Servers";"10318";"Trusted Platform Module (TPM) version";false;"S";;
"11457";"Tablets";"11457";"4G LTE";false;"S";;
"4858";"Tablets";"4858";"Battery voltage";false;"S";;
"4857";"Tablets";"4857";"Battery weight";false;"S";;
"3965";"Tablets";"3965";"Manual";false;"S";;
"10380";"Laptops";"10380";"NVIDIA Optimus technology";false;"S";;
"4073";"Tablets";"4073";"WMA bit rates";false;"S";;
"4074";"Tablets";"4074";"WMA sample rates";false;"S";;
"4841";"PCs/Workstations";"4841";"Number of loudspeakers";false;"S";;
"4463";"Tablets";"4463";"Packaging type";false;"S";;
"2672";"Tablets";"2672";"Caller ID";false;"S";;
"10379";"Laptops";"10379";"Built-in Wi-Fi switch";false;"S";;
"7783";"Laptops";"7783";"eSATA/USB 3.0 ports quantity";false;"S";;
"7787";"Laptops";"7787";"Built-in processor";false;"S";;
"4460";"Tablets";"4460";"Mounting hole pattern (H x V)";false;"S";;
"4455";"Tablets";"4455";"Master carton depth";false;"S";;
"2663";"Tablets";"2663";"PCI Bus";false;"S";;
"4456";"Tablets";"4456";"Master carton height";false;"S";;
"5501";"Mice";"5501";"Gross weight";false;"S";;
"4457";"Tablets";"4457";"Master carton width";false;"S";;
"3951";"Tablets";"3951";"Headphones";false;"S";;
"4850";"Tablets";"4850";"Supported graphics resolutions";false;"S";;
"4087";"Tablets";"4087";"Charging time";false;"S";;
"10365";"Servers";"10365";"Integrated BMC with IPMI";false;"S";;
"10364";"Servers";"10364";"Rack rails";false;"S";;
"4471";"Mice";"4471";"Receiver width";false;"S";;
"4470";"Mice";"4470";"Receiver height";false;"S";;
"7772";"Keyboards & Desktops";"7772";"Full-size keyboard";false;"S";;
"4469";"Mice";"4469";"Receiver depth";false;"S";;
"4882";"Mice";"4882";"Maximum input power";false;"S";;
"3981";"Tablets";"3981";"Quick start guide";false;"S";;
"7761";"Tablets";"7761";"Micro-USB 2.0 ports quantity";false;"S";;
"2688";"Servers";"2688";"Airflow";false;"S";;
"3975";"Tablets";"3975";"Pouch";false;"S";;
"5528";"Tablets";"5528";"Frequency range";false;"S";;
"4064";"Tablets";"4064";"MP3 sample rates";false;"S";;
"5950";"Keyboards & Desktops";"5950";"Package weight";false;"S";;
"5167";"PCs/Workstations";"5167";"Video memory capacity";false;"S";;
"1109";"Tablets";"1109";"Non-operating altitude relative to sea level";false;"S";;
"1107";"Tablets";"1107";"Non-operating thermal gradient (max)";false;"S";;
"1104";"Storage Servers";"1104";"Networking features";false;"S";;
"1105";"Laptops";"1105";"Networking connector";false;"S";;
"12195";"Tablets";"12195";"Headphone out";false;"S";;
"1102";"Laptops";"1102";"Networking manufacturer";false;"S";;
"14026";"Laptops";"14026";"Memory Stick (MS) interface";false;"S";;
"1103";"Tablets";"1103";"Networking type";false;"S";;
"1100";"Tablets";"1100";"Expansion station";false;"S";;
"1101";"Tablets";"1101";"CardDock";false;"S";;
"1110";"Tablets";"1110";"Non-operating shock with/without CD-ROM drive installed";false;"S";;
"14024";"Laptops";"14024";"SD interface";false;"S";;
"5944";"Storage Servers";"5944";"Insight manager support";false;"S";;
"5943";"Storage Servers";"5943";"Maximum storage capacity (incl. expansion enclosures)";false;"S";;
"5159";"Tablets";"5159";"Mass storage class compliant";false;"S";;
"5174";"Tablets";"5174";"Internet connection required";false;"S";;
"5170";"Tablets";"5170";"USB required";false;"S";;
"5171";"Keyboards & Desktops";"5171";"Optical drive required";false;"S";;
"17161";"Servers";"17161";"Number of SSDs supported";false;"S";;
"6694";"Storage Servers";"6694";"RoHS compliance";false;"S";;
"5937";"Keyboards & Desktops";"5937";"Design features";false;"S";;
"5936";"Storage Servers";"5936";"Data and application protection";false;"S";;
"5932";"Storage Servers";"5932";"Output power";false;"S";;
"17816";"Tablets";"17816";"Reading mode";false;"S";;
"1124";"PCs/Workstations";"1124";"CD-ROM drive burst transfer rate (PIO mode 4)";false;"S";;
"1125";"PCs/Workstations";"1125";"CD-ROM DMA single mode transfer rate (DMA mode 2)";false;"S";;
"1122";"PCs/Workstations";"1122";"CD-ROM drive media supported";false;"S";;
"1123";"PCs/Workstations";"1123";"CD transfer rate (sustained mode)";false;"S";;
"1128";"PCs/Workstations";"1128";"CD-ROM drive average random seek time (CD-ROM mode)";false;"S";;
"1126";"PCs/Workstations";"1126";"CD-ROM DMA multi mode (DMA mode 1)";false;"S";;
"1132";"Servers";"1132";"CD-ROM interface type";false;"S";;
"1131";"Tablets";"1131";"Optical drive average full stroke access";false;"S";;
"1130";"PCs/Workstations";"1130";"CD-ROM drive average random access time";false;"S";;
"1111";"Tablets";"1111";"Non-operating vibration with/without CD-ROM drive installed";false;"S";;
"1112";"Storage Servers";"1112";"Operating temperature range (T-T)";false;"S";;
"1113";"Tablets";"1113";"Operating thermal gradient (max)";false;"S";;
"1115";"Tablets";"1115";"Operating altitude relative to sea level";false;"S";;
"1116";"Tablets";"1116";"Operating shock with/without CD-ROM drive installed";false;"S";;
"1117";"Tablets";"1117";"Operating vibration with/without CD-ROM drive installed";false;"S";;
"5150";"Laptops";"5150";"Built-in memory capacity";false;"S";;
"1118";"Tablets";"1118";"Internal memory access speed";false;"S";;
"5576";"Tablets";"5576";"Hot-swap";false;"S";;
"1121";"Tablets";"1121";"CD drive maximum speed";false;"S";;
"1120";"Storage Servers";"1120";"Optical drive type";true;"S";;
"1147";"Storage Servers";"1147";"Size";false;"S";;
"1146";"Tablets";"1146";"Drive devices applicable disk format";false;"S";;
"5579";"Laptops";"5579";"BD-RE read speed";false;"S";;
"5578";"Laptops";"5578";"BD-R read speed";false;"S";;
"1144";"Storage Servers";"1144";"Media compatibility";false;"S";;
"5991";"Tablets";"5991";"Dimension note (metric)";false;"S";;
"5990";"Mice";"5990";"Dimension note (imperial)";false;"S";;
"7301";"Laptops";"7301";"WCDMA bands supported";false;"S";;
"7302";"Tablets";"7302";"Dual SIM support";false;"S";;
"5586";"Tablets";"5586";"Solid-state drive capacity";false;"S";;
"5584";"Tablets";"5584";"Solid-state drive interfaces";false;"S";;
"5585";"Laptops";"5585";"Solid State Disk drive, height";false;"S";;
"14061";"Tablets";"14061";"SD included";false;"S";;
"6644";"Tablets";"6644";"3G";false;"S";;
"1138";"PCs/Workstations";"1138";"Storage capacity";false;"S";;
"1139";"Tablets";"1139";"Seek time";false;"S";;
"5589";"Laptops";"5589";"HD DVD-ROM read speed";false;"S";;
"1133";"PCs/Workstations";"1133";"CD-ROM drive transport";false;"S";;
"5981";"Servers";"5981";"Redundant power supply (RPS) option";false;"S";;
"8782";"Storage Servers";"8782";"Built-in display";false;"S";;
"5590";"Laptops";"5590";"HD DVD-ROM write speed";false;"S";;
"1140";"Storage Servers";"1140";"Drive device, transfer rate";false;"S";;
"14055";"Laptops";"14055";"WWAN module";false;"S";;
"14052";"PCs/Workstations";"14052";"Product type";false;"S";;
"1168";"Tablets";"1168";"Input type";false;"S";;
"5184";"Mice";"5184";"Sensor resolution";false;"S";;
"6626";"Tablets";"6626";"Text-to-speech message reader";false;"S";;
"1157";"Laptops";"1157";"Vendor";false;"S";;
"8400";"Servers";"8400";"EPEAT compliance";false;"S";;
"6623";"Tablets";"6623";"Assisted GPS (A-GPS)";false;"S";;
"15174";"Laptops";"15174";"Optical drive speed";false;"S";;
"15986";"Laptops";"15986";"Digitizer stylus";false;"S";;
"14031";"Laptops";"14031";"DVgate";false;"S";;
"11884";"Mice";"11884";"2 × AAA Ni-MH batteries";false;"S";;
"1163";"Storage Servers";"1163";"Track to track seek time (read/write)";false;"S";;
"1164";"Tablets";"1164";"Drive device maximum speed";false;"S";;
"1165";"Storage Servers";"1165";"Transfer rate (Mbps)";false;"S";;
"14783";"Tablets";"14783";"Mobile High-Definition Link (MHL)";false;"S";;
"10617";"Tablets";"10617";"Height adjustment range";false;"S";;
"12991";"Storage Servers";"12991";"Internal RAM type";false;"S";;
"607";"Servers";"607";"Safety";false;"S";;
"606";"Servers";"606";"Supported data transfer rates";false;"S";;
"2017";"Servers";"2017";"Multi processor capable description";false;"S";;
"2016";"PCs/Workstations";"2016";"Motherboard";false;"S";;
"10623";"Laptops";"10623";"Multi-touch";false;"S";;
"2020";"Tablets";"2020";"Operating temperature range (T-T)";false;"S";;
"15038";"Laptops";"15038";"Front camera resolution";false;"S";;
"8301";"Mice";"8301";"Number of buttons";false;"S";;
"623";"Servers";"623";"Automatic switching";false;"S";;
"622";"Storage Servers";"622";"Hard disk controller";false;"S";;
"621";"Storage Servers";"621";"Non-operating relative humidity (non-condensing)";false;"S";;
"614";"Tablets";"614";"Graphics";false;"S";;
"615";"PCs/Workstations";"615";"Video adapter driver availability";false;"S";;
"619";"Servers";"619";"Internal/External JetDirect";false;"S";;
"6594";"PCs/Workstations";"6594";"Hard disk rotational speed (group 2)";false;"S";;
"6593";"PCs/Workstations";"6593";"Hard disk rotational speed (group 1)";false;"S";;
"6592";"PCs/Workstations";"6592";"Hard disk interface (group 2)";false;"S";;
"6591";"PCs/Workstations";"6591";"Hard disk interface (group 1)";false;"S";;
"6590";"PCs/Workstations";"6590";"Storage capacity layout";false;"S";;
"7253";"Tablets";"7253";"RJ-11 ports quantity";false;"S";;
"6589";"PCs/Workstations";"6589";"Hard drive capacity (group 2)";false;"S";;
"3100";"Tablets";"3100";"Bytes per sector";false;"S";;
"16101";"Storage Servers";"16101";"Storage drives installed";false;"S";;
"16103";"Storage Servers";"16103";"Total installed storage capacity";false;"S";;
"16102";"Storage Servers";"16102";"Maximum supported storage capacity";false;"S";;
"6196";"Storage Servers";"6196";"Supported drives form factor";false;"S";;
"6197";"Storage Servers";"6197";"Tape or Disk Drives (range)";false;"S";;
"6198";"Storage Servers";"6198";"Usable capacity";false;"S";;
"16104";"Storage Servers";"16104";"Device class";false;"S";;
"16106";"Laptops";"16106";"Weight (tablet mode)";false;"S";;
"16107";"Laptops";"16107";"Height (tablet mode)";false;"S";;
"16108";"Laptops";"16108";"Depth (tablet mode)";false;"S";;
"6192";"Servers";"6192";"Software licensing option";false;"S";;
"16109";"Laptops";"16109";"Width (tablet mode)";false;"S";;
"6195";"Servers";"6195";"Maximum storage capacity";false;"S";;
"16114";"Storage Servers";"16114";"Drive bay locking";false;"S";;
"16113";"Laptops";"16113";"Battery capacity (tablet)";false;"S";;
"16112";"Laptops";"16112";"Number of battery cells (tablet)";false;"S";;
"16111";"Storage Servers";"16111";"Power supply unit (PSU) capacity";false;"S";;
"16110";"Laptops";"16110";"Battery life (tablet mode)";false;"S";;
"8817";"Laptops";"8817";"Number of hot keys";false;"S";;
"7274";"Tablets";"7274";"Mini DisplayPort quantity";false;"S";;
"7271";"Tablets";"7271";"Mini HDMI ports quantity";false;"S";;
"7273";"Storage Servers";"7273";"Built-in BitTorrent client";false;"S";;
"16119";"Storage Servers";"16119";"Hot-swap drive bays";false;"S";;
"16117";"Storage Servers";"16117";"Installed storage drive type";false;"S";;
"16118";"Storage Servers";"16118";"Supported storage drive types";false;"S";;
"16115";"Storage Servers";"16115";"Number of storage drives installed";false;"S";;
"16122";"Storage Servers";"16122";"Backup features";false;"S";;
"16121";"Storage Servers";"16121";"Backup function";false;"S";;
"16120";"Storage Servers";"16120";"Storage drive capacity";false;"S";;
"7266";"PCs/Workstations";"7266";"Cover material";false;"S";;
"687";"Storage Servers";"687";"Power availability";false;"S";;
"6160";"Tablets";"6160";"Standard memory capacity";false;"S";;
"682";"Tablets";"682";"White balance";false;"S";;
"685";"Tablets";"685";"Browser supported";false;"S";;
"6162";"Storage Servers";"6162";"Standard storage connection";false;"S";;
"6161";"Laptops";"6161";"Standard memory note";false;"S";;
"684";"Servers";"684";"NetServer navigator";false;"S";;
"2095";"Laptops";"2095";"Alarms";false;"S";;
"6169";"Servers";"6169";"Supported business applications";false;"S";;
"1525";"PCs/Workstations";"1525";"DVD rewrite speed";false;"S";;
"1524";"PCs/Workstations";"1524";"DVD write speed";false;"S";;
"3534";"Storage Servers";"3534";"FireWire 800";false;"S";;
"3533";"Storage Servers";"3533";"FireWire 400";false;"S";;
"3532";"Storage Servers";"3532";"eSATA";false;"S";;
"7682";"Servers";"7682";"Number of SSDs installed";false;"S";;
"10157";"Tablets";"10157";"Near Field Communication (NFC)";false;"S";;
"681";"Tablets";"681";"Certified operating system";false;"S";;
"10158";"Laptops";"10158";"Keyboard";false;"S";;
"1526";"PCs/Workstations";"1526";"Internal ROM";false;"S";;
"1529";"Storage Servers";"1529";"Network cards";false;"S";;
"678";"Servers";"678";"Supported TCP/IP Operating Systems";false;"S";;
"676";"PCs/Workstations";"676";"Video adapter memory upgrade";false;"S";;
"13246";"Tablets";"13246";"Pixel density";false;"S";;
"673";"Servers";"673";"Electromagnetic compatibility";false;"S";;
"2651";"Mice";"2651";"Control type";false;"S";;
"7282";"Tablets";"7282";"Talk time (2G)";false;"S";;
"672";"Storage Servers";"672";"Memory slots";false;"S";;
"7283";"Tablets";"7283";"Talk time (3G)";false;"S";;
"7284";"Tablets";"7284";"Standby time (2G)";false;"S";;
"7285";"Tablets";"7285";"Standby time (3G)";false;"S";;
"7287";"Laptops";"7287";"GSM bands supported";false;"S";;
"8394";"Keyboards & Desktops";"8394";"Wrist rest";false;"S";;
"6976";"Laptops";"6976";"BD-R Dual Layer read speed";false;"S";;
"3547";"PCs/Workstations";"3547";"Non-ECC";false;"S";;
"3546";"Tablets";"3546";"HD-Ready";false;"S";;
"6977";"Laptops";"6977";"BD-RE Dual Layer read speed";false;"S";;
"1513";"Storage Servers";"1513";"WAN connection";false;"S";;
"3548";"Tablets";"3548";"ExpressCard slot";false;"S";;
"6975";"Servers";"6975";"System bus data transfer rate";false;"S";;
"16537";"Servers";"16537";"Operating system language";false;"S";;
"6978";"Laptops";"6978";"BD-R Dual Layer write speed";false;"S";;
"6979";"Laptops";"6979";"BD-RE Dual Layer write speed";false;"S";;
"3143";"Servers";"3143";"LAN controller";false;"S";;
"7697";"Storage Servers";"7697";"Operating system version";false;"S";;
"7696";"Laptops";"7696";"Memory form factor";false;"S";;
"3141";"Mice";"3141";"Packaging material";false;"S";;
"1516";"Mice";"1516";"Response time";false;"S";;
"1515";"Laptops";"1515";"Diskette drive rotational speed";false;"S";;
"7698";"Tablets";"7698";"Touch technology";false;"S";;
"12516";"Tablets";"12516";"Dedicated volume controls";false;"S";;
"6183";"Storage Servers";"6183";"Supported hardware environment";false;"S";;
"2077";"Tablets";"2077";"Tilt angle";false;"S";;
"3512";"Storage Servers";"3512";"Data protection features";false;"S";;
"3516";"Storage Servers";"3516";"Integrated file serving (NAS)";false;"S";;
"1501";"Storage Servers";"1501";"LED indicators";false;"S";;
"3515";"Storage Servers";"3515";"Integrated application data storage (iSCSI SAN)";false;"S";;
"3514";"Storage Servers";"3514";"File serving support";false;"S";;
"1505";"Mice";"1505";"Wireless range";false;"S";;
"9020";"PCs/Workstations";"9020";"Discrete graphics memory type";false;"S";;
"1504";"Tablets";"1504";"Output power";false;"S";;
"9021";"Laptops";"9021";"Market positioning";false;"S";;
"3518";"Storage Servers";"3518";"Replication features";false;"S";;
"3517";"Storage Servers";"3517";"Microsoft exchange performance sizing";false;"S";;
"6171";"PCs/Workstations";"6171";"ROM type";false;"S";;
"3115";"Keyboards & Desktops";"3115";"Splash proof";false;"S";;
"6170";"Storage Servers";"6170";"Switch models";false;"S";;
"2081";"Tablets";"2081";"Video RAM";false;"S";;
"10183";"Laptops";"10183";"Number of speakers";false;"S";;
"698";"Servers";"698";"Supported DLC/LLC Operating Systems";false;"S";;
"13227";"Tablets";"13227";"Sound personalization";false;"S";;
"2084";"Tablets";"2084";"Control panel";false;"S";;
"6179";"Storage Servers";"6179";"Tape device emulated (type)";false;"S";;
"6178";"Storage Servers";"6178";"Tape devices emulated (max)";false;"S";;
"2089";"PCs/Workstations";"2089";"Video card driver";false;"S";;
"2088";"PCs/Workstations";"2088";"Blue Angel certified";false;"S";;
"6176";"Storage Servers";"6176";"Software support";false;"S";;
"6175";"Tablets";"6175";"Storage options";false;"S";;
"6174";"Laptops";"6174";"Service provider";false;"S";;
"3530";"PCs/Workstations";"3530";"Number of colors";false;"S";;
"2086";"Tablets";"2086";"Audio";false;"S";;
"3525";"Storage Servers";"3525";"Redundant fans description";false;"S";;
"3120";"PCs/Workstations";"3120";"Error Correction Mode (ECM)";false;"S";;
"3122";"Storage Servers";"3122";"MAC address filtering";false;"S";;
"2053";"Tablets";"2053";"Processor technology";false;"S";;
"2055";"Mice";"2055";"Quantity per box";false;"S";;
"647";"Servers";"647";"Acoustic power emissions";false;"S";;
"642";"Servers";"642";"Memory type";false;"S";;
"644";"Tablets";"644";"Memory description";false;"S";;
"10198";"Servers";"10198";"Intel Virtualization Technology";false;"S";;
"6116";"PCs/Workstations";"6116";"Product dimensions (without stand, metric)";false;"S";;
"14337";"Laptops";"14337";"Instant On";false;"S";;
"3577";"Tablets";"3577";"Fingerprint reader";false;"S";;
"1562";"Tablets";"1562";"Volume dial";false;"S";;
"3575";"Tablets";"3575";"BIOS password";false;"S";;
"1564";"Storage Servers";"1564";"L2 cache";false;"S";;
"3576";"Tablets";"3576";"Hard disk drive, user password";false;"S";;
"6114";"PCs/Workstations";"6114";"Product dimensions (with stand, imperial)";false;"S";;
"6115";"PCs/Workstations";"6115";"Product dimensions (without stand, imperial)";false;"S";;
"12969";"Tablets";"12969";"SafeSound";false;"S";;
"2060";"Tablets";"2060";"Security management";false;"S";;
"636";"Servers";"636";"External data storage";false;"S";;
"630";"Servers";"630";"Video card resolution";false;"S";;
"9019";"PCs/Workstations";"9019";"Discrete graphics adapter memory";false;"S";;
"14344";"Laptops";"14344";"WiMAX";false;"S";;
"9018";"PCs/Workstations";"9018";"Discrete graphics adapter model";false;"S";;
"2059";"PCs/Workstations";"2059";"Second optical drive driver software";false;"S";;
"1551";"Storage Servers";"1551";"Data transfer rate";false;"S";;
"9017";"PCs/Workstations";"9017";"On-board graphics adapter memory";false;"S";;
"9016";"PCs/Workstations";"9016";"On-board graphics adapter model";false;"S";;
"6142";"Storage Servers";"6142";"Storage mirroring";false;"S";;
"2033";"Storage Servers";"2033";"Power consumption (active)";false;"S";;
"2034";"Storage Servers";"2034";"Power consumption (off)";false;"S";;
"662";"PCs/Workstations";"662";"Program title 01";false;"S";;
"6140";"Storage Servers";"6140";"Required software";false;"S";;
"665";"Storage Servers";"665";"Management platform";false;"S";;
"666";"PCs/Workstations";"666";"Video adapter features";false;"S";;
"667";"Storage Servers";"667";"Operating altitude";false;"S";;
"1548";"Storage Servers";"1548";"Average latency";false;"S";;
"3171";"Storage Servers";"3171";"Maximum supported servers";false;"S";;
"3555";"Laptops";"3555";"Composite video in";false;"S";;
"6139";"Storage Servers";"6139";"Optional software";false;"S";;
"11271";"Keyboards & Desktops";"11271";"Island-style keyboard";false;"S";;
"1547";"Tablets";"1547";"DVD drive compatibility";false;"S";;
"3558";"Storage Servers";"3558";"RS-232 port";false;"S";;
"3574";"Tablets";"3574";"Trusted Platform Module (TPM)";false;"S";;
"6131";"Storage Servers";"6131";"SAN backup support";false;"S";;
"3158";"Tablets";"3158";"Hard disk drive partition";false;"S";;
"654";"Storage Servers";"654";"Burst transfer rate";false;"S";;
"3161";"Storage Servers";"3161";"Number of simultaneous users (local + network)";false;"S";;
"3565";"Servers";"3565";"S/PDIF in port";false;"S";;
"2036";"Storage Servers";"2036";"Power consumption (standby)";false;"S";;
"3566";"Storage Servers";"3566";"HDMI ports quantity";false;"S";;
"2035";"Storage Servers";"2035";"Power consumption (PowerSave)";false;"S";;
"1530";"Servers";"1530";"Optional connectivity";false;"S";;
"1535";"Tablets";"1535";"Battery recharge time";false;"S";;
"6129";"Storage Servers";"6129";"Recovery point";false;"S";;
"1533";"PCs/Workstations";"1533";"Analog signal format system";false;"S";;
"6127";"Storage Servers";"6127";"RAW capacity";false;"S";;
"1474";"Servers";"1474";"Mouse";false;"S";;
"4799";"Mice";"4799";"12 NC code";false;"S";;
"10206";"PCs/Workstations";"10206";"Number of 2.5\" bays";false;"S";;
"1476";"Servers";"1476";"Software certification";false;"S";;
"1479";"Servers";"1479";"Minimum/maximum expansion units per system";false;"S";;
"1478";"Servers";"1478";"Connection to system unit";false;"S";;
"1091";"Tablets";"1091";"LCD brightness (battery, super bright)";false;"S";;
"1090";"Laptops";"1090";"LCD brightness (AC adaptor, semi bright)";false;"S";;
"1093";"Tablets";"1093";"LCD brightness (battery, semi bright)";false;"S";;
"1092";"Tablets";"1092";"LCD brightness (battery, bright)";false;"S";;
"1094";"Tablets";"1094";"External video adapter resolution";false;"S";;
"1097";"Tablets";"1097";"Graphics accelerator";false;"S";;
"1096";"Tablets";"1096";"External video modes maximum refresh rate (non interlaced)";false;"S";;
"1099";"Tablets";"1099";"NetDock port replicator";false;"S";;
"1089";"Tablets";"1089";"LCD brightness (AC adaptor, bright)";false;"S";;
"1481";"Servers";"1481";"Number of server expansion bays";false;"S";;
"1482";"Servers";"1482";"Type of bays";false;"S";;
"1483";"Servers";"1483";"Diskette drive connection";false;"S";;
"1484";"Servers";"1484";"SCSI controller channels";false;"S";;
"1487";"Servers";"1487";"Rack option description";false;"S";;
"1486";"Servers";"1486";"Rack option";false;"S";;
"1485";"Storage Servers";"1485";"interface";false;"S";;
"1080";"Tablets";"1080";"DVD interface type";false;"S";;
"1489";"Servers";"1489";"Tape drive capacity (max)";false;"S";;
"1081";"Tablets";"1081";"DVD-ROM drive transport";false;"S";;
"1088";"Tablets";"1088";"LCD brightness (AC adaptor, super bright)";false;"S";;
"1078";"Tablets";"1078";"DVD drive average random seek time";false;"S";;
"1079";"Tablets";"1079";"DVD drive average random access time";false;"S";;
"1987";"Tablets";"1987";"Docking solution";false;"S";;
"1490";"Servers";"1490";"Tape drive connection";false;"S";;
"1491";"Servers";"1491";"Tape drive transfer rate";false;"S";;
"1988";"Servers";"1988";"Driver updates";false;"S";;
"1492";"Servers";"1492";"Tape drive form factor";false;"S";;
"1493";"Servers";"1493";"Tape drive type";false;"S";;
"1452";"Tablets";"1452";"Maximum internal memory";false;"S";;
"9984";"Tablets";"9984";"Processor architecture";false;"S";;
"1075";"Tablets";"1075";"DVD DMA multi mode (DMA mode 1)";false;"S";;
"1074";"Tablets";"1074";"DVD-ROM DMA single mode transfer rate (DMA mode 2)";false;"S";;
"1077";"Tablets";"1077";"DVD-ROM drive average random seek time (CD-ROM mode)";false;"S";;
"1071";"PCs/Workstations";"1071";"DVD drive media supported";false;"S";;
"1073";"Tablets";"1073";"DVD-ROM drive burst transfer rate (PIO mode 4)";false;"S";;
"10220";"Storage Servers";"10220";"Number of adapters included";false;"S";;
"1072";"PCs/Workstations";"1072";"DVD transfer rate (sustained mode)";false;"S";;
"1067";"PCs/Workstations";"1067";"Wake-on-Ring ready";false;"S";;
"1069";"Tablets";"1069";"DVD drive type";false;"S";;
"1461";"Servers";"1461";"Ethernet specifications";false;"S";;
"1469";"Servers";"1469";"Physical/logical drives";false;"S";;
"9991";"Storage Servers";"9991";"Number of storage drives supported";false;"S";;
"11748";"Mice";"11748";"Product (W x H x D)";false;"S";;
"9997";"Tablets";"9997";"On-board graphics adapter";false;"S";;
"1464";"Storage Servers";"1464";"Height";false;"S";;
"1066";"Laptops";"1066";"Communication ports";false;"S";;
"1065";"PCs/Workstations";"1065";"Modem chip";false;"S";;
"1064";"Storage Servers";"1064";"Supported protocols";false;"S";;
"1062";"Laptops";"1062";"Communication manufacturer";false;"S";;
"1061";"Tablets";"1061";"BIOS Plug and Play support";false;"S";;
"1060";"Tablets";"1060";"BIOS DDC support";false;"S";;
"1058";"Tablets";"1058";"BIOS DPMS support";false;"S";;
"1059";"Tablets";"1059";"BIOS VESA support";false;"S";;
"7617";"Laptops";"7617";"Maximum internal memory (64-bit)";false;"S";;
"2585";"Mice";"2585";"Purpose";false;"S";;
"1056";"Laptops";"1056";"BIOS memory size";false;"S";;
"1057";"Tablets";"1057";"BIOS advanced power management";false;"S";;
"2587";"Tablets";"2587";"Volume control";false;"S";;
"1472";"Servers";"1472";"RAID controller channels";false;"S";;
"1473";"Storage Servers";"1473";"RAID controller type";false;"S";;
"1470";"Storage Servers";"1470";"RAID levels";false;"S";;
"1471";"Storage Servers";"1471";"Cache internal";false;"S";;
"4753";"Tablets";"4753";"Lead-free soldered product";false;"S";;
"17071";"Tablets";"17071";"Mini-USB 3.0 ports quantity";false;"S";;
"2576";"Tablets";"2576";"Battery life";false;"S";;
"2574";"Storage Servers";"2574";"Hardware prerequisites";false;"S";;
"17070";"Tablets";"17070";"Micro-USB 3.0 ports quantity";false;"S";;
"4749";"Mice";"4749";"Banned substance declaration";false;"S";;
"5404";"Laptops";"5404";"WiFi certified";false;"S";;
"2564";"Servers";"2564";"Supported hard disk drive interfaces";false;"S";;
"2568";"Laptops";"2568";"Indication light";false;"S";;
"7637";"Storage Servers";"7637";"Fiber optic connector";false;"S";;
"10269";"Servers";"10269";"InfiniBand";false;"S";;
"1496";"Mice";"1496";"Connector(s)";false;"S";;
"1498";"Tablets";"1498";"Frequency range";false;"S";;
"10260";"Tablets";"10260";"Intel Active Management Technology";false;"S";;
"7664";"Tablets";"7664";"GPRS multislot class";false;"S";;
"7659";"PCs/Workstations";"7659";"Copper ethernet cabling technology";false;"S";;
"1003";"Tablets";"1003";"Keyboard easy keys";false;"S";;
"17518";"Tablets";"17518";"DLNA version";false;"S";;
"1001";"Tablets";"1001";"Keyboard key stroke";false;"S";;
"16956";"Tablets";"16956";"Kids tablet";false;"S";;
"1007";"Tablets";"1007";"Hot keys";false;"S";;
"1008";"Tablets";"1008";"Keyboard special features";false;"S";;
"1005";"Tablets";"1005";"Number of keyboard cursor keys";false;"S";;
"16952";"PCs/Workstations";"16952";"Speakers supplied";false;"S";;
"1006";"Tablets";"1006";"Numeric keypad";false;"S";;
"6556";"Tablets";"6556";"Mounting type";false;"S";;
"17031";"Storage Servers";"17031";"Powerful backup NovaBACKUP Professional";false;"S";;
"5843";"Storage Servers";"5843";"Remote management software";false;"S";;
"5848";"PCs/Workstations";"5848";"Case color";false;"S";;
"4310";"Tablets";"4310";"Superscroll";false;"S";;
"4312";"Tablets";"4312";"T9 text input";false;"S";;
"5027";"Laptops";"5027";"Noise-canceling";false;"S";;
"5835";"Storage Servers";"5835";"External storage controller";false;"S";;
"17029";"Laptops";"17029";"Display surface";false;"S";;
"5837";"Storage Servers";"5837";"External storage enclosure";false;"S";;
"6552";"Storage Servers";"6552";"Cartridge load/Unload cycles";false;"S";;
"5452";"PCs/Workstations";"5452";"HDMI version";false;"S";;
"1000";"Tablets";"1000";"Keyboard key pitch";false;"S";;
"1917";"Laptops";"1917";"SelectBay adaptor";false;"S";;
"1918";"Laptops";"1918";"System memory technology";false;"S";;
"17059";"PCs/Workstations";"17059";"Processor cache level";false;"S";;
"5826";"Mice";"5826";"Net weight (inner carton)";false;"S";;
"5824";"Servers";"5824";"Non-operating altitude (imperial)";false;"S";;
"5039";"Tablets";"5039";"Memory card included";false;"S";;
"1919";"Laptops";"1919";"Video modes display type";false;"S";;
"6587";"PCs/Workstations";"6587";"Number of hard drives installed (group 2)";false;"S";;
"6588";"PCs/Workstations";"6588";"Hard drive capacity (group 1)";false;"S";;
"6585";"Tablets";"6585";"Browsing time";false;"S";;
"6586";"PCs/Workstations";"6586";"Number of hard drives installed (group 1)";false;"S";;
"5427";"Tablets";"5427";"Wireless transmission";false;"S";;
"16940";"PCs/Workstations";"16940";"Water cooling system";false;"S";;
"1920";"Laptops";"1920";"Video modes maximum number of colors";false;"S";;
"16943";"Tablets";"16943";"MHL version";false;"S";;
"1921";"Laptops";"1921";"Video modes maximum refresh rate (non interlaced)";false;"S";;
"1926";"Servers";"1926";"Hard drive size";false;"S";;
"1927";"Servers";"1927";"Geographic coverage";false;"S";;
"1928";"Servers";"1928";"Key benefits";false;"S";;
"1929";"Servers";"1929";"Service time (days x hours)";false;"S";;
"1922";"Tablets";"1922";"Video modes resolution";false;"S";;
"1923";"Laptops";"1923";"Video modes technology";false;"S";;
"1924";"Servers";"1924";"Activation";false;"S";;
"1925";"Servers";"1925";"Exclusions";false;"S";;
"5811";"Storage Servers";"5811";"Clustering support";false;"S";;
"5810";"Storage Servers";"5810";"Cluster size (maximum)";false;"S";;
"6572";"Laptops";"6572";"Hard disk drive protection";false;"S";;
"5817";"Storage Servers";"5817";"Configured drive size";false;"S";;
"1934";"Servers";"1934";"Insurance range";false;"S";;
"1933";"Servers";"1933";"Minimum equipment value";false;"S";;
"1937";"Keyboards & Desktops";"1937";"Maximum operating distance";false;"S";;
"1048";"PCs/Workstations";"1048";"Wireless technology";false;"S";;
"1047";"Tablets";"1047";"Wireless communication manufacturer";false;"S";;
"1045";"Tablets";"1045";"Wireless compliancy";false;"S";;
"5478";"Tablets";"5478";"Height";false;"S";;
"1932";"Servers";"1932";"Maximum equipment value";false;"S";;
"1931";"Servers";"1931";"Terms & conditions";false;"S";;
"1930";"Servers";"1930";"Service level";false;"S";;
"1049";"Laptops";"1049";"Wireless communication version";false;"S";;
"1050";"Mice";"1050";"Input devices description";false;"S";;
"1054";"Tablets";"1054";"System management BIOS";false;"S";;
"1055";"Tablets";"1055";"BIOS flash ROM";false;"S";;
"1052";"Tablets";"1052";"BIOS manufacturer";false;"S";;
"5485";"Mice";"5485";"Tare weight";false;"S";;
"1053";"Tablets";"1053";"BIOS ACPI";false;"S";;
"5486";"Tablets";"5486";"Depth";false;"S";;
"11779";"Tablets";"11779";"Intel Small Business Advantage (SBA)";false;"S";;
"249";"Storage Servers";"249";"Certification";false;"S";;
"248";"Storage Servers";"248";"Security features";false;"S";;
"247";"Tablets";"247";"Casework";false;"S";;
"17942";"Storage Servers";"17942";"Dell E-Value Code";false;"S";;
"1037";"Tablets";"1037";"Internal memory expansion module sizes";false;"S";;
"1036";"Tablets";"1036";"Number of free internal memory expansion slots";false;"S";;
"1039";"Tablets";"1039";"Wired communication manufacturer";false;"S";;
"1038";"Tablets";"1038";"Internal memory manufacturer";false;"S";;
"5492";"Storage Servers";"5492";"Fan";false;"S";;
"1040";"Tablets";"1040";"Wired communication type";false;"S";;
"1041";"PCs/Workstations";"1041";"Networking topology";false;"S";;
"1042";"Tablets";"1042";"Wired communication features";false;"S";;
"1043";"Tablets";"1043";"Wired communication connector";false;"S";;
"1044";"Tablets";"1044";"Wired communication chipset";false;"S";;
"5874";"Servers";"5874";"Half-height bay note";false;"S";;
"5875";"Servers";"5875";"Half-height bays quantity";false;"S";;
"17959";"Laptops";"17959";"Battery capacity (tablet, Watt hours)";false;"S";;
"14838";"Tablets";"14838";"Docking connector type";false;"S";;
"17960";"Tablets";"17960";"Swivel camera";false;"S";;
"1954";"Tablets";"1954";"Height adjustment";false;"S";;
"1029";"Tablets";"1029";"Audio system full duplex";false;"S";;
"1028";"Tablets";"1028";"Audio system ports";false;"S";;
"1027";"Tablets";"1027";"Audio system maximum sampling rate";false;"S";;
"1025";"Tablets";"1025";"Built-in microphone";false;"S";;
"1024";"Tablets";"1024";"Speakers";false;"S";;
"5456";"Tablets";"5456";"Number of products included";false;"S";;
"1023";"Tablets";"1023";"Supported audio standards";false;"S";;
"1030";"Tablets";"1030";"Audio system direct sound";false;"S";;
"1031";"Tablets";"1031";"Audio system direct 3D sound";false;"S";;
"15856";"Tablets";"15856";"Storage";false;"S";;
"250";"Tablets";"250";"Bundled hardware";false;"S";;
"251";"Storage Servers";"251";"Bundled software";false;"S";;
"1969";"PCs/Workstations";"1969";"Configuration management";false;"S";;
"5099";"PCs/Workstations";"5099";"Cyberlink CaptureDV";false;"S";;
"1017";"Laptops";"1017";"Processor core voltage (AC)";false;"S";;
"1962";"Laptops";"1962";"Disc types supported";false;"S";;
"1019";"Tablets";"1019";"Co-processor";false;"S";;
"1013";"Tablets";"1013";"Processor manufacturer";false;"S";;
"1020";"Tablets";"1020";"Processor front side bus";false;"S";;
"1021";"Tablets";"1021";"Audio system manufacturer";false;"S";;
"6532";"Tablets";"6532";"Stereo sound";false;"S";;
