sku code;model;warehouse code;qty in stock
"C5A60EA";"6570b";"Main";412
"H5E92EA";"900 G1";"Main";0
"AM379A";"Integrity BL870c i4 c3000 Server Blade";"Main";123
"AT101A";"Integrity rx2800 i4 Rack Optimized Server";"Main";919
"AM378A";"Integrity BL870c i4 c7000 Server Blade";"Main";985
"663600-B22";"ProLiant SL454x 2x Node Chassis";"Main";0
"SVS1313R9EB";"SVS1313R9E";"Main";624
"SVE1513O9ESI";"SVE1513O9E";"Main";798
"H5E92EA-ABH";"900 G1";"Main";688
"C5A66EA";"6570b";"Main";170
"C5A56EA-ABH";"ProBook 6475b Notebook PC";"Main";843
"C5A61EA-ABH";"ProBook 6570b Notebook PC";"Main";458
"C5A66EA-ABH";"6570b";"Main";0
"H5E57EA-ABH";"ProBook 6470b Notebook PC";"Main";176
"NT-L16EE-002";"Tab B1 16GB WiFi";"Main";508
"DT528AT-B13";"USB Standard Keyboard";"Main";652
"H5E56EA";"6470b";"Main";778
"H5E74EA";"6570b";"Main";42
"H5E77ET";"6570b";"Main";880
"721546-041";"ML310e Gen8";"Main";64
"721546-051";"ProLiant ML310e Gen8 G2020 2GB-U Non-hot Plug LFF 350W PS Server";"Main";164
"7147D4G";"3690 X5";"Main";758
"H5F24EA";"ProBook 6470b Notebook PC";"Main";184
"664646-B23";"ProLiant SL4545 G7 Tray 3x Node Server";"Main";459
"LY542EA-ABB";"8470w";"Main";616
"QY776AT-ABB";"USB Keyboard";"Main";548
"H5F23EA-ABH";"6470b";"Main";155
"E0H92AA-ABB";"7 2800 Tablet";"Main";132
"SGP311DEAB";"Z";"Main";308
"SGP321E2";"Z";"Main";175
"SGP312DEAW";"Z";"Main";865
"E0P94AA-ABB";"7 2801 Tablet";"Main";428
"SGP312E1AB-CE3";"Z 32GB Wi-Fi";"Main";341
"D0M18B";"Vertica DL380p Gen8 V16 Server";"Main";163
"663600-B23";"ProLiant SL454x 3x Node Chassis";"Main";830
"664644-B23-0D1";"ProLiant SL4540 Gen8 Tray 3x Node Server";"Main";763
"SGP312E4AB";"Z";"Main";0
"H5F77EA";"900 G1";"Main";65
"NT-L1CEG-001";"A1-810";"Main";0
"2583F2U";"3250 M4";"Main";444
"NT-L1JEH-005";"W3-810 64GB";"Main";101
"H5F87EA";"900";"Main";129
"H5F58EA";"900 G1";"Main";991
"NT-L1CEE-004";"A1-810 16GB Wi-Fi";"Main";521
"E2T66EA";"10-h000sa";"Main";358
"E4A07EA";"TouchSmart 15-j003ed";"Main";984
"H5F59EA";"ElitePad 900 G1 Tablet";"Main";572
"E3Z77EA-ABH";"11-e000ed";"Main";99
"GT-P5210ZWA";"3 10.1";"Main";902
"E2T58EA-ABH";"17-e004ed";"Main";773
"712317-421";"MicroServer Gen8";"Main";545
"712329-421";"ML310e Gen8 v2";"Main";221
"DT527A";"PS/2 Standard Keyboard";"Main";563
"H5F58EA-ABH";"900 G1";"Main";232
"712329-031";"ProLiant ML310e Gen8 v2 E3-1220v3 1P 4GB-U B120i 350W PS Svr";"Main";257
"724146-425";"ProLiant MicroSvr Gen8 G1610T 1P 4GB-U B120i NHP SATA 1TB LFF 150W PS Svr/GO";"Main";641
"726043-425";"ProLiant DL320e Gen8 v2 E3-1230v3 1P 4GB-U NHP 2 LFF 300W PS Server/GO";"Main";195
"724160-045";"ML310e Gen8";"Main";0
"GT-P5210ZWAPHN";"3 10.1";"Main";393
"GT-P5210ZWALUX";"3 10.1";"Main";747
"NT-L1VEH-001";"B1-710 16GB WiFi";"Main";841
"H5F86EA-ABH";"900";"Main";740
"631348-B21-0D1";"USB BFR with PVC Free ES Keyboard/Mouse Kit";"Main";302
"NT-L1VEE-004";"B1-710 16GB WiFi";"Main";74
"ME302C-A1-BL";"ME302C-A1-BL";"Main";268
"ME302C-A1-WH";"ME302C-A1-WH";"Main";803
"SGP312A1W";"32GB Wi-Fi";"Main";572
"E8P93EA-ABH";"15-n002ed";"Main";280
"E8P97EA-ABH";"15-n056ed";"Main";552
"GT-P5210MKAPHN";"3 10.1";"Main";791
"GT-P5210MKA";"3 10.1";"Main";363
"730651-421";"ProLiant ML10 G2130 1P 2GB-U B110i 300W PS Entry Server";"Main";743
"H5G18ET";"840 G1";"Main";211
"H5G28ET";"840";"Main";486
"F0B18A";"ProLiant DL385p Gen8 6376 1P 8GB-R 460W PS Server/TV";"Main";483
"E2A60UT";"230 MT";"Main";147
"GT-P5210GNA";"3 10.1";"Main";842
"H5G17EA";"840 G1";"Main";502
"H5G21EA";"840 G1";"Main";712
"H5G24EA";"840 G1";"Main";855
"H5G30EA";"840 G1";"Main";813
"GT-P5210MKALUX";"3 10.1";"Main";796
"AM377A-0D1";"Integrity BL860c i4 Server Blade";"Main";902
"733733-421";"DL360p Gen8";"Main";238
"709942-421";"DL380p Gen8";"Main";878
"709943-421";"DL380p Gen8";"Main";0
"724082-B21";"ProLiant BL460c Gen8 E5-2670v2 2P 64GB-R P220i/512 FBWC Server";"Main";378
"724086-B21";"BL460c Gen8";"Main";465
"724087-B21";"BL460c Gen8";"Main";21
"724088-B21";"BL460c Gen8";"Main";0
"733738-421";"DL360p Gen8";"Main";613
"736958-421";"ML350p Gen8";"Main";721
"736968-031";"ProLiant ML350p Gen8 E5-2650v2 2P 16GB-R P420i/2GB FBWC 8 SFF 750W RPS Server";"Main";139
"736958-051";"ProLiant ML350p Gen8 E5-2620v2 1P 8GB-R P420i/512 FBWC 8 SFF 460W PS Server";"Main";403
"736947-041";"ML350p Gen8";"Main";129
"736968-041";"ML350p Gen8";"Main";983
"736982-425";"ProLiant ML350p Gen8 E5-2620v2 2.1GHz 6-core 1P 8GB-R P420i/512 2x300GB SFF 460W PS Svr/GO";"Main";0
"F2V71EA-ABH";"15-n014ed";"Main";153
"F4T69EA-ABH";"15-n008ed";"Main";0
"F4T76EA-ABH";"15-n077ed";"Main";248
"F2T52EA-ABH";"15-n076ed";"Main";147
"F2T59EA-ABH";"17-e075ed";"Main";0
"E8P84EA";"15-n050ed";"Main";458
"F2T52EA";"15-n076ed";"Main";901
"F2T59EA";"17-e075ed";"Main";881
"SVT1312V1RS";"SVT1312V1R";"Main";787
"SVS1513V9RB";"SVS1513V9R";"Main";109
"SVS1513M1RW";"SVS1513M1R";"Main";687
"F2U76EA";"17-j120ed Leap Motion TS SE";"Main";774
"E3W30UT";"840 G1";"Main";149
"F2P22UT";"840 G1";"Main";816
"469-4355";"12 (9q33)";"Main";241
"469-4356";"12 (9q33)";"Main";754
"H5G26ET";"840 G1";"Main";844
"E6D77AT";"USB SmartCard CCID Keyboard";"Main";203
"H5G17EA-ABH";"840 G1";"Main";163
"H5G19EA-ABH";"840 G1";"Main";712
"H5G21EA-ABH";"840 G1";"Main";86
"H5G26EA-ABH";"840 G1";"Main";582
"H5G30EA-ABH";"840 G1";"Main";239
"H5G32EA-ABH";"840 G1";"Main";733
"H5G29EA";"840 G1";"Main";743
"H5G32EA";"840 G1";"Main";0
"E4Z29ET";"6305 SFF";"Main";0
"H5G16EA";"840 G1";"Main";565
"H5G18EA";"840 G1";"Main";473
"F1N25EA";"840 G1";"Main";729
"H5G19EA";"840 G1";"Main";601
"H5G26EA";"840 G1";"Main";902
"735151-B21";"BL460c Gen8";"Main";241
"F1R88AW";"840 G1";"Main";989
"NT-L29EE-008";"A3-A10 16 GB WiFi";"Main";179
"D4T10AW-AKD-H4F20AA-ABB";"900 G1";"Main";415
"D4T15AA-AKD-H4F20AA-ABB";"ElitePad 900 G1 Tablet";"Main";600
"F4T66EA";"13-p100ed x2";"Main";931
"E2A60UTABA";"230 MT";"Main";573
"H5F74EA";"840 G1";"Main";860
"NS-MKIT100";"NS-MKIT100";"Main";453
"F2P26UT";"840 G1";"Main";0
"F4U47EA-ABH";"10-e001ed";"Main";166
"F1N76EA";"900 G1";"Main";37
"733644-425";"DL380p Gen8";"Main";38
"H5G60EA";"645 G1";"Main";424
"H5G64EA";"640 G1";"Main";287
"H5G66EA";"640 G1";"Main";551
"H5G77EA";"650";"Main";265
"H5G79EA";"650 G1";"Main";931
"736974-425";"ML350p Gen8";"Main";632
"737287-425";"ProLiant DL360p Gen8 E5-2620v2 1P 8GB-R P420i/1GB FBWC 460W PS Server/TV";"Main";233
"712327-051";"ProLiant ML310e Gen8 v2 i3-4130 1P 2GB-U NHP 4 LFF 350W PS Entry Svr";"Main";910
"F4W53EA";"7 Plus 4200eg";"Main";734
"F2P27UA";"840 G1";"Main";354
"H5G74ET";"650 G1";"Main";318
"H5G75ET";"650 G1";"Main";19
"PT330E-0VF03JCE";"R930-1MM";"Main";925
"H5G77EA-ABH";"650";"Main";457
"F4X12EA";"10 HD 3500eg";"Main";787
"E3U25UT";"405 G1 MT";"Main";776
"E3U25UTABA";"405 G1 MT";"Main";0
"H5G78EA";"650 G1";"Main";570
"H5G22EA-ABH";"840 G1";"Main";593
"H5G23EA-ABH";"840 G1";"Main";772
"H5G18EA-ABH";"840 G1";"Main";786
"NT-L0KEH-005";"W510";"Main";958
"H5G81EA-ABH";"650 G1";"Main";478
"H5G69EA-ABH";"640 G1";"Main";14
"F1R88AW-ABH";"840 G1";"Main";142
"F1R92AW-ABH";"840 G1";"Main";555
"F1R86AW-ABH";"840 G1";"Main";658
"H5G29EA-ABH";"840 G1";"Main";321
"H5G28EA-ABH";"840 G1";"Main";114
"H5G25EA-ABH";"840 G1";"Main";126
"H5G24EA-ABH";"840 G1";"Main";169
"H5F74EA-ABH";"840 G1";"Main";72
"NT-L31EH-005";"W4-820";"Main";70
"F5B81EA-ABH";"11-e100ed";"Main";242
"F5C00EA";"15-n200ed";"Main";342
"F5C10EA";"15-n210ed";"Main";272
"F5C10EA-ABH";"15-n210ed";"Main";429
"F9G11EA-ABH";"15-n213ed";"Main";452
"F5C12EA";"15-n212ed";"Main";882
"F5C32EA";"17-j100ed";"Main";928
"F5C32EA-ABH";"17-j100ed";"Main";337
"G1F24PA";"840 G1";"Main";296
"F1N62EA";"900 G1";"Main";715
"F1N64EA";"ElitePad 900 G1 Tablet";"Main";872
"F9G12EA";"15-n215ed";"Main";425
"NP940X3G-K03FR";"NP940X3G";"Main";558
"748209-425";"ProLiant DL380e Gen8 E5-2407v2 1P 8GB-R SATA 1TB 460W PS Server/TV";"Main";409
"19733";"Isotto Wired Mini Mouse";"Main";59
"SM-T111NDWANEE";"3 7.0 Lite";"Main";714
"747089-421";"DL360e Gen8";"Main";589
"747090-421";"DL360e Gen8";"Main";0
"747767-421";"DL380e Gen8";"Main";117
"747769-421";"DL380e Gen8";"Main";681
"740899-031";"ProLiant ML350e Gen8 v2 E5-2407 1P 4GB-U B120i 460W PS Base Server";"Main";671
"90NB0391-M01050";"K95VB-YZ075H";"Main";885
"NT-L3JEE-005";"B1-720";"Main";900
"NT-L2AEE-010";"A3-A11";"Main";626
"NT-L0MEH-014";"W510";"Main";543
"D3J20LT-ABM-LA";"6305 SFF";"Main";660
"GT-P5200MKAXEO";"3 10.1";"Main";0
"SM-T520ZWALUX";"Pro 10.1";"Main";419
"F8Q86EA";"17-j106sg";"Main";545
"SM-T520NZWAPHN";"Pro 10.1";"Main";191
"SM-T520NZKAPHN";"Pro 10.1";"Main";766
"20A8002FUK";"X1 Carbon";"Main";328
"20A8002GUK";"X1 Carbon";"Main";465
"20A8002HGE";"X1 Carbon";"Main";251
"F1N62EA-ABH";"900 G1";"Main";700
"F1N49EA";"900 G1";"Main";394
"H6P82EA";"ElitePad 900 G1 Tablet";"Main";232
"NT-L3WEE-002";"A1-830";"Main";622
"728547-421";"DL580";"Main";351
"SGP512E1AW-EC5";"Z2";"Main";113
"G6X12AW";"1000 G2";"Main";569
"732341-421";"ProLiant DL560 Gen8 E5-4610v2 2P 32GB-R Hot Plug SFF 1200W RPS Server";"Main";991
"F4Q34EA";"ProDesk 400 G1 Small Form Factor PC";"Main";71
"G6X12AW-ABH";"1000 G2";"Main";344
"G2E68EA-ABB";"7 6101en VoiceTab";"Main";14
"VFYZQ7040M87B1ES";"Q704";"Main";806
"VFYZQ5840M80A2ES";"Q584";"Main";816
"G2E67EA";"6 6001en VoiceTab";"Main";739
"G1K29AA";"G1K29AA";"Main";961
"70B0000EUX";"RD640";"Main";27
"E2A60UTRABA";"230 MT";"Main";915
"E4Z29ETABU-MFC00007";"6305 SFF";"Main";56
"E4Z29ETABU";"6305 SFF";"Main";0
"J4C95AA";"Chromebox";"Main";909
"J4C96AA";"Chromebox";"Main";260
"F1Q78EA-ABH";"1000 G2";"Main";543
"SGP511B2AB-EC5";"Z2 FIFA";"Main";403
"F1Q70EA";"1000 G2";"Main";265
"F1Q75EA";"1000 G2";"Main";884
"F1Q72EA";"1000 G2";"Main";732
"VFYZP0720PXSA1CZ";"P720 E85+";"Main";41
"J6T84AW-ABH";"1000 G2";"Main";492
"J6T92AW-ABH";"1000 G2";"Main";295
"E3U25UTRABA";"405 G1 MT";"Main";343
"TABLET-S100SILVER";"TABLET-S100SILVER";"Main";982
"TABLET-UN100BLACK";"TABLET-UN100BLACK";"Main";323
"768748-371";"ProLiant ML310e Gen8 v2 i3-4150 1P 2GB-U B120i Non-hot Plug 350W PS Entry Server";"Main";973
"768645-421";"ProLiant DL320e Gen8 v2 E3-1241v3 1P 8GB-U P222 Hot Plug 4 SFF Perf Svr";"Main";305
"768638-AA1";"ProLiant DL320e Gen8 v2 G3240 1P 2GB-U Non-hot Plug 2 LFF Entry Server";"Main";711
"768752-425";"ProLiant ML310e Gen8 v2 i3-4150 1P 4GB-U B120i Non-hot Plug 350W PS Server/TV";"Main";105
"768729-041";"ProLiant ML310e Gen8 v2 E3-1241v3 1P 8GB-U B120i 460W PS Performance Server";"Main";174
"768729-051";"ProLiant ML310e Gen8 v2 E3-1241v3 1P 8GB-U B120i 460W PS Performance Server";"Main";0
"768748-031";"ProLiant ML310e Gen8 v2 i3-4150 1P 2GB-U B120i Non-hot Plug 350W PS Entry Server";"Main";0
"768729-371";"ProLiant ML310e Gen8 v2 E3-1241v3 1P 8GB-U B120i 460W PS Performance Server";"Main";875
"768748-041";"ProLiant ML310e Gen8 v2 i3-4150 1P 2GB-U B120i Non-hot Plug 350W PS Entry Server";"Main";230
"768748-421";"ProLiant ML310e Gen8 v2 i3-4150 1P 2GB-U B120i Non-hot Plug 350W PS Entry Server";"Main";382
"768748-051";"ProLiant ML310e Gen8 v2 i3-4150 1P 2GB-U B120i Non-hot Plug 350W PS Entry Server";"Main";232
"57329724";"515";"Main";59
"M11BB-NR040S";"M11BB-NR040S";"Main";121
"QY776AA-B15";"USB Keyboard for PC";"Main";627
"70B0000ESP";"RD640";"Main";117
"19829";"Evo Advanced Laser Mouse";"Main";508
"SM-T531NYKASER";"Galaxy Tab 4 10.1\" 3G";"Main";640
"PDW0AE-00900PEN";"WT8-B-102";"Main";704
"VFYZW5300W28A1IT";"W530";"Main";469
"E2A60UTR";"230 MT";"Main";608
"E3U25UTR";"405 G1 MT";"Main";0
"PDW0BE-00600TEN";"WT10-A";"Main";293
"VFYZP0520P27A1IT";"P520 E85+";"Main";551
"VFYZP0920PXP81IT";"P920 E85+";"Main";960
"VFYZQ0520P73A1IT";"Q520";"Main";403
"VFYZW5300W28B1IT";"W530";"Main";936
"70B0000ERU";"RD640";"Main";579
"CA012D3020MT11HSW";"3020 MT";"Main";308
"CA023D3020MT11HSW";"3020 MT";"Main";973
"CA004D3020MT11HSW";"3020 MT";"Main";965
"CA020D3020MT11HSW";"3020 MT";"Main";22
"70CK9000WWAK4";"EMC px4-400r 8TB";"Main";984
"70CK9000WWAK1";"EMC px4-400r 4TB";"Main";775
"70CK9000WWAK2";"EMC px4-400r 8TB";"Main";0
"70CK9000WWAK3";"EMC px4-400r 12TB";"Main";495
"70CK9000WWAK5";"EMC px4-400r 12TB";"Main";640
"J0F20ET";"800 G1 SFF";"Main";988
"J4C96AA-ABH";"Chromebox";"Main";723
"J4C98AA-ABH";"Chromebox";"Main";777
"G0K55AV";"EliteDesk 705 G1 Base Model Small Form Factor PC";"Main";660
"G0K54AV";"EliteDesk 705 G1 Base Model Microtower PC";"Main";744
"J8Q17EA";"ElitePad 1000 G2 Tablet";"Main";879
"J8Q20EA";"ElitePad 1000 G2 Tablet";"Main";301
"J8Q14EA";"ElitePad 1000 G2 Tablet";"Main";50
"57326147";"H535";"Main";870
"D5S20EA-ABB";"400 G1 SFF";"Main";80
"A70CV-AT4501";"A70CV.AT4501";"Main";0
"D3J20LT";"6305 SFF";"Main";559
"A70CV-AH450P";"A70CV.AH450P";"Main";468
"A70CH-AH4511";"A70CH.AH4511";"Main";760
"A75CV-AH4301";"A75CV.AH4301";"Main";506
"XE3000TC-EG1CN";"XE3000TC";"Main";242
"XE300TZC-K01CL";"XE300TZC";"Main";618
"XE5100TC-EG1CN";"XE5100TC";"Main";0
"XE700T1C-G02MY";"Tab 7";"Main";147
"XE7100TC-EG1CN";"Tab 7";"Main";838
"NT-L3WAA-003";"A1-830-1838";"Main";382
"E7Q32US";"600 G1";"Main";0
"CA019D3020SFF11HSW";"3020 MT";"Main";793
"SM010D3020MT11HSW1";"3020 MT";"Main";545
"SM016D3020MT11HSW1";"3020 MT";"Main";432
