sku code;model;shop code;currency;list price;tier;sale price
"C5A60EA";"6570b";"SHOP10";"USD";2620.71;1;
"C5A60EA";"6570b";"SHOP10";"EUR";1959.56;1;
"C5A60EA";"6570b";"SHOP10";"UAH";34371.92;1;
"H5E92EA";"900 G1";"SHOP10";"USD";1153.89;1;
"H5E92EA";"900 G1";"SHOP10";"EUR";862.79;1;
"H5E92EA";"900 G1";"SHOP10";"UAH";15133.84;1;
"AM379A";"Integrity BL870c i4 c3000 Server Blade";"SHOP10";"USD";1647.41;1;
"AM379A";"Integrity BL870c i4 c3000 Server Blade";"SHOP10";"EUR";1231.80;1;
"AM379A";"Integrity BL870c i4 c3000 Server Blade";"SHOP10";"UAH";21606.61;1;
"AT101A";"Integrity rx2800 i4 Rack Optimized Server";"SHOP10";"USD";2376.40;1;
"AT101A";"Integrity rx2800 i4 Rack Optimized Server";"SHOP10";"EUR";1776.88;1;
"AT101A";"Integrity rx2800 i4 Rack Optimized Server";"SHOP10";"UAH";31167.67;1;
"AM378A";"Integrity BL870c i4 c7000 Server Blade";"SHOP10";"USD";1716.55;1;
"AM378A";"Integrity BL870c i4 c7000 Server Blade";"SHOP10";"EUR";1283.50;1;
"AM378A";"Integrity BL870c i4 c7000 Server Blade";"SHOP10";"UAH";22513.41;1;
"663600-B22";"ProLiant SL454x 2x Node Chassis";"SHOP10";"USD";2845.80;1;
"663600-B22";"ProLiant SL454x 2x Node Chassis";"SHOP10";"EUR";2127.86;1;
"663600-B22";"ProLiant SL454x 2x Node Chassis";"SHOP10";"UAH";37324.09;1;
"SVS1313R9EB";"SVS1313R9E";"SHOP10";"USD";1992.05;1;
"SVS1313R9EB";"SVS1313R9E";"SHOP10";"EUR";1489.50;1;
"SVS1313R9EB";"SVS1313R9E";"SHOP10";"UAH";26126.73;1;
"SVE1513O9ESI";"SVE1513O9E";"SHOP10";"USD";1831.61;1;
"SVE1513O9ESI";"SVE1513O9E";"SHOP10";"EUR";1369.53;1;
"SVE1513O9ESI";"SVE1513O9E";"SHOP10";"UAH";24022.48;1;
"H5E92EA-ABH";"900 G1";"SHOP10";"USD";1854.04;1;
"H5E92EA-ABH";"900 G1";"SHOP10";"EUR";1386.30;1;
"H5E92EA-ABH";"900 G1";"SHOP10";"UAH";24316.66;1;
"C5A66EA";"6570b";"SHOP10";"USD";2877.70;1;
"C5A66EA";"6570b";"SHOP10";"EUR";2151.71;1;
"C5A66EA";"6570b";"SHOP10";"UAH";37742.47;1;
"C5A56EA-ABH";"ProBook 6475b Notebook PC";"SHOP10";"USD";1056.30;1;
"C5A56EA-ABH";"ProBook 6475b Notebook PC";"SHOP10";"EUR";789.82;1;
"C5A56EA-ABH";"ProBook 6475b Notebook PC";"SHOP10";"UAH";13853.90;1;
"C5A61EA-ABH";"ProBook 6570b Notebook PC";"SHOP10";"USD";3112.33;1;
"C5A61EA-ABH";"ProBook 6570b Notebook PC";"SHOP10";"EUR";2327.15;1;
"C5A61EA-ABH";"ProBook 6570b Notebook PC";"SHOP10";"UAH";40819.76;1;
"C5A66EA-ABH";"6570b";"SHOP10";"USD";1409.47;1;
"C5A66EA-ABH";"6570b";"SHOP10";"EUR";1053.89;1;
"C5A66EA-ABH";"6570b";"SHOP10";"UAH";18485.90;1;
"H5E57EA-ABH";"ProBook 6470b Notebook PC";"SHOP10";"USD";1741.20;1;
"H5E57EA-ABH";"ProBook 6470b Notebook PC";"SHOP10";"EUR";1301.93;1;
"H5E57EA-ABH";"ProBook 6470b Notebook PC";"SHOP10";"UAH";22836.71;1;
"NT-L16EE-002";"Tab B1 16GB WiFi";"SHOP10";"USD";2817.19;1;
"NT-L16EE-002";"Tab B1 16GB WiFi";"SHOP10";"EUR";2106.47;1;
"NT-L16EE-002";"Tab B1 16GB WiFi";"SHOP10";"UAH";36948.86;1;
"DT528AT-B13";"USB Standard Keyboard";"SHOP10";"USD";1430.38;1;
"DT528AT-B13";"USB Standard Keyboard";"SHOP10";"EUR";1069.52;1;
"DT528AT-B13";"USB Standard Keyboard";"SHOP10";"UAH";18760.15;1;
"H5E56EA";"6470b";"SHOP10";"USD";1137.93;1;
"H5E56EA";"6470b";"SHOP10";"EUR";850.85;1;
"H5E56EA";"6470b";"SHOP10";"UAH";14924.52;1;
"H5E74EA";"6570b";"SHOP10";"USD";1031.22;1;
"H5E74EA";"6570b";"SHOP10";"EUR";771.06;1;
"H5E74EA";"6570b";"SHOP10";"UAH";13524.97;1;
"H5E77ET";"6570b";"SHOP10";"USD";3252.83;1;
"H5E77ET";"6570b";"SHOP10";"EUR";2432.21;1;
"H5E77ET";"6570b";"SHOP10";"UAH";42662.49;1;
"721546-041";"ML310e Gen8";"SHOP10";"USD";615.48;1;
"721546-041";"ML310e Gen8";"SHOP10";"EUR";460.21;1;
"721546-041";"ML310e Gen8";"SHOP10";"UAH";8072.33;1;
"721546-051";"ProLiant ML310e Gen8 G2020 2GB-U Non-hot Plug LFF 350W PS Server";"SHOP10";"USD";2919.31;1;2627.3790
"721546-051";"ProLiant ML310e Gen8 G2020 2GB-U Non-hot Plug LFF 350W PS Server";"SHOP10";"EUR";2182.83;1;1964.5470
"721546-051";"ProLiant ML310e Gen8 G2020 2GB-U Non-hot Plug LFF 350W PS Server";"SHOP10";"UAH";38288.21;1;34459.3890
"7147D4G";"3690 X5";"SHOP10";"USD";3283.09;1;
"7147D4G";"3690 X5";"SHOP10";"EUR";2454.83;1;
"7147D4G";"3690 X5";"SHOP10";"UAH";43059.37;1;
"H5F24EA";"ProBook 6470b Notebook PC";"SHOP10";"USD";3422.32;1;
"H5F24EA";"ProBook 6470b Notebook PC";"SHOP10";"EUR";2558.94;1;
"H5F24EA";"ProBook 6470b Notebook PC";"SHOP10";"UAH";44885.44;1;
"664646-B23";"ProLiant SL4545 G7 Tray 3x Node Server";"SHOP10";"USD";1311.11;1;
"664646-B23";"ProLiant SL4545 G7 Tray 3x Node Server";"SHOP10";"EUR";980.34;1;
"664646-B23";"ProLiant SL4545 G7 Tray 3x Node Server";"SHOP10";"UAH";17195.86;1;
"LY542EA-ABB";"8470w";"SHOP10";"USD";3417.34;1;
"LY542EA-ABB";"8470w";"SHOP10";"EUR";2555.21;1;
"LY542EA-ABB";"8470w";"SHOP10";"UAH";44820.12;1;
"QY776AT-ABB";"USB Keyboard";"SHOP10";"USD";1960.32;1;
"QY776AT-ABB";"USB Keyboard";"SHOP10";"EUR";1465.77;1;
"QY776AT-ABB";"USB Keyboard";"SHOP10";"UAH";25710.58;1;
"H5F23EA-ABH";"6470b";"SHOP10";"USD";2088.60;1;
"H5F23EA-ABH";"6470b";"SHOP10";"EUR";1561.69;1;
"H5F23EA-ABH";"6470b";"SHOP10";"UAH";27393.03;1;
"E0H92AA-ABB";"7 2800 Tablet";"SHOP10";"USD";3268.61;1;
"E0H92AA-ABB";"7 2800 Tablet";"SHOP10";"EUR";2444.01;1;
"E0H92AA-ABB";"7 2800 Tablet";"SHOP10";"UAH";42869.45;1;
"SGP311DEAB";"Z";"SHOP10";"USD";2555.99;1;2044.7920
"SGP311DEAB";"Z";"SHOP10";"EUR";1911.16;1;1528.9280
"SGP311DEAB";"Z";"SHOP10";"UAH";33523.09;1;26818.4720
"SGP321E2";"Z";"SHOP10";"USD";1330.33;1;
"SGP321E2";"Z";"SHOP10";"EUR";994.71;1;
"SGP321E2";"Z";"SHOP10";"UAH";17447.94;1;
"SGP312DEAW";"Z";"SHOP10";"USD";808.46;1;646.7680
"SGP312DEAW";"Z";"SHOP10";"EUR";604.50;1;483.6000
"SGP312DEAW";"Z";"SHOP10";"UAH";10603.36;1;8482.6880
"E0P94AA-ABB";"7 2801 Tablet";"SHOP10";"USD";667.20;1;
"E0P94AA-ABB";"7 2801 Tablet";"SHOP10";"EUR";498.88;1;
"E0P94AA-ABB";"7 2801 Tablet";"SHOP10";"UAH";8750.66;1;
"SGP312E1AB-CE3";"Z 32GB Wi-Fi";"SHOP10";"USD";1186.59;1;949.2720
"SGP312E1AB-CE3";"Z 32GB Wi-Fi";"SHOP10";"EUR";887.24;1;709.7920
"SGP312E1AB-CE3";"Z 32GB Wi-Fi";"SHOP10";"UAH";15562.72;1;12450.1760
"D0M18B";"Vertica DL380p Gen8 V16 Server";"SHOP10";"USD";3410.27;1;
"D0M18B";"Vertica DL380p Gen8 V16 Server";"SHOP10";"EUR";2549.93;1;
"D0M18B";"Vertica DL380p Gen8 V16 Server";"SHOP10";"UAH";44727.40;1;
"663600-B23";"ProLiant SL454x 3x Node Chassis";"SHOP10";"USD";916.85;1;
"663600-B23";"ProLiant SL454x 3x Node Chassis";"SHOP10";"EUR";685.55;1;
"663600-B23";"ProLiant SL454x 3x Node Chassis";"SHOP10";"UAH";12024.95;1;
"664644-B23-0D1";"ProLiant SL4540 Gen8 Tray 3x Node Server";"SHOP10";"USD";2625.48;1;
"664644-B23-0D1";"ProLiant SL4540 Gen8 Tray 3x Node Server";"SHOP10";"EUR";1963.12;1;
"664644-B23-0D1";"ProLiant SL4540 Gen8 Tray 3x Node Server";"SHOP10";"UAH";34434.48;1;
"SGP312E4AB";"Z";"SHOP10";"USD";1080.62;1;
"SGP312E4AB";"Z";"SHOP10";"EUR";808.00;1;
"SGP312E4AB";"Z";"SHOP10";"UAH";14172.87;1;
"H5F77EA";"900 G1";"SHOP10";"USD";1671.30;1;
"H5F77EA";"900 G1";"SHOP10";"EUR";1249.66;1;
"H5F77EA";"900 G1";"SHOP10";"UAH";21919.94;1;
"NT-L1CEG-001";"A1-810";"SHOP10";"USD";3177.42;1;
"NT-L1CEG-001";"A1-810";"SHOP10";"EUR";2375.82;1;
"NT-L1CEG-001";"A1-810";"SHOP10";"UAH";41673.45;1;
"2583F2U";"3250 M4";"SHOP10";"USD";3433.87;1;
"2583F2U";"3250 M4";"SHOP10";"EUR";2567.57;1;
"2583F2U";"3250 M4";"SHOP10";"UAH";45036.92;1;
"NT-L1JEH-005";"W3-810 64GB";"SHOP10";"USD";2459.82;1;
"NT-L1JEH-005";"W3-810 64GB";"SHOP10";"EUR";1839.26;1;
"NT-L1JEH-005";"W3-810 64GB";"SHOP10";"UAH";32261.77;1;
"H5F87EA";"900";"SHOP10";"USD";1072.18;1;
"H5F87EA";"900";"SHOP10";"EUR";801.69;1;
"H5F87EA";"900";"SHOP10";"UAH";14062.18;1;
"H5F58EA";"900 G1";"SHOP10";"USD";973.48;1;
"H5F58EA";"900 G1";"SHOP10";"EUR";727.89;1;
"H5F58EA";"900 G1";"SHOP10";"UAH";12767.68;1;
"NT-L1CEE-004";"A1-810 16GB Wi-Fi";"SHOP10";"USD";2088.55;1;
"NT-L1CEE-004";"A1-810 16GB Wi-Fi";"SHOP10";"EUR";1561.65;1;
"NT-L1CEE-004";"A1-810 16GB Wi-Fi";"SHOP10";"UAH";27392.38;1;
"E2T66EA";"10-h000sa";"SHOP10";"USD";1288.01;1;
"E2T66EA";"10-h000sa";"SHOP10";"EUR";963.07;1;
"E2T66EA";"10-h000sa";"SHOP10";"UAH";16892.90;1;
"E4A07EA";"TouchSmart 15-j003ed";"SHOP10";"USD";2250.72;1;
"E4A07EA";"TouchSmart 15-j003ed";"SHOP10";"EUR";1682.91;1;
"E4A07EA";"TouchSmart 15-j003ed";"SHOP10";"UAH";29519.32;1;
"H5F59EA";"ElitePad 900 G1 Tablet";"SHOP10";"USD";1085.69;1;
"H5F59EA";"ElitePad 900 G1 Tablet";"SHOP10";"EUR";811.79;1;
"H5F59EA";"ElitePad 900 G1 Tablet";"SHOP10";"UAH";14239.37;1;
"E3Z77EA-ABH";"11-e000ed";"SHOP10";"USD";3019.16;1;
"E3Z77EA-ABH";"11-e000ed";"SHOP10";"EUR";2257.49;1;
"E3Z77EA-ABH";"11-e000ed";"SHOP10";"UAH";39597.79;1;
"GT-P5210ZWA";"3 10.1";"SHOP10";"USD";1479.94;1;
"GT-P5210ZWA";"3 10.1";"SHOP10";"EUR";1106.58;1;
"GT-P5210ZWA";"3 10.1";"SHOP10";"UAH";19410.15;1;
"E2T58EA-ABH";"17-e004ed";"SHOP10";"USD";1023.01;1;
"E2T58EA-ABH";"17-e004ed";"SHOP10";"EUR";764.93;1;
"E2T58EA-ABH";"17-e004ed";"SHOP10";"UAH";13417.29;1;
"712317-421";"MicroServer Gen8";"SHOP10";"USD";2101.73;1;
"712317-421";"MicroServer Gen8";"SHOP10";"EUR";1571.51;1;
"712317-421";"MicroServer Gen8";"SHOP10";"UAH";27565.24;1;
"712329-421";"ML310e Gen8 v2";"SHOP10";"USD";3469.54;1;
"712329-421";"ML310e Gen8 v2";"SHOP10";"EUR";2594.24;1;
"712329-421";"ML310e Gen8 v2";"SHOP10";"UAH";45504.75;1;
"DT527A";"PS/2 Standard Keyboard";"SHOP10";"USD";1000.96;1;
"DT527A";"PS/2 Standard Keyboard";"SHOP10";"EUR";748.44;1;
"DT527A";"PS/2 Standard Keyboard";"SHOP10";"UAH";13128.09;1;
"H5F58EA-ABH";"900 G1";"SHOP10";"USD";714.32;1;
"H5F58EA-ABH";"900 G1";"SHOP10";"EUR";534.11;1;
"H5F58EA-ABH";"900 G1";"SHOP10";"UAH";9368.66;1;
"712329-031";"ProLiant ML310e Gen8 v2 E3-1220v3 1P 4GB-U B120i 350W PS Svr";"SHOP10";"USD";3444.79;1;
"712329-031";"ProLiant ML310e Gen8 v2 E3-1220v3 1P 4GB-U B120i 350W PS Svr";"SHOP10";"EUR";2575.74;1;
"712329-031";"ProLiant ML310e Gen8 v2 E3-1220v3 1P 4GB-U B120i 350W PS Svr";"SHOP10";"UAH";45180.14;1;
"724146-425";"ProLiant MicroSvr Gen8 G1610T 1P 4GB-U B120i NHP SATA 1TB LFF 150W PS Svr/GO";"SHOP10";"USD";2980.40;1;
"724146-425";"ProLiant MicroSvr Gen8 G1610T 1P 4GB-U B120i NHP SATA 1TB LFF 150W PS Svr/GO";"SHOP10";"EUR";2228.50;1;
"724146-425";"ProLiant MicroSvr Gen8 G1610T 1P 4GB-U B120i NHP SATA 1TB LFF 150W PS Svr/GO";"SHOP10";"UAH";39089.44;1;
"726043-425";"ProLiant DL320e Gen8 v2 E3-1230v3 1P 4GB-U NHP 2 LFF 300W PS Server/GO";"SHOP10";"USD";3237.62;1;
"726043-425";"ProLiant DL320e Gen8 v2 E3-1230v3 1P 4GB-U NHP 2 LFF 300W PS Server/GO";"SHOP10";"EUR";2420.83;1;
"726043-425";"ProLiant DL320e Gen8 v2 E3-1230v3 1P 4GB-U NHP 2 LFF 300W PS Server/GO";"SHOP10";"UAH";42463.01;1;
"724160-045";"ML310e Gen8";"SHOP10";"USD";1305.27;1;1044.2160
"724160-045";"ML310e Gen8";"SHOP10";"EUR";975.98;1;780.7840
"724160-045";"ML310e Gen8";"SHOP10";"UAH";17119.27;1;13695.4160
"GT-P5210ZWAPHN";"3 10.1";"SHOP10";"USD";1117.72;1;
"GT-P5210ZWAPHN";"3 10.1";"SHOP10";"EUR";835.74;1;
"GT-P5210ZWAPHN";"3 10.1";"SHOP10";"UAH";14659.46;1;
"GT-P5210ZWALUX";"3 10.1";"SHOP10";"USD";1924.08;1;
"GT-P5210ZWALUX";"3 10.1";"SHOP10";"EUR";1438.67;1;
"GT-P5210ZWALUX";"3 10.1";"SHOP10";"UAH";25235.27;1;
"NT-L1VEH-001";"B1-710 16GB WiFi";"SHOP10";"USD";2201.87;1;
"NT-L1VEH-001";"B1-710 16GB WiFi";"SHOP10";"EUR";1646.38;1;
"NT-L1VEH-001";"B1-710 16GB WiFi";"SHOP10";"UAH";28878.63;1;
"H5F86EA-ABH";"900";"SHOP10";"USD";1753.98;1;
"H5F86EA-ABH";"900";"SHOP10";"EUR";1311.49;1;
"H5F86EA-ABH";"900";"SHOP10";"UAH";23004.32;1;
"631348-B21-0D1";"USB BFR with PVC Free ES Keyboard/Mouse Kit";"SHOP10";"USD";2622.98;1;
"631348-B21-0D1";"USB BFR with PVC Free ES Keyboard/Mouse Kit";"SHOP10";"EUR";1961.25;1;
"631348-B21-0D1";"USB BFR with PVC Free ES Keyboard/Mouse Kit";"SHOP10";"UAH";34401.69;1;
"NT-L1VEE-004";"B1-710 16GB WiFi";"SHOP10";"USD";814.54;1;
"NT-L1VEE-004";"B1-710 16GB WiFi";"SHOP10";"EUR";609.05;1;
"NT-L1VEE-004";"B1-710 16GB WiFi";"SHOP10";"UAH";10683.10;1;
"ME302C-A1-BL";"ME302C-A1-BL";"SHOP10";"USD";1509.45;1;
"ME302C-A1-BL";"ME302C-A1-BL";"SHOP10";"EUR";1128.65;1;
"ME302C-A1-BL";"ME302C-A1-BL";"SHOP10";"UAH";19797.19;1;
"ME302C-A1-WH";"ME302C-A1-WH";"SHOP10";"USD";2527.09;1;
"ME302C-A1-WH";"ME302C-A1-WH";"SHOP10";"EUR";1889.56;1;
"ME302C-A1-WH";"ME302C-A1-WH";"SHOP10";"UAH";33144.05;1;
"SGP312A1W";"32GB Wi-Fi";"SHOP10";"USD";829.72;1;
"SGP312A1W";"32GB Wi-Fi";"SHOP10";"EUR";620.40;1;
"SGP312A1W";"32GB Wi-Fi";"SHOP10";"UAH";10882.19;1;
"E8P93EA-ABH";"15-n002ed";"SHOP10";"USD";2053.41;1;
"E8P93EA-ABH";"15-n002ed";"SHOP10";"EUR";1535.38;1;
"E8P93EA-ABH";"15-n002ed";"SHOP10";"UAH";26931.50;1;
"E8P97EA-ABH";"15-n056ed";"SHOP10";"USD";1014.31;1;
"E8P97EA-ABH";"15-n056ed";"SHOP10";"EUR";758.42;1;
"E8P97EA-ABH";"15-n056ed";"SHOP10";"UAH";13303.18;1;
"GT-P5210MKAPHN";"3 10.1";"SHOP10";"USD";871.69;1;
"GT-P5210MKAPHN";"3 10.1";"SHOP10";"EUR";651.78;1;
"GT-P5210MKAPHN";"3 10.1";"SHOP10";"UAH";11432.65;1;
"GT-P5210MKA";"3 10.1";"SHOP10";"USD";1134.61;1;
"GT-P5210MKA";"3 10.1";"SHOP10";"EUR";848.37;1;
"GT-P5210MKA";"3 10.1";"SHOP10";"UAH";14880.98;1;
"730651-421";"ProLiant ML10 G2130 1P 2GB-U B110i 300W PS Entry Server";"SHOP10";"USD";1014.14;1;811.3120
"730651-421";"ProLiant ML10 G2130 1P 2GB-U B110i 300W PS Entry Server";"SHOP10";"EUR";758.29;1;606.6320
"730651-421";"ProLiant ML10 G2130 1P 2GB-U B110i 300W PS Entry Server";"SHOP10";"UAH";13300.95;1;10640.7600
"H5G18ET";"840 G1";"SHOP10";"USD";2835.23;1;
"H5G18ET";"840 G1";"SHOP10";"EUR";2119.96;1;
"H5G18ET";"840 G1";"SHOP10";"UAH";37185.46;1;
"H5G28ET";"840";"SHOP10";"USD";2636.68;1;
"H5G28ET";"840";"SHOP10";"EUR";1971.50;1;
"H5G28ET";"840";"SHOP10";"UAH";34581.38;1;
"F0B18A";"ProLiant DL385p Gen8 6376 1P 8GB-R 460W PS Server/TV";"SHOP10";"USD";2317.00;1;
"F0B18A";"ProLiant DL385p Gen8 6376 1P 8GB-R 460W PS Server/TV";"SHOP10";"EUR";1732.47;1;
"F0B18A";"ProLiant DL385p Gen8 6376 1P 8GB-R 460W PS Server/TV";"SHOP10";"UAH";30388.61;1;
"E2A60UT";"230 MT";"SHOP10";"USD";1933.99;1;
"E2A60UT";"230 MT";"SHOP10";"EUR";1446.08;1;
"E2A60UT";"230 MT";"SHOP10";"UAH";25365.25;1;
"GT-P5210GNA";"3 10.1";"SHOP10";"USD";1590.42;1;
"GT-P5210GNA";"3 10.1";"SHOP10";"EUR";1189.19;1;
"GT-P5210GNA";"3 10.1";"SHOP10";"UAH";20859.15;1;
"H5G17EA";"840 G1";"SHOP10";"USD";1203.31;1;
"H5G17EA";"840 G1";"SHOP10";"EUR";899.74;1;
"H5G17EA";"840 G1";"SHOP10";"UAH";15782.01;1;
"H5G21EA";"840 G1";"SHOP10";"USD";1894.00;1;
"H5G21EA";"840 G1";"SHOP10";"EUR";1416.18;1;
"H5G21EA";"840 G1";"SHOP10";"UAH";24840.76;1;
"H5G24EA";"840 G1";"SHOP10";"USD";1428.61;1;
"H5G24EA";"840 G1";"SHOP10";"EUR";1068.20;1;
"H5G24EA";"840 G1";"SHOP10";"UAH";18736.93;1;
"H5G30EA";"840 G1";"SHOP10";"USD";3013.83;1;
"H5G30EA";"840 G1";"SHOP10";"EUR";2253.50;1;
"H5G30EA";"840 G1";"SHOP10";"UAH";39527.89;1;
"GT-P5210MKALUX";"3 10.1";"SHOP10";"USD";1884.37;1;
"GT-P5210MKALUX";"3 10.1";"SHOP10";"EUR";1408.98;1;
"GT-P5210MKALUX";"3 10.1";"SHOP10";"UAH";24714.45;1;
"AM377A-0D1";"Integrity BL860c i4 Server Blade";"SHOP10";"USD";1206.37;1;965.0960
"AM377A-0D1";"Integrity BL860c i4 Server Blade";"SHOP10";"EUR";902.03;1;721.6240
"AM377A-0D1";"Integrity BL860c i4 Server Blade";"SHOP10";"UAH";15822.15;1;12657.7200
"733733-421";"DL360p Gen8";"SHOP10";"USD";1258.68;1;
"733733-421";"DL360p Gen8";"SHOP10";"EUR";941.14;1;
"733733-421";"DL360p Gen8";"SHOP10";"UAH";16508.22;1;
"709942-421";"DL380p Gen8";"SHOP10";"USD";538.69;1;
"709942-421";"DL380p Gen8";"SHOP10";"EUR";402.79;1;
"709942-421";"DL380p Gen8";"SHOP10";"UAH";7065.19;1;
"709943-421";"DL380p Gen8";"SHOP10";"USD";1086.42;1;
"709943-421";"DL380p Gen8";"SHOP10";"EUR";812.34;1;
"709943-421";"DL380p Gen8";"SHOP10";"UAH";14248.94;1;
"724082-B21";"ProLiant BL460c Gen8 E5-2670v2 2P 64GB-R P220i/512 FBWC Server";"SHOP10";"USD";1056.13;1;
"724082-B21";"ProLiant BL460c Gen8 E5-2670v2 2P 64GB-R P220i/512 FBWC Server";"SHOP10";"EUR";789.69;1;
"724082-B21";"ProLiant BL460c Gen8 E5-2670v2 2P 64GB-R P220i/512 FBWC Server";"SHOP10";"UAH";13851.67;1;
"724086-B21";"BL460c Gen8";"SHOP10";"USD";939.56;1;845.6040
"724086-B21";"BL460c Gen8";"SHOP10";"EUR";702.53;1;632.2770
"724086-B21";"BL460c Gen8";"SHOP10";"UAH";12322.80;1;11090.5200
"724087-B21";"BL460c Gen8";"SHOP10";"USD";2043.27;1;
"724087-B21";"BL460c Gen8";"SHOP10";"EUR";1527.79;1;
"724087-B21";"BL460c Gen8";"SHOP10";"UAH";26798.51;1;
"724088-B21";"BL460c Gen8";"SHOP10";"USD";2539.85;1;
"724088-B21";"BL460c Gen8";"SHOP10";"EUR";1899.10;1;
"724088-B21";"BL460c Gen8";"SHOP10";"UAH";33311.40;1;
"733738-421";"DL360p Gen8";"SHOP10";"USD";3249.62;1;
"733738-421";"DL360p Gen8";"SHOP10";"EUR";2429.81;1;
"733738-421";"DL360p Gen8";"SHOP10";"UAH";42620.39;1;
"736958-421";"ML350p Gen8";"SHOP10";"USD";2538.65;1;
"736958-421";"ML350p Gen8";"SHOP10";"EUR";1898.20;1;
"736958-421";"ML350p Gen8";"SHOP10";"UAH";33295.66;1;
"736968-031";"ProLiant ML350p Gen8 E5-2650v2 2P 16GB-R P420i/2GB FBWC 8 SFF 750W RPS Server";"SHOP10";"USD";2326.63;1;
"736968-031";"ProLiant ML350p Gen8 E5-2650v2 2P 16GB-R P420i/2GB FBWC 8 SFF 750W RPS Server";"SHOP10";"EUR";1739.67;1;
"736968-031";"ProLiant ML350p Gen8 E5-2650v2 2P 16GB-R P420i/2GB FBWC 8 SFF 750W RPS Server";"SHOP10";"UAH";30514.92;1;
"736958-051";"ProLiant ML350p Gen8 E5-2620v2 1P 8GB-R P420i/512 FBWC 8 SFF 460W PS Server";"SHOP10";"USD";574.56;1;
"736958-051";"ProLiant ML350p Gen8 E5-2620v2 1P 8GB-R P420i/512 FBWC 8 SFF 460W PS Server";"SHOP10";"EUR";429.61;1;
"736958-051";"ProLiant ML350p Gen8 E5-2620v2 1P 8GB-R P420i/512 FBWC 8 SFF 460W PS Server";"SHOP10";"UAH";7535.64;1;
"736947-041";"ML350p Gen8";"SHOP10";"USD";2953.55;1;
"736947-041";"ML350p Gen8";"SHOP10";"EUR";2208.43;1;
"736947-041";"ML350p Gen8";"SHOP10";"UAH";38737.29;1;
"736968-041";"ML350p Gen8";"SHOP10";"USD";512.58;1;
"736968-041";"ML350p Gen8";"SHOP10";"EUR";383.27;1;
"736968-041";"ML350p Gen8";"SHOP10";"UAH";6722.74;1;
"736982-425";"ProLiant ML350p Gen8 E5-2620v2 2.1GHz 6-core 1P 8GB-R P420i/512 2x300GB SFF 460W PS Svr/GO";"SHOP10";"USD";2467.35;1;
"736982-425";"ProLiant ML350p Gen8 E5-2620v2 2.1GHz 6-core 1P 8GB-R P420i/512 2x300GB SFF 460W PS Svr/GO";"SHOP10";"EUR";1844.89;1;
"736982-425";"ProLiant ML350p Gen8 E5-2620v2 2.1GHz 6-core 1P 8GB-R P420i/512 2x300GB SFF 460W PS Svr/GO";"SHOP10";"UAH";32360.53;1;
"F2V71EA-ABH";"15-n014ed";"SHOP10";"USD";1221.91;1;
"F2V71EA-ABH";"15-n014ed";"SHOP10";"EUR";913.65;1;
"F2V71EA-ABH";"15-n014ed";"SHOP10";"UAH";16025.96;1;
"F4T69EA-ABH";"15-n008ed";"SHOP10";"USD";3314.44;1;
"F4T69EA-ABH";"15-n008ed";"SHOP10";"EUR";2478.27;1;
"F4T69EA-ABH";"15-n008ed";"SHOP10";"UAH";43470.54;1;
"F4T76EA-ABH";"15-n077ed";"SHOP10";"USD";2483.71;1;2235.3390
"F4T76EA-ABH";"15-n077ed";"SHOP10";"EUR";1857.12;1;1671.4080
"F4T76EA-ABH";"15-n077ed";"SHOP10";"UAH";32575.10;1;29317.5900
"F2T52EA-ABH";"15-n076ed";"SHOP10";"USD";3168.17;1;
"F2T52EA-ABH";"15-n076ed";"SHOP10";"EUR";2368.90;1;
"F2T52EA-ABH";"15-n076ed";"SHOP10";"UAH";41552.13;1;
"F2T59EA-ABH";"17-e075ed";"SHOP10";"USD";501.34;1;
"F2T59EA-ABH";"17-e075ed";"SHOP10";"EUR";374.86;1;
"F2T59EA-ABH";"17-e075ed";"SHOP10";"UAH";6575.32;1;
"E8P84EA";"15-n050ed";"SHOP10";"USD";3151.27;1;
"E8P84EA";"15-n050ed";"SHOP10";"EUR";2356.27;1;
"E8P84EA";"15-n050ed";"SHOP10";"UAH";41330.48;1;
"F2T52EA";"15-n076ed";"SHOP10";"USD";2257.24;1;
"F2T52EA";"15-n076ed";"SHOP10";"EUR";1687.78;1;
"F2T52EA";"15-n076ed";"SHOP10";"UAH";29604.83;1;
"F2T59EA";"17-e075ed";"SHOP10";"USD";2530.13;1;
"F2T59EA";"17-e075ed";"SHOP10";"EUR";1891.83;1;
"F2T59EA";"17-e075ed";"SHOP10";"UAH";33183.92;1;
"SVT1312V1RS";"SVT1312V1R";"SHOP10";"USD";1452.01;1;
"SVT1312V1RS";"SVT1312V1R";"SHOP10";"EUR";1085.70;1;
"SVT1312V1RS";"SVT1312V1R";"SHOP10";"UAH";19043.84;1;
"SVS1513V9RB";"SVS1513V9R";"SHOP10";"USD";3011.42;1;
"SVS1513V9RB";"SVS1513V9R";"SHOP10";"EUR";2251.70;1;
"SVS1513V9RB";"SVS1513V9R";"SHOP10";"UAH";39496.28;1;
"SVS1513M1RW";"SVS1513M1R";"SHOP10";"USD";1742.04;1;1393.6320
"SVS1513M1RW";"SVS1513M1R";"SHOP10";"EUR";1302.56;1;1042.0480
"SVS1513M1RW";"SVS1513M1R";"SHOP10";"UAH";22847.73;1;18278.1840
"F2U76EA";"17-j120ed Leap Motion TS SE";"SHOP10";"USD";2159.17;1;
"F2U76EA";"17-j120ed Leap Motion TS SE";"SHOP10";"EUR";1614.45;1;
"F2U76EA";"17-j120ed Leap Motion TS SE";"SHOP10";"UAH";28318.59;1;
"E3W30UT";"840 G1";"SHOP10";"USD";1505.57;1;
"E3W30UT";"840 G1";"SHOP10";"EUR";1125.74;1;
"E3W30UT";"840 G1";"SHOP10";"UAH";19746.30;1;
"F2P22UT";"840 G1";"SHOP10";"USD";2942.40;1;
"F2P22UT";"840 G1";"SHOP10";"EUR";2200.09;1;
"F2P22UT";"840 G1";"SHOP10";"UAH";38591.05;1;
"469-4355";"12 (9q33)";"SHOP10";"USD";2129.60;1;
"469-4355";"12 (9q33)";"SHOP10";"EUR";1592.34;1;
"469-4355";"12 (9q33)";"SHOP10";"UAH";27930.77;1;
"469-4356";"12 (9q33)";"SHOP10";"USD";2267.01;1;1813.6080
"469-4356";"12 (9q33)";"SHOP10";"EUR";1695.09;1;1356.0720
"469-4356";"12 (9q33)";"SHOP10";"UAH";29732.97;1;23786.3760
"H5G26ET";"840 G1";"SHOP10";"USD";1709.05;1;
"H5G26ET";"840 G1";"SHOP10";"EUR";1277.89;1;
"H5G26ET";"840 G1";"SHOP10";"UAH";22415.05;1;
"E6D77AT";"USB SmartCard CCID Keyboard";"SHOP10";"USD";2916.40;1;
"E6D77AT";"USB SmartCard CCID Keyboard";"SHOP10";"EUR";2180.65;1;
"E6D77AT";"USB SmartCard CCID Keyboard";"SHOP10";"UAH";38250.04;1;
"H5G17EA-ABH";"840 G1";"SHOP10";"USD";2149.59;1;
"H5G17EA-ABH";"840 G1";"SHOP10";"EUR";1607.29;1;
"H5G17EA-ABH";"840 G1";"SHOP10";"UAH";28192.95;1;
"H5G19EA-ABH";"840 G1";"SHOP10";"USD";3181.00;1;
"H5G19EA-ABH";"840 G1";"SHOP10";"EUR";2378.50;1;
"H5G19EA-ABH";"840 G1";"SHOP10";"UAH";41720.41;1;
"H5G21EA-ABH";"840 G1";"SHOP10";"USD";2987.02;1;
"H5G21EA-ABH";"840 G1";"SHOP10";"EUR";2233.45;1;
"H5G21EA-ABH";"840 G1";"SHOP10";"UAH";39176.26;1;
"H5G26EA-ABH";"840 G1";"SHOP10";"USD";2332.66;1;2099.3940
"H5G26EA-ABH";"840 G1";"SHOP10";"EUR";1744.18;1;1569.7620
"H5G26EA-ABH";"840 G1";"SHOP10";"UAH";30594.00;1;27534.6000
"H5G30EA-ABH";"840 G1";"SHOP10";"USD";1528.55;1;
"H5G30EA-ABH";"840 G1";"SHOP10";"EUR";1142.93;1;
"H5G30EA-ABH";"840 G1";"SHOP10";"UAH";20047.70;1;
"H5G32EA-ABH";"840 G1";"SHOP10";"USD";2182.52;1;
"H5G32EA-ABH";"840 G1";"SHOP10";"EUR";1631.91;1;
"H5G32EA-ABH";"840 G1";"SHOP10";"UAH";28624.84;1;
"H5G29EA";"840 G1";"SHOP10";"USD";1805.24;1;
"H5G29EA";"840 G1";"SHOP10";"EUR";1349.81;1;
"H5G29EA";"840 G1";"SHOP10";"UAH";23676.63;1;
"H5G32EA";"840 G1";"SHOP10";"USD";1582.45;1;
"H5G32EA";"840 G1";"SHOP10";"EUR";1183.23;1;
"H5G32EA";"840 G1";"SHOP10";"UAH";20754.62;1;
"E4Z29ET";"6305 SFF";"SHOP10";"USD";2117.29;1;
"E4Z29ET";"6305 SFF";"SHOP10";"EUR";1583.14;1;
"E4Z29ET";"6305 SFF";"SHOP10";"UAH";27769.32;1;
"H5G16EA";"840 G1";"SHOP10";"USD";1446.56;1;
"H5G16EA";"840 G1";"SHOP10";"EUR";1081.62;1;
"H5G16EA";"840 G1";"SHOP10";"UAH";18972.36;1;
"H5G18EA";"840 G1";"SHOP10";"USD";1066.46;1;
"H5G18EA";"840 G1";"SHOP10";"EUR";797.41;1;
"H5G18EA";"840 G1";"SHOP10";"UAH";13987.16;1;
"F1N25EA";"840 G1";"SHOP10";"USD";3106.89;1;2485.5120
"F1N25EA";"840 G1";"SHOP10";"EUR";2323.08;1;1858.4640
"F1N25EA";"840 G1";"SHOP10";"UAH";40748.42;1;32598.7360
"H5G19EA";"840 G1";"SHOP10";"USD";2741.18;1;2192.9440
"H5G19EA";"840 G1";"SHOP10";"EUR";2049.64;1;1639.7120
"H5G19EA";"840 G1";"SHOP10";"UAH";35951.95;1;28761.5600
"H5G26EA";"840 G1";"SHOP10";"USD";1500.22;1;
"H5G26EA";"840 G1";"SHOP10";"EUR";1121.74;1;
"H5G26EA";"840 G1";"SHOP10";"UAH";19676.14;1;
"735151-B21";"BL460c Gen8";"SHOP10";"USD";1877.67;1;
"735151-B21";"BL460c Gen8";"SHOP10";"EUR";1403.97;1;
"735151-B21";"BL460c Gen8";"SHOP10";"UAH";24626.58;1;
"F1R88AW";"840 G1";"SHOP10";"USD";989.16;1;
"F1R88AW";"840 G1";"SHOP10";"EUR";739.61;1;
"F1R88AW";"840 G1";"SHOP10";"UAH";12973.33;1;
"NT-L29EE-008";"A3-A10 16 GB WiFi";"SHOP10";"USD";1236.97;1;
"NT-L29EE-008";"A3-A10 16 GB WiFi";"SHOP10";"EUR";924.91;1;
"NT-L29EE-008";"A3-A10 16 GB WiFi";"SHOP10";"UAH";16223.48;1;
"D4T10AW-AKD-H4F20AA-ABB";"900 G1";"SHOP10";"USD";977.86;1;
"D4T10AW-AKD-H4F20AA-ABB";"900 G1";"SHOP10";"EUR";731.17;1;
"D4T10AW-AKD-H4F20AA-ABB";"900 G1";"SHOP10";"UAH";12825.12;1;
"D4T15AA-AKD-H4F20AA-ABB";"ElitePad 900 G1 Tablet";"SHOP10";"USD";2901.55;1;
"D4T15AA-AKD-H4F20AA-ABB";"ElitePad 900 G1 Tablet";"SHOP10";"EUR";2169.55;1;
"D4T15AA-AKD-H4F20AA-ABB";"ElitePad 900 G1 Tablet";"SHOP10";"UAH";38055.28;1;
"F4T66EA";"13-p100ed x2";"SHOP10";"USD";1357.28;1;1085.8240
"F4T66EA";"13-p100ed x2";"SHOP10";"EUR";1014.87;1;811.8960
"F4T66EA";"13-p100ed x2";"SHOP10";"UAH";17801.41;1;14241.1280
"E2A60UTABA";"230 MT";"SHOP10";"USD";1648.92;1;1484.0280
"E2A60UTABA";"230 MT";"SHOP10";"EUR";1232.93;1;1109.6370
"E2A60UTABA";"230 MT";"SHOP10";"UAH";21626.41;1;19463.7690
"H5F74EA";"840 G1";"SHOP10";"USD";760.30;1;
"H5F74EA";"840 G1";"SHOP10";"EUR";568.49;1;
"H5F74EA";"840 G1";"SHOP10";"UAH";9971.71;1;
"NS-MKIT100";"NS-MKIT100";"SHOP10";"USD";554.43;1;
"NS-MKIT100";"NS-MKIT100";"SHOP10";"EUR";414.56;1;
"NS-MKIT100";"NS-MKIT100";"SHOP10";"UAH";7271.63;1;
"F2P26UT";"840 G1";"SHOP10";"USD";2153.83;1;
"F2P26UT";"840 G1";"SHOP10";"EUR";1610.46;1;
"F2P26UT";"840 G1";"SHOP10";"UAH";28248.56;1;
"F4U47EA-ABH";"10-e001ed";"SHOP10";"USD";678.51;1;
"F4U47EA-ABH";"10-e001ed";"SHOP10";"EUR";507.34;1;
"F4U47EA-ABH";"10-e001ed";"SHOP10";"UAH";8899.00;1;
"F1N76EA";"900 G1";"SHOP10";"USD";1959.96;1;
"F1N76EA";"900 G1";"SHOP10";"EUR";1465.50;1;
"F1N76EA";"900 G1";"SHOP10";"UAH";25705.86;1;
"733644-425";"DL380p Gen8";"SHOP10";"USD";649.65;1;
"733644-425";"DL380p Gen8";"SHOP10";"EUR";485.76;1;
"733644-425";"DL380p Gen8";"SHOP10";"UAH";8520.48;1;
"H5G60EA";"645 G1";"SHOP10";"USD";867.13;1;
"H5G60EA";"645 G1";"SHOP10";"EUR";648.37;1;
"H5G60EA";"645 G1";"SHOP10";"UAH";11372.84;1;
"H5G64EA";"640 G1";"SHOP10";"USD";899.36;1;
"H5G64EA";"640 G1";"SHOP10";"EUR";672.47;1;
"H5G64EA";"640 G1";"SHOP10";"UAH";11795.56;1;
"H5G66EA";"640 G1";"SHOP10";"USD";2809.64;1;
"H5G66EA";"640 G1";"SHOP10";"EUR";2100.82;1;
"H5G66EA";"640 G1";"SHOP10";"UAH";36849.83;1;
"H5G77EA";"650";"SHOP10";"USD";2488.73;1;
"H5G77EA";"650";"SHOP10";"EUR";1860.87;1;
"H5G77EA";"650";"SHOP10";"UAH";32640.94;1;
"H5G79EA";"650 G1";"SHOP10";"USD";692.12;1;
"H5G79EA";"650 G1";"SHOP10";"EUR";517.51;1;
"H5G79EA";"650 G1";"SHOP10";"UAH";9077.50;1;
"736974-425";"ML350p Gen8";"SHOP10";"USD";771.61;1;
"736974-425";"ML350p Gen8";"SHOP10";"EUR";576.95;1;
"736974-425";"ML350p Gen8";"SHOP10";"UAH";10120.05;1;
"737287-425";"ProLiant DL360p Gen8 E5-2620v2 1P 8GB-R P420i/1GB FBWC 460W PS Server/TV";"SHOP10";"USD";3491.28;1;
"737287-425";"ProLiant DL360p Gen8 E5-2620v2 1P 8GB-R P420i/1GB FBWC 460W PS Server/TV";"SHOP10";"EUR";2610.50;1;
"737287-425";"ProLiant DL360p Gen8 E5-2620v2 1P 8GB-R P420i/1GB FBWC 460W PS Server/TV";"SHOP10";"UAH";45789.88;1;
"712327-051";"ProLiant ML310e Gen8 v2 i3-4130 1P 2GB-U NHP 4 LFF 350W PS Entry Svr";"SHOP10";"USD";2343.74;1;2109.3660
"712327-051";"ProLiant ML310e Gen8 v2 i3-4130 1P 2GB-U NHP 4 LFF 350W PS Entry Svr";"SHOP10";"EUR";1752.46;1;1577.2140
"712327-051";"ProLiant ML310e Gen8 v2 i3-4130 1P 2GB-U NHP 4 LFF 350W PS Entry Svr";"SHOP10";"UAH";30739.32;1;27665.3880
"F4W53EA";"7 Plus 4200eg";"SHOP10";"USD";1893.17;1;
"F4W53EA";"7 Plus 4200eg";"SHOP10";"EUR";1415.56;1;
"F4W53EA";"7 Plus 4200eg";"SHOP10";"UAH";24829.87;1;
"F2P27UA";"840 G1";"SHOP10";"USD";2192.63;1;
"F2P27UA";"840 G1";"SHOP10";"EUR";1639.47;1;
"F2P27UA";"840 G1";"SHOP10";"UAH";28757.44;1;
"H5G74ET";"650 G1";"SHOP10";"USD";1240.40;1;
"H5G74ET";"650 G1";"SHOP10";"EUR";927.47;1;
"H5G74ET";"650 G1";"SHOP10";"UAH";16268.47;1;
"H5G75ET";"650 G1";"SHOP10";"USD";2306.67;1;
"H5G75ET";"650 G1";"SHOP10";"EUR";1724.74;1;
"H5G75ET";"650 G1";"SHOP10";"UAH";30253.13;1;
"PT330E-0VF03JCE";"R930-1MM";"SHOP10";"USD";2430.78;1;
"PT330E-0VF03JCE";"R930-1MM";"SHOP10";"EUR";1817.54;1;
"PT330E-0VF03JCE";"R930-1MM";"SHOP10";"UAH";31880.90;1;
"H5G77EA-ABH";"650";"SHOP10";"USD";2109.35;1;
"H5G77EA-ABH";"650";"SHOP10";"EUR";1577.20;1;
"H5G77EA-ABH";"650";"SHOP10";"UAH";27665.18;1;
"F4X12EA";"10 HD 3500eg";"SHOP10";"USD";1011.40;1;
"F4X12EA";"10 HD 3500eg";"SHOP10";"EUR";756.24;1;
"F4X12EA";"10 HD 3500eg";"SHOP10";"UAH";13265.02;1;
"E3U25UT";"405 G1 MT";"SHOP10";"USD";2117.63;1;
"E3U25UT";"405 G1 MT";"SHOP10";"EUR";1583.39;1;
"E3U25UT";"405 G1 MT";"SHOP10";"UAH";27773.78;1;
"E3U25UTABA";"405 G1 MT";"SHOP10";"USD";1513.06;1;
"E3U25UTABA";"405 G1 MT";"SHOP10";"EUR";1131.35;1;
"E3U25UTABA";"405 G1 MT";"SHOP10";"UAH";19844.54;1;
"H5G78EA";"650 G1";"SHOP10";"USD";2363.58;1;
"H5G78EA";"650 G1";"SHOP10";"EUR";1767.30;1;
"H5G78EA";"650 G1";"SHOP10";"UAH";30999.53;1;
"H5G22EA-ABH";"840 G1";"SHOP10";"USD";813.38;1;
"H5G22EA-ABH";"840 G1";"SHOP10";"EUR";608.18;1;
"H5G22EA-ABH";"840 G1";"SHOP10";"UAH";10667.89;1;
"H5G23EA-ABH";"840 G1";"SHOP10";"USD";1334.10;1;
"H5G23EA-ABH";"840 G1";"SHOP10";"EUR";997.53;1;
"H5G23EA-ABH";"840 G1";"SHOP10";"UAH";17497.39;1;
"H5G18EA-ABH";"840 G1";"SHOP10";"USD";3283.82;1;
"H5G18EA-ABH";"840 G1";"SHOP10";"EUR";2455.38;1;
"H5G18EA-ABH";"840 G1";"SHOP10";"UAH";43068.94;1;
"NT-L0KEH-005";"W510";"SHOP10";"USD";3360.69;1;
"NT-L0KEH-005";"W510";"SHOP10";"EUR";2512.86;1;
"NT-L0KEH-005";"W510";"SHOP10";"UAH";44077.13;1;
"H5G81EA-ABH";"650 G1";"SHOP10";"USD";1760.82;1;
"H5G81EA-ABH";"650 G1";"SHOP10";"EUR";1316.60;1;
"H5G81EA-ABH";"650 G1";"SHOP10";"UAH";23094.03;1;
"H5G69EA-ABH";"640 G1";"SHOP10";"USD";514.67;1;463.2030
"H5G69EA-ABH";"640 G1";"SHOP10";"EUR";384.83;1;346.3470
"H5G69EA-ABH";"640 G1";"SHOP10";"UAH";6750.15;1;6075.1350
"F1R88AW-ABH";"840 G1";"SHOP10";"USD";1676.71;1;
"F1R88AW-ABH";"840 G1";"SHOP10";"EUR";1253.71;1;
"F1R88AW-ABH";"840 G1";"SHOP10";"UAH";21990.89;1;
"F1R92AW-ABH";"840 G1";"SHOP10";"USD";1221.85;1;
"F1R92AW-ABH";"840 G1";"SHOP10";"EUR";913.60;1;
"F1R92AW-ABH";"840 G1";"SHOP10";"UAH";16025.17;1;
"F1R86AW-ABH";"840 G1";"SHOP10";"USD";1320.86;1;
"F1R86AW-ABH";"840 G1";"SHOP10";"EUR";987.63;1;
"F1R86AW-ABH";"840 G1";"SHOP10";"UAH";17323.74;1;
"H5G29EA-ABH";"840 G1";"SHOP10";"USD";2649.62;1;
"H5G29EA-ABH";"840 G1";"SHOP10";"EUR";1981.17;1;
"H5G29EA-ABH";"840 G1";"SHOP10";"UAH";34751.09;1;
"H5G28EA-ABH";"840 G1";"SHOP10";"USD";1131.12;1;
"H5G28EA-ABH";"840 G1";"SHOP10";"EUR";845.76;1;
"H5G28EA-ABH";"840 G1";"SHOP10";"UAH";14835.20;1;
"H5G25EA-ABH";"840 G1";"SHOP10";"USD";1755.64;1;
"H5G25EA-ABH";"840 G1";"SHOP10";"EUR";1312.73;1;
"H5G25EA-ABH";"840 G1";"SHOP10";"UAH";23026.10;1;
"H5G24EA-ABH";"840 G1";"SHOP10";"USD";2071.14;1;
"H5G24EA-ABH";"840 G1";"SHOP10";"EUR";1548.63;1;
"H5G24EA-ABH";"840 G1";"SHOP10";"UAH";27164.04;1;
"H5F74EA-ABH";"840 G1";"SHOP10";"USD";3042.11;1;
"H5F74EA-ABH";"840 G1";"SHOP10";"EUR";2274.65;1;
"H5F74EA-ABH";"840 G1";"SHOP10";"UAH";39898.79;1;
"NT-L31EH-005";"W4-820";"SHOP10";"USD";2049.07;1;
"NT-L31EH-005";"W4-820";"SHOP10";"EUR";1532.13;1;
"NT-L31EH-005";"W4-820";"SHOP10";"UAH";26874.58;1;
"F5B81EA-ABH";"11-e100ed";"SHOP10";"USD";1067.67;1;
"F5B81EA-ABH";"11-e100ed";"SHOP10";"EUR";798.32;1;
"F5B81EA-ABH";"11-e100ed";"SHOP10";"UAH";14003.03;1;
"F5C00EA";"15-n200ed";"SHOP10";"USD";1045.20;1;
"F5C00EA";"15-n200ed";"SHOP10";"EUR";781.52;1;
"F5C00EA";"15-n200ed";"SHOP10";"UAH";13708.32;1;
"F5C10EA";"15-n210ed";"SHOP10";"USD";2951.23;1;
"F5C10EA";"15-n210ed";"SHOP10";"EUR";2206.69;1;
"F5C10EA";"15-n210ed";"SHOP10";"UAH";38706.86;1;
"F5C10EA-ABH";"15-n210ed";"SHOP10";"USD";2160.25;1;
"F5C10EA-ABH";"15-n210ed";"SHOP10";"EUR";1615.26;1;
"F5C10EA-ABH";"15-n210ed";"SHOP10";"UAH";28332.76;1;
"F9G11EA-ABH";"15-n213ed";"SHOP10";"USD";1604.03;1;
"F9G11EA-ABH";"15-n213ed";"SHOP10";"EUR";1199.37;1;
"F9G11EA-ABH";"15-n213ed";"SHOP10";"UAH";21037.66;1;
"F5C12EA";"15-n212ed";"SHOP10";"USD";1765.64;1;
"F5C12EA";"15-n212ed";"SHOP10";"EUR";1320.20;1;
"F5C12EA";"15-n212ed";"SHOP10";"UAH";23157.25;1;
"F5C32EA";"17-j100ed";"SHOP10";"USD";2138.94;1;
"F5C32EA";"17-j100ed";"SHOP10";"EUR";1599.33;1;
"F5C32EA";"17-j100ed";"SHOP10";"UAH";28053.27;1;
"F5C32EA-ABH";"17-j100ed";"SHOP10";"USD";616.41;1;
"F5C32EA-ABH";"17-j100ed";"SHOP10";"EUR";460.90;1;
"F5C32EA-ABH";"17-j100ed";"SHOP10";"UAH";8084.53;1;
"G1F24PA";"840 G1";"SHOP10";"USD";2227.69;1;
"G1F24PA";"840 G1";"SHOP10";"EUR";1665.69;1;
"G1F24PA";"840 G1";"SHOP10";"UAH";29217.27;1;
"F1N62EA";"900 G1";"SHOP10";"USD";2208.95;1;
"F1N62EA";"900 G1";"SHOP10";"EUR";1651.68;1;
"F1N62EA";"900 G1";"SHOP10";"UAH";28971.48;1;
"F1N64EA";"ElitePad 900 G1 Tablet";"SHOP10";"USD";2339.19;1;
"F1N64EA";"ElitePad 900 G1 Tablet";"SHOP10";"EUR";1749.06;1;
"F1N64EA";"ElitePad 900 G1 Tablet";"SHOP10";"UAH";30679.65;1;
"F9G12EA";"15-n215ed";"SHOP10";"USD";1347.50;1;
"F9G12EA";"15-n215ed";"SHOP10";"EUR";1007.55;1;
"F9G12EA";"15-n215ed";"SHOP10";"UAH";17673.14;1;
"NP940X3G-K03FR";"NP940X3G";"SHOP10";"USD";572.04;1;
"NP940X3G-K03FR";"NP940X3G";"SHOP10";"EUR";427.73;1;
"NP940X3G-K03FR";"NP940X3G";"SHOP10";"UAH";7502.59;1;
"748209-425";"ProLiant DL380e Gen8 E5-2407v2 1P 8GB-R SATA 1TB 460W PS Server/TV";"SHOP10";"USD";1842.88;1;
"748209-425";"ProLiant DL380e Gen8 E5-2407v2 1P 8GB-R SATA 1TB 460W PS Server/TV";"SHOP10";"EUR";1377.96;1;
"748209-425";"ProLiant DL380e Gen8 E5-2407v2 1P 8GB-R SATA 1TB 460W PS Server/TV";"SHOP10";"UAH";24170.29;1;
"19733";"Isotto Wired Mini Mouse";"SHOP10";"USD";2750.74;1;
"19733";"Isotto Wired Mini Mouse";"SHOP10";"EUR";2056.78;1;
"19733";"Isotto Wired Mini Mouse";"SHOP10";"UAH";36077.33;1;
"SM-T111NDWANEE";"3 7.0 Lite";"SHOP10";"USD";2313.56;1;
"SM-T111NDWANEE";"3 7.0 Lite";"SHOP10";"EUR";1729.90;1;
"SM-T111NDWANEE";"3 7.0 Lite";"SHOP10";"UAH";30343.50;1;
"747089-421";"DL360e Gen8";"SHOP10";"USD";3196.77;1;
"747089-421";"DL360e Gen8";"SHOP10";"EUR";2390.29;1;
"747089-421";"DL360e Gen8";"SHOP10";"UAH";41927.24;1;
"747090-421";"DL360e Gen8";"SHOP10";"USD";2388.54;1;
"747090-421";"DL360e Gen8";"SHOP10";"EUR";1785.96;1;
"747090-421";"DL360e Gen8";"SHOP10";"UAH";31326.90;1;
"747767-421";"DL380e Gen8";"SHOP10";"USD";2301.88;1;
"747767-421";"DL380e Gen8";"SHOP10";"EUR";1721.16;1;
"747767-421";"DL380e Gen8";"SHOP10";"UAH";30190.31;1;
"747769-421";"DL380e Gen8";"SHOP10";"USD";3004.52;1;
"747769-421";"DL380e Gen8";"SHOP10";"EUR";2246.54;1;
"747769-421";"DL380e Gen8";"SHOP10";"UAH";39405.78;1;
"740899-031";"ProLiant ML350e Gen8 v2 E5-2407 1P 4GB-U B120i 460W PS Base Server";"SHOP10";"USD";2623.95;1;
"740899-031";"ProLiant ML350e Gen8 v2 E5-2407 1P 4GB-U B120i 460W PS Base Server";"SHOP10";"EUR";1961.98;1;
"740899-031";"ProLiant ML350e Gen8 v2 E5-2407 1P 4GB-U B120i 460W PS Base Server";"SHOP10";"UAH";34414.42;1;
"90NB0391-M01050";"K95VB-YZ075H";"SHOP10";"USD";2261.44;1;
"90NB0391-M01050";"K95VB-YZ075H";"SHOP10";"EUR";1690.92;1;
"90NB0391-M01050";"K95VB-YZ075H";"SHOP10";"UAH";29659.92;1;
"NT-L3JEE-005";"B1-720";"SHOP10";"USD";1624.88;1;
"NT-L3JEE-005";"B1-720";"SHOP10";"EUR";1214.96;1;
"NT-L3JEE-005";"B1-720";"SHOP10";"UAH";21311.11;1;
"NT-L2AEE-010";"A3-A11";"SHOP10";"USD";536.44;1;
"NT-L2AEE-010";"A3-A11";"SHOP10";"EUR";401.11;1;
"NT-L2AEE-010";"A3-A11";"SHOP10";"UAH";7035.68;1;
"NT-L0MEH-014";"W510";"SHOP10";"USD";2120.50;1;
"NT-L0MEH-014";"W510";"SHOP10";"EUR";1585.54;1;
"NT-L0MEH-014";"W510";"SHOP10";"UAH";27811.42;1;
"D3J20LT-ABM-LA";"6305 SFF";"SHOP10";"USD";3413.19;1;
"D3J20LT-ABM-LA";"6305 SFF";"SHOP10";"EUR";2552.11;1;
"D3J20LT-ABM-LA";"6305 SFF";"SHOP10";"UAH";44765.69;1;
"GT-P5200MKAXEO";"3 10.1";"SHOP10";"USD";1548.47;1;
"GT-P5200MKAXEO";"3 10.1";"SHOP10";"EUR";1157.82;1;
"GT-P5200MKAXEO";"3 10.1";"SHOP10";"UAH";20308.96;1;
"SM-T520ZWALUX";"Pro 10.1";"SHOP10";"USD";1961.54;1;
"SM-T520ZWALUX";"Pro 10.1";"SHOP10";"EUR";1466.68;1;
"SM-T520ZWALUX";"Pro 10.1";"SHOP10";"UAH";25726.58;1;
"F8Q86EA";"17-j106sg";"SHOP10";"USD";1739.81;1;
"F8Q86EA";"17-j106sg";"SHOP10";"EUR";1300.89;1;
"F8Q86EA";"17-j106sg";"SHOP10";"UAH";22818.48;1;
"SM-T520NZWAPHN";"Pro 10.1";"SHOP10";"USD";1193.23;1;
"SM-T520NZWAPHN";"Pro 10.1";"SHOP10";"EUR";892.20;1;
"SM-T520NZWAPHN";"Pro 10.1";"SHOP10";"UAH";15649.81;1;
"SM-T520NZKAPHN";"Pro 10.1";"SHOP10";"USD";662.88;1;
"SM-T520NZKAPHN";"Pro 10.1";"SHOP10";"EUR";495.65;1;
"SM-T520NZKAPHN";"Pro 10.1";"SHOP10";"UAH";8694.00;1;
"20A8002FUK";"X1 Carbon";"SHOP10";"USD";3193.68;1;
"20A8002FUK";"X1 Carbon";"SHOP10";"EUR";2387.98;1;
"20A8002FUK";"X1 Carbon";"SHOP10";"UAH";41886.71;1;
"20A8002GUK";"X1 Carbon";"SHOP10";"USD";2006.89;1;
"20A8002GUK";"X1 Carbon";"SHOP10";"EUR";1500.59;1;
"20A8002GUK";"X1 Carbon";"SHOP10";"UAH";26321.37;1;
"20A8002HGE";"X1 Carbon";"SHOP10";"USD";2880.83;1;
"20A8002HGE";"X1 Carbon";"SHOP10";"EUR";2154.05;1;
"20A8002HGE";"X1 Carbon";"SHOP10";"UAH";37783.53;1;
"F1N62EA-ABH";"900 G1";"SHOP10";"USD";576.13;1;
"F1N62EA-ABH";"900 G1";"SHOP10";"EUR";430.78;1;
"F1N62EA-ABH";"900 G1";"SHOP10";"UAH";7556.23;1;
"F1N49EA";"900 G1";"SHOP10";"USD";1374.47;1;1237.0230
"F1N49EA";"900 G1";"SHOP10";"EUR";1027.72;1;924.9480
"F1N49EA";"900 G1";"SHOP10";"UAH";18026.86;1;16224.1740
"H6P82EA";"ElitePad 900 G1 Tablet";"SHOP10";"USD";2624.23;1;
"H6P82EA";"ElitePad 900 G1 Tablet";"SHOP10";"EUR";1962.19;1;
"H6P82EA";"ElitePad 900 G1 Tablet";"SHOP10";"UAH";34418.09;1;
"NT-L3WEE-002";"A1-830";"SHOP10";"USD";2455.65;1;
"NT-L3WEE-002";"A1-830";"SHOP10";"EUR";1836.14;1;
"NT-L3WEE-002";"A1-830";"SHOP10";"UAH";32207.08;1;
"728547-421";"DL580";"SHOP10";"USD";3096.28;1;2477.0240
"728547-421";"DL580";"SHOP10";"EUR";2315.15;1;1852.1200
"728547-421";"DL580";"SHOP10";"UAH";40609.26;1;32487.4080
"SGP512E1AW-EC5";"Z2";"SHOP10";"USD";794.74;1;
"SGP512E1AW-EC5";"Z2";"SHOP10";"EUR";594.24;1;
"SGP512E1AW-EC5";"Z2";"SHOP10";"UAH";10423.41;1;
"G6X12AW";"1000 G2";"SHOP10";"USD";579.13;1;
"G6X12AW";"1000 G2";"SHOP10";"EUR";433.03;1;
"G6X12AW";"1000 G2";"SHOP10";"UAH";7595.58;1;
"732341-421";"ProLiant DL560 Gen8 E5-4610v2 2P 32GB-R Hot Plug SFF 1200W RPS Server";"SHOP10";"USD";1873.87;1;
"732341-421";"ProLiant DL560 Gen8 E5-4610v2 2P 32GB-R Hot Plug SFF 1200W RPS Server";"SHOP10";"EUR";1401.13;1;
"732341-421";"ProLiant DL560 Gen8 E5-4610v2 2P 32GB-R Hot Plug SFF 1200W RPS Server";"SHOP10";"UAH";24576.74;1;
"F4Q34EA";"ProDesk 400 G1 Small Form Factor PC";"SHOP10";"USD";2363.90;1;
"F4Q34EA";"ProDesk 400 G1 Small Form Factor PC";"SHOP10";"EUR";1767.54;1;
"F4Q34EA";"ProDesk 400 G1 Small Form Factor PC";"SHOP10";"UAH";31003.73;1;
"G6X12AW-ABH";"1000 G2";"SHOP10";"USD";2975.26;1;
"G6X12AW-ABH";"1000 G2";"SHOP10";"EUR";2224.66;1;
"G6X12AW-ABH";"1000 G2";"SHOP10";"UAH";39022.02;1;
"G2E68EA-ABB";"7 6101en VoiceTab";"SHOP10";"USD";3436.26;1;
"G2E68EA-ABB";"7 6101en VoiceTab";"SHOP10";"EUR";2569.36;1;
"G2E68EA-ABB";"7 6101en VoiceTab";"SHOP10";"UAH";45068.27;1;
"VFYZQ7040M87B1ES";"Q704";"SHOP10";"USD";2653.73;1;
"VFYZQ7040M87B1ES";"Q704";"SHOP10";"EUR";1984.25;1;
"VFYZQ7040M87B1ES";"Q704";"SHOP10";"UAH";34805.00;1;
"VFYZQ5840M80A2ES";"Q584";"SHOP10";"USD";1675.96;1;
"VFYZQ5840M80A2ES";"Q584";"SHOP10";"EUR";1253.15;1;
"VFYZQ5840M80A2ES";"Q584";"SHOP10";"UAH";21981.05;1;
"G2E67EA";"6 6001en VoiceTab";"SHOP10";"USD";1514.35;1;
"G2E67EA";"6 6001en VoiceTab";"SHOP10";"EUR";1132.31;1;
"G2E67EA";"6 6001en VoiceTab";"SHOP10";"UAH";19861.46;1;
"G1K29AA";"G1K29AA";"SHOP10";"USD";1999.10;1;1599.2800
"G1K29AA";"G1K29AA";"SHOP10";"EUR";1494.77;1;1195.8160
"G1K29AA";"G1K29AA";"SHOP10";"UAH";26219.20;1;20975.3600
"70B0000EUX";"RD640";"SHOP10";"USD";3486.38;1;3137.7420
"70B0000EUX";"RD640";"SHOP10";"EUR";2606.84;1;2346.1560
"70B0000EUX";"RD640";"SHOP10";"UAH";45725.62;1;41153.0580
"E2A60UTRABA";"230 MT";"SHOP10";"USD";536.22;1;
"E2A60UTRABA";"230 MT";"SHOP10";"EUR";400.94;1;
"E2A60UTRABA";"230 MT";"SHOP10";"UAH";7032.79;1;
"E4Z29ETABU-MFC00007";"6305 SFF";"SHOP10";"USD";2827.15;1;
"E4Z29ETABU-MFC00007";"6305 SFF";"SHOP10";"EUR";2113.92;1;
"E4Z29ETABU-MFC00007";"6305 SFF";"SHOP10";"UAH";37079.49;1;
"E4Z29ETABU";"6305 SFF";"SHOP10";"USD";3313.09;1;
"E4Z29ETABU";"6305 SFF";"SHOP10";"EUR";2477.26;1;
"E4Z29ETABU";"6305 SFF";"SHOP10";"UAH";43452.83;1;
"J4C95AA";"Chromebox";"SHOP10";"USD";2272.55;1;
"J4C95AA";"Chromebox";"SHOP10";"EUR";1699.23;1;
"J4C95AA";"Chromebox";"SHOP10";"UAH";29805.63;1;
"J4C96AA";"Chromebox";"SHOP10";"USD";3162.83;1;
"J4C96AA";"Chromebox";"SHOP10";"EUR";2364.91;1;
"J4C96AA";"Chromebox";"SHOP10";"UAH";41482.10;1;
"F1Q78EA-ABH";"1000 G2";"SHOP10";"USD";3165.99;1;
"F1Q78EA-ABH";"1000 G2";"SHOP10";"EUR";2367.27;1;
"F1Q78EA-ABH";"1000 G2";"SHOP10";"UAH";41523.54;1;
"SGP511B2AB-EC5";"Z2 FIFA";"SHOP10";"USD";2103.03;1;
"SGP511B2AB-EC5";"Z2 FIFA";"SHOP10";"EUR";1572.48;1;
"SGP511B2AB-EC5";"Z2 FIFA";"SHOP10";"UAH";27582.29;1;
"F1Q70EA";"1000 G2";"SHOP10";"USD";2450.56;1;
"F1Q70EA";"1000 G2";"SHOP10";"EUR";1832.33;1;
"F1Q70EA";"1000 G2";"SHOP10";"UAH";32140.32;1;
"F1Q75EA";"1000 G2";"SHOP10";"USD";525.27;1;472.7430
"F1Q75EA";"1000 G2";"SHOP10";"EUR";392.75;1;353.4750
"F1Q75EA";"1000 G2";"SHOP10";"UAH";6889.18;1;6200.2620
"F1Q72EA";"1000 G2";"SHOP10";"USD";2540.09;1;
"F1Q72EA";"1000 G2";"SHOP10";"EUR";1899.28;1;
"F1Q72EA";"1000 G2";"SHOP10";"UAH";33314.55;1;
"VFYZP0720PXSA1CZ";"P720 E85+";"SHOP10";"USD";3424.42;1;
"VFYZP0720PXSA1CZ";"P720 E85+";"SHOP10";"EUR";2560.51;1;
"VFYZP0720PXSA1CZ";"P720 E85+";"SHOP10";"UAH";44912.98;1;
"J6T84AW-ABH";"1000 G2";"SHOP10";"USD";1091.54;1;
"J6T84AW-ABH";"1000 G2";"SHOP10";"EUR";816.17;1;
"J6T84AW-ABH";"1000 G2";"SHOP10";"UAH";14316.09;1;
"J6T92AW-ABH";"1000 G2";"SHOP10";"USD";2387.47;1;1909.9760
"J6T92AW-ABH";"1000 G2";"SHOP10";"EUR";1785.16;1;1428.1280
"J6T92AW-ABH";"1000 G2";"SHOP10";"UAH";31312.86;1;25050.2880
"E3U25UTRABA";"405 G1 MT";"SHOP10";"USD";3299.07;1;2639.2560
"E3U25UTRABA";"405 G1 MT";"SHOP10";"EUR";2466.78;1;1973.4240
"E3U25UTRABA";"405 G1 MT";"SHOP10";"UAH";43268.95;1;34615.1600
"TABLET-S100SILVER";"TABLET-S100SILVER";"SHOP10";"USD";1847.48;1;
"TABLET-S100SILVER";"TABLET-S100SILVER";"SHOP10";"EUR";1381.40;1;
"TABLET-S100SILVER";"TABLET-S100SILVER";"SHOP10";"UAH";24230.62;1;
"TABLET-UN100BLACK";"TABLET-UN100BLACK";"SHOP10";"USD";3469.70;1;
"TABLET-UN100BLACK";"TABLET-UN100BLACK";"SHOP10";"EUR";2594.36;1;
"TABLET-UN100BLACK";"TABLET-UN100BLACK";"SHOP10";"UAH";45506.85;1;
"768748-371";"ProLiant ML310e Gen8 v2 i3-4150 1P 2GB-U B120i Non-hot Plug 350W PS Entry Server";"SHOP10";"USD";2140.71;1;
"768748-371";"ProLiant ML310e Gen8 v2 i3-4150 1P 2GB-U B120i Non-hot Plug 350W PS Entry Server";"SHOP10";"EUR";1600.65;1;
"768748-371";"ProLiant ML310e Gen8 v2 i3-4150 1P 2GB-U B120i Non-hot Plug 350W PS Entry Server";"SHOP10";"UAH";28076.48;1;
"768645-421";"ProLiant DL320e Gen8 v2 E3-1241v3 1P 8GB-U P222 Hot Plug 4 SFF Perf Svr";"SHOP10";"USD";2644.27;1;
"768645-421";"ProLiant DL320e Gen8 v2 E3-1241v3 1P 8GB-U P222 Hot Plug 4 SFF Perf Svr";"SHOP10";"EUR";1977.17;1;
"768645-421";"ProLiant DL320e Gen8 v2 E3-1241v3 1P 8GB-U P222 Hot Plug 4 SFF Perf Svr";"SHOP10";"UAH";34680.92;1;
"768638-AA1";"ProLiant DL320e Gen8 v2 G3240 1P 2GB-U Non-hot Plug 2 LFF Entry Server";"SHOP10";"USD";1964.24;1;
"768638-AA1";"ProLiant DL320e Gen8 v2 G3240 1P 2GB-U Non-hot Plug 2 LFF Entry Server";"SHOP10";"EUR";1468.70;1;
"768638-AA1";"ProLiant DL320e Gen8 v2 G3240 1P 2GB-U Non-hot Plug 2 LFF Entry Server";"SHOP10";"UAH";25761.99;1;
"768752-425";"ProLiant ML310e Gen8 v2 i3-4150 1P 4GB-U B120i Non-hot Plug 350W PS Server/TV";"SHOP10";"USD";1004.37;1;
"768752-425";"ProLiant ML310e Gen8 v2 i3-4150 1P 4GB-U B120i Non-hot Plug 350W PS Server/TV";"SHOP10";"EUR";750.99;1;
"768752-425";"ProLiant ML310e Gen8 v2 i3-4150 1P 4GB-U B120i Non-hot Plug 350W PS Server/TV";"SHOP10";"UAH";13172.81;1;
"768729-041";"ProLiant ML310e Gen8 v2 E3-1241v3 1P 8GB-U B120i 460W PS Performance Server";"SHOP10";"USD";2429.49;1;
"768729-041";"ProLiant ML310e Gen8 v2 E3-1241v3 1P 8GB-U B120i 460W PS Performance Server";"SHOP10";"EUR";1816.58;1;
"768729-041";"ProLiant ML310e Gen8 v2 E3-1241v3 1P 8GB-U B120i 460W PS Performance Server";"SHOP10";"UAH";31863.98;1;
"768729-051";"ProLiant ML310e Gen8 v2 E3-1241v3 1P 8GB-U B120i 460W PS Performance Server";"SHOP10";"USD";1855.58;1;
"768729-051";"ProLiant ML310e Gen8 v2 E3-1241v3 1P 8GB-U B120i 460W PS Performance Server";"SHOP10";"EUR";1387.45;1;
"768729-051";"ProLiant ML310e Gen8 v2 E3-1241v3 1P 8GB-U B120i 460W PS Performance Server";"SHOP10";"UAH";24336.86;1;
"768748-031";"ProLiant ML310e Gen8 v2 i3-4150 1P 2GB-U B120i Non-hot Plug 350W PS Entry Server";"SHOP10";"USD";2041.62;1;1837.4580
"768748-031";"ProLiant ML310e Gen8 v2 i3-4150 1P 2GB-U B120i Non-hot Plug 350W PS Entry Server";"SHOP10";"EUR";1526.56;1;1373.9040
"768748-031";"ProLiant ML310e Gen8 v2 i3-4150 1P 2GB-U B120i Non-hot Plug 350W PS Entry Server";"SHOP10";"UAH";26776.87;1;24099.1830
"768729-371";"ProLiant ML310e Gen8 v2 E3-1241v3 1P 8GB-U B120i 460W PS Performance Server";"SHOP10";"USD";1559.63;1;
"768729-371";"ProLiant ML310e Gen8 v2 E3-1241v3 1P 8GB-U B120i 460W PS Performance Server";"SHOP10";"EUR";1166.17;1;
"768729-371";"ProLiant ML310e Gen8 v2 E3-1241v3 1P 8GB-U B120i 460W PS Performance Server";"SHOP10";"UAH";20455.33;1;
"768748-041";"ProLiant ML310e Gen8 v2 i3-4150 1P 2GB-U B120i Non-hot Plug 350W PS Entry Server";"SHOP10";"USD";3138.31;1;
"768748-041";"ProLiant ML310e Gen8 v2 i3-4150 1P 2GB-U B120i Non-hot Plug 350W PS Entry Server";"SHOP10";"EUR";2346.58;1;
"768748-041";"ProLiant ML310e Gen8 v2 i3-4150 1P 2GB-U B120i Non-hot Plug 350W PS Entry Server";"SHOP10";"UAH";41160.50;1;
"768748-421";"ProLiant ML310e Gen8 v2 i3-4150 1P 2GB-U B120i Non-hot Plug 350W PS Entry Server";"SHOP10";"USD";1225.09;1;
"768748-421";"ProLiant ML310e Gen8 v2 i3-4150 1P 2GB-U B120i Non-hot Plug 350W PS Entry Server";"SHOP10";"EUR";916.02;1;
"768748-421";"ProLiant ML310e Gen8 v2 i3-4150 1P 2GB-U B120i Non-hot Plug 350W PS Entry Server";"SHOP10";"UAH";16067.67;1;
"768748-051";"ProLiant ML310e Gen8 v2 i3-4150 1P 2GB-U B120i Non-hot Plug 350W PS Entry Server";"SHOP10";"USD";1161.42;1;
"768748-051";"ProLiant ML310e Gen8 v2 i3-4150 1P 2GB-U B120i Non-hot Plug 350W PS Entry Server";"SHOP10";"EUR";868.42;1;
"768748-051";"ProLiant ML310e Gen8 v2 i3-4150 1P 2GB-U B120i Non-hot Plug 350W PS Entry Server";"SHOP10";"UAH";15232.60;1;
"57329724";"515";"SHOP10";"USD";2381.39;1;
"57329724";"515";"SHOP10";"EUR";1780.61;1;
"57329724";"515";"SHOP10";"UAH";31233.12;1;
"M11BB-NR040S";"M11BB-NR040S";"SHOP10";"USD";822.23;1;657.7840
"M11BB-NR040S";"M11BB-NR040S";"SHOP10";"EUR";614.80;1;491.8400
"M11BB-NR040S";"M11BB-NR040S";"SHOP10";"UAH";10783.96;1;8627.1680
"QY776AA-B15";"USB Keyboard for PC";"SHOP10";"USD";2961.69;1;
"QY776AA-B15";"USB Keyboard for PC";"SHOP10";"EUR";2214.51;1;
"QY776AA-B15";"USB Keyboard for PC";"SHOP10";"UAH";38844.05;1;
"70B0000ESP";"RD640";"SHOP10";"USD";1163.47;1;
"70B0000ESP";"RD640";"SHOP10";"EUR";869.95;1;
"70B0000ESP";"RD640";"SHOP10";"UAH";15259.49;1;
"19829";"Evo Advanced Laser Mouse";"SHOP10";"USD";2863.28;1;
"19829";"Evo Advanced Laser Mouse";"SHOP10";"EUR";2140.93;1;
"19829";"Evo Advanced Laser Mouse";"SHOP10";"UAH";37553.35;1;
"SM-T531NYKASER";"Galaxy Tab 4 10.1\" 3G";"SHOP10";"USD";1655.29;1;
"SM-T531NYKASER";"Galaxy Tab 4 10.1\" 3G";"SHOP10";"EUR";1237.69;1;
"SM-T531NYKASER";"Galaxy Tab 4 10.1\" 3G";"SHOP10";"UAH";21709.96;1;
"PDW0AE-00900PEN";"WT8-B-102";"SHOP10";"USD";546.64;1;
"PDW0AE-00900PEN";"WT8-B-102";"SHOP10";"EUR";408.73;1;
"PDW0AE-00900PEN";"WT8-B-102";"SHOP10";"UAH";7169.46;1;
"VFYZW5300W28A1IT";"W530";"SHOP10";"USD";2908.94;1;
"VFYZW5300W28A1IT";"W530";"SHOP10";"EUR";2175.07;1;
"VFYZW5300W28A1IT";"W530";"SHOP10";"UAH";38152.20;1;
"E2A60UTR";"230 MT";"SHOP10";"USD";2134.37;1;
"E2A60UTR";"230 MT";"SHOP10";"EUR";1595.91;1;
"E2A60UTR";"230 MT";"SHOP10";"UAH";27993.33;1;
"E3U25UTR";"405 G1 MT";"SHOP10";"USD";1636.04;1;
"E3U25UTR";"405 G1 MT";"SHOP10";"EUR";1223.30;1;
"E3U25UTR";"405 G1 MT";"SHOP10";"UAH";21457.48;1;
"PDW0BE-00600TEN";"WT10-A";"SHOP10";"USD";2287.99;1;
"PDW0BE-00600TEN";"WT10-A";"SHOP10";"EUR";1710.78;1;
"PDW0BE-00600TEN";"WT10-A";"SHOP10";"UAH";30008.13;1;
"VFYZP0520P27A1IT";"P520 E85+";"SHOP10";"USD";2123.34;1;
"VFYZP0520P27A1IT";"P520 E85+";"SHOP10";"EUR";1587.66;1;
"VFYZP0520P27A1IT";"P520 E85+";"SHOP10";"UAH";27848.67;1;
"VFYZP0920PXP81IT";"P920 E85+";"SHOP10";"USD";1035.06;1;
"VFYZP0920PXP81IT";"P920 E85+";"SHOP10";"EUR";773.94;1;
"VFYZP0920PXP81IT";"P920 E85+";"SHOP10";"UAH";13575.33;1;
"VFYZQ0520P73A1IT";"Q520";"SHOP10";"USD";1750.11;1;
"VFYZQ0520P73A1IT";"Q520";"SHOP10";"EUR";1308.59;1;
"VFYZQ0520P73A1IT";"Q520";"SHOP10";"UAH";22953.57;1;
"VFYZW5300W28B1IT";"W530";"SHOP10";"USD";2233.99;1;
"VFYZW5300W28B1IT";"W530";"SHOP10";"EUR";1670.40;1;
"VFYZW5300W28B1IT";"W530";"SHOP10";"UAH";29299.90;1;
"70B0000ERU";"RD640";"SHOP10";"USD";974.18;1;
"70B0000ERU";"RD640";"SHOP10";"EUR";728.41;1;
"70B0000ERU";"RD640";"SHOP10";"UAH";12776.86;1;
"CA012D3020MT11HSW";"3020 MT";"SHOP10";"USD";1634.40;1;
"CA012D3020MT11HSW";"3020 MT";"SHOP10";"EUR";1222.07;1;
"CA012D3020MT11HSW";"3020 MT";"SHOP10";"UAH";21435.97;1;
"CA023D3020MT11HSW";"3020 MT";"SHOP10";"USD";2836.10;1;
"CA023D3020MT11HSW";"3020 MT";"SHOP10";"EUR";2120.61;1;
"CA023D3020MT11HSW";"3020 MT";"SHOP10";"UAH";37196.87;1;
"CA004D3020MT11HSW";"3020 MT";"SHOP10";"USD";989.38;1;
"CA004D3020MT11HSW";"3020 MT";"SHOP10";"EUR";739.78;1;
"CA004D3020MT11HSW";"3020 MT";"SHOP10";"UAH";12976.21;1;
"CA020D3020MT11HSW";"3020 MT";"SHOP10";"USD";2246.69;1;2022.0210
"CA020D3020MT11HSW";"3020 MT";"SHOP10";"EUR";1679.90;1;1511.9100
"CA020D3020MT11HSW";"3020 MT";"SHOP10";"UAH";29466.46;1;26519.8140
"70CK9000WWAK4";"EMC px4-400r 8TB";"SHOP10";"USD";3392.24;1;
"70CK9000WWAK4";"EMC px4-400r 8TB";"SHOP10";"EUR";2536.45;1;
"70CK9000WWAK4";"EMC px4-400r 8TB";"SHOP10";"UAH";44490.92;1;
"70CK9000WWAK1";"EMC px4-400r 4TB";"SHOP10";"USD";1748.64;1;
"70CK9000WWAK1";"EMC px4-400r 4TB";"SHOP10";"EUR";1307.49;1;
"70CK9000WWAK1";"EMC px4-400r 4TB";"SHOP10";"UAH";22934.29;1;
"70CK9000WWAK2";"EMC px4-400r 8TB";"SHOP10";"USD";1645.55;1;
"70CK9000WWAK2";"EMC px4-400r 8TB";"SHOP10";"EUR";1230.41;1;
"70CK9000WWAK2";"EMC px4-400r 8TB";"SHOP10";"UAH";21582.21;1;
"70CK9000WWAK3";"EMC px4-400r 12TB";"SHOP10";"USD";958.40;1;
"70CK9000WWAK3";"EMC px4-400r 12TB";"SHOP10";"EUR";716.61;1;
"70CK9000WWAK3";"EMC px4-400r 12TB";"SHOP10";"UAH";12569.90;1;
"70CK9000WWAK5";"EMC px4-400r 12TB";"SHOP10";"USD";1593.65;1;
"70CK9000WWAK5";"EMC px4-400r 12TB";"SHOP10";"EUR";1191.60;1;
"70CK9000WWAK5";"EMC px4-400r 12TB";"SHOP10";"UAH";20901.52;1;
"J0F20ET";"800 G1 SFF";"SHOP10";"USD";3445.86;1;
"J0F20ET";"800 G1 SFF";"SHOP10";"EUR";2576.54;1;
"J0F20ET";"800 G1 SFF";"SHOP10";"UAH";45194.18;1;
"J4C96AA-ABH";"Chromebox";"SHOP10";"USD";531.46;1;
"J4C96AA-ABH";"Chromebox";"SHOP10";"EUR";397.38;1;
"J4C96AA-ABH";"Chromebox";"SHOP10";"UAH";6970.36;1;
"J4C98AA-ABH";"Chromebox";"SHOP10";"USD";1501.60;1;
"J4C98AA-ABH";"Chromebox";"SHOP10";"EUR";1122.78;1;
"J4C98AA-ABH";"Chromebox";"SHOP10";"UAH";19694.23;1;
"G0K55AV";"EliteDesk 705 G1 Base Model Small Form Factor PC";"SHOP10";"USD";2600.10;1;
"G0K55AV";"EliteDesk 705 G1 Base Model Small Form Factor PC";"SHOP10";"EUR";1944.15;1;
"G0K55AV";"EliteDesk 705 G1 Base Model Small Form Factor PC";"SHOP10";"UAH";34101.61;1;
"G0K54AV";"EliteDesk 705 G1 Base Model Microtower PC";"SHOP10";"USD";1655.84;1;
"G0K54AV";"EliteDesk 705 G1 Base Model Microtower PC";"SHOP10";"EUR";1238.10;1;
"G0K54AV";"EliteDesk 705 G1 Base Model Microtower PC";"SHOP10";"UAH";21717.17;1;
"J8Q17EA";"ElitePad 1000 G2 Tablet";"SHOP10";"USD";2347.66;1;
"J8Q17EA";"ElitePad 1000 G2 Tablet";"SHOP10";"EUR";1755.39;1;
"J8Q17EA";"ElitePad 1000 G2 Tablet";"SHOP10";"UAH";30790.73;1;
"J8Q20EA";"ElitePad 1000 G2 Tablet";"SHOP10";"USD";3223.65;1;
"J8Q20EA";"ElitePad 1000 G2 Tablet";"SHOP10";"EUR";2410.39;1;
"J8Q20EA";"ElitePad 1000 G2 Tablet";"SHOP10";"UAH";42279.78;1;
"J8Q14EA";"ElitePad 1000 G2 Tablet";"SHOP10";"USD";950.69;1;
"J8Q14EA";"ElitePad 1000 G2 Tablet";"SHOP10";"EUR";710.85;1;
"J8Q14EA";"ElitePad 1000 G2 Tablet";"SHOP10";"UAH";12468.77;1;
"57326147";"H535";"SHOP10";"USD";777.10;1;
"57326147";"H535";"SHOP10";"EUR";581.05;1;
"57326147";"H535";"SHOP10";"UAH";10192.06;1;
"D5S20EA-ABB";"400 G1 SFF";"SHOP10";"USD";1725.00;1;
"D5S20EA-ABB";"400 G1 SFF";"SHOP10";"EUR";1289.82;1;
"D5S20EA-ABB";"400 G1 SFF";"SHOP10";"UAH";22624.24;1;
"A70CV-AT4501";"A70CV.AT4501";"SHOP10";"USD";1092.93;1;
"A70CV-AT4501";"A70CV.AT4501";"SHOP10";"EUR";817.21;1;
"A70CV-AT4501";"A70CV.AT4501";"SHOP10";"UAH";14334.32;1;
"D3J20LT";"6305 SFF";"SHOP10";"USD";2695.14;1;
"D3J20LT";"6305 SFF";"SHOP10";"EUR";2015.21;1;
"D3J20LT";"6305 SFF";"SHOP10";"UAH";35348.11;1;
"A70CV-AH450P";"A70CV.AH450P";"SHOP10";"USD";2544.01;1;
"A70CV-AH450P";"A70CV.AH450P";"SHOP10";"EUR";1902.21;1;
"A70CV-AH450P";"A70CV.AH450P";"SHOP10";"UAH";33365.96;1;
"A70CH-AH4511";"A70CH.AH4511";"SHOP10";"USD";2101.98;1;
"A70CH-AH4511";"A70CH.AH4511";"SHOP10";"EUR";1571.69;1;
"A70CH-AH4511";"A70CH.AH4511";"SHOP10";"UAH";27568.52;1;
"A75CV-AH4301";"A75CV.AH4301";"SHOP10";"USD";1898.71;1;
"A75CV-AH4301";"A75CV.AH4301";"SHOP10";"EUR";1419.70;1;
"A75CV-AH4301";"A75CV.AH4301";"SHOP10";"UAH";24902.53;1;
"XE3000TC-EG1CN";"XE3000TC";"SHOP10";"USD";1696.12;1;
"XE3000TC-EG1CN";"XE3000TC";"SHOP10";"EUR";1268.22;1;
"XE3000TC-EG1CN";"XE3000TC";"SHOP10";"UAH";22245.46;1;
"XE300TZC-K01CL";"XE300TZC";"SHOP10";"USD";1310.57;1;
"XE300TZC-K01CL";"XE300TZC";"SHOP10";"EUR";979.94;1;
"XE300TZC-K01CL";"XE300TZC";"SHOP10";"UAH";17188.78;1;
"XE5100TC-EG1CN";"XE5100TC";"SHOP10";"USD";1023.20;1;920.8800
"XE5100TC-EG1CN";"XE5100TC";"SHOP10";"EUR";765.07;1;688.5630
"XE5100TC-EG1CN";"XE5100TC";"SHOP10";"UAH";13419.78;1;12077.8020
"XE700T1C-G02MY";"Tab 7";"SHOP10";"USD";2985.37;1;
"XE700T1C-G02MY";"Tab 7";"SHOP10";"EUR";2232.22;1;
"XE700T1C-G02MY";"Tab 7";"SHOP10";"UAH";39154.62;1;
"XE7100TC-EG1CN";"Tab 7";"SHOP10";"USD";1758.30;1;
"XE7100TC-EG1CN";"Tab 7";"SHOP10";"EUR";1314.72;1;
"XE7100TC-EG1CN";"Tab 7";"SHOP10";"UAH";23060.98;1;
"NT-L3WAA-003";"A1-830-1838";"SHOP10";"USD";573.14;1;
"NT-L3WAA-003";"A1-830-1838";"SHOP10";"EUR";428.55;1;
"NT-L3WAA-003";"A1-830-1838";"SHOP10";"UAH";7517.02;1;
"E7Q32US";"600 G1";"SHOP10";"USD";1494.48;1;
"E7Q32US";"600 G1";"SHOP10";"EUR";1117.45;1;
"E7Q32US";"600 G1";"SHOP10";"UAH";19600.85;1;
"CA019D3020SFF11HSW";"3020 MT";"SHOP10";"USD";813.01;1;
"CA019D3020SFF11HSW";"3020 MT";"SHOP10";"EUR";607.90;1;
"CA019D3020SFF11HSW";"3020 MT";"SHOP10";"UAH";10663.03;1;
"SM010D3020MT11HSW1";"3020 MT";"SHOP10";"USD";2441.97;1;
"SM010D3020MT11HSW1";"3020 MT";"SHOP10";"EUR";1825.91;1;
"SM010D3020MT11HSW1";"3020 MT";"SHOP10";"UAH";32027.66;1;
"SM016D3020MT11HSW1";"3020 MT";"SHOP10";"USD";728.34;1;
"SM016D3020MT11HSW1";"3020 MT";"SHOP10";"EUR";544.59;1;
"SM016D3020MT11HSW1";"3020 MT";"SHOP10";"UAH";9552.54;1;
