sku guid;attr code;attr value;display en;display ru
"7966800";"1766";"black";"black";"черный"
"7966800";"46";"black";"black";"черный"
"7966801";"1766";"orange";"orange";"оранжевый"
"7966801";"46";"orange";"orange";"оранжевый"
"7966802";"1766";"white";"white";"белый"
"7966802";"46";"white";"white";"белый"
"7966803";"1766";"blue";"blue";"синий"
"7966803";"46";"blue";"blue";"синий"
"17377469";"1766";"white";"white";"белый"
"17377470";"1766";"pink";"pink";"розовый"
"17377471";"1766";"black";"black";"черный"
"18296241";"1766";"black";"black";"черный"
"18296242";"1766";"white";"white";"белый"
"1666755601";"1766";"black";"black";"черный"
"1666755602";"1766";"red";"red";"красный"