name;EN;RU;description;EN;RU
"workstations";"PCs/Workstations";"персональные компьютеры/рабочие станции";"workstations";"PCs/Workstations";"персональные компьютеры/рабочие станции"
"netbooks";"Laptops";"ультрабуки";"netbooks";"Laptops";"ультрабуки"
"mice";"Mice";"компьютерные мышки";"mice";"Mice";"компьютерные мышки"
"NAS & storage servers";"Storage Servers";"серверы хранения и NAS сервера";"NAS & storage servers";"Storage Servers";"серверы хранения и NAS сервера"
"keyboards";"Keyboards & Desktops";"клавиатури";"keyboards";"Keyboards & Desktops";"клавиатури"
"PagePack";"Scanners";"сканеры";"PagePack";"Scanners";"сканеры"
"tablets";"Tablets";"планшеты";"tablets";"Tablets";"планшеты"
"servers";"Servers";"серверы";"servers";"Servers";"серверы"
