guid;product type;attribute code;attribute name;filter nav;nav type;range nav;
"1411";"data input devices ";"1411";"Keys";false;"S";;
"8419";"wireless presenters";"8419";"Trackball";false;"S";;
"1410";"data input devices ";"1410";"Keyboard layout";false;"S";;
"8416";"graphic tablets";"8416";"Wireless receiver interface";false;"S";;
"8415";"wireless presenters";"8415";"Laser pointer colour";false;"S";;
"8220";"notebooks";"8220";"4G WiMAX";false;"S";;
"1414";"notebooks";"1414";"I/O ports type";false;"S";;
"942";"graphic tablets";"942";"Display number of colours";false;"S";;
"8418";"graphic tablets";"8418";"Receiver included";false;"S";;
"8417";"graphic tablets";"8417";"Receiver type";false;"S";;
"1412";"data input devices ";"1412";"Function keys";false;"S";;
"940";"notebooks";"940";"Display manufacturer";false;"S";;
"3282";"scanners";"3282";"Scanning noise level";false;"S";;
"946";"notebooks";"946";"Display response rise/fall";false;"S";;
"8018";"scanners";"8018";"Flatbed scan speed (b/w, A3)";false;"S";;
"8017";"scanners";"8017";"Flatbed scan speed (b/w, A4)";false;"S";;
"944";"wireless presenters";"944";"Display diagonal";true;"S";;
"8014";"scanners";"8014";"ADF scan speed (b/w, A3)";false;"S";;
"530";"scanners";"530";"Pallet dimensions (W x D x H)";false;"S";;
"747";"scanners";"747";"Cabling technology";false;"S";;
"8734";"wireless presenters";"8734";"Included memory card size";false;"S";;
"534";"scanners";"534";"Copy resolution (black text)";false;"S";;
"1822";"notebooks";"1822";"L3 cache";false;"S";;
"8737";"notebooks";"8737";"Main camera resolution";false;"S";;
"538";"notebooks";"538";"Flash memory";false;"S";;
"537";"scanners";"537";"Scan type";false;"S";;
"536";"software licenses/upgrades";"536";"Full duplex";false;"S";;
"7350";"notebooks";"7350";"Orientation sensor";false;"S";;
"1829";"notebooks";"1829";"BIOS type";false;"S";;
"743";"scanners";"743";"Send to other application";false;"S";;
"741";"scanners";"741";"Copy resolution (black graphics)";false;"S";;
"8421";"keyboards";"8421";"Spill resistant keyboard";false;"S";;
"1828";"notebooks";"1828";"Processors compatible";false;"S";;
"8021";"scanners";"8021";"ADF scan speed (colour, A4)";false;"S";;
"8020";"scanners";"8020";"ADF scan speed (colour, A3)";false;"S";;
"8409";"keyboards";"8409";"Non-slip base";false;"S";;
"1422";"notebooks";"1422";"Drive bays";false;"S";;
"1421";"notebooks";"1421";"Number of drive bays";false;"S";;
"8406";"notebooks";"8406";"Labelflash";false;"S";;
"930";"notebooks";"930";"CD/DVD drive rotational speed";false;"S";;
"931";"notebooks";"931";"Optical drive removable";false;"S";;
"932";"notebooks";"932";"Optical drive player software";false;"S";;
"3294";"scanners";"3294";"Country of origin";false;"S";;
"933";"notebooks";"933";"CD/DVD writing software";false;"S";;
"342";"notebooks";"342";"Manageability features";false;"S";;
"8028";"notebooks";"8028";"Dolby technologies";false;"S";;
"8027";"scanners";"8027";"Scanning media types supported";false;"S";;
"934";"notebooks";"934";"Diskette drive manufacturer";false;"S";;
"8026";"scanners";"8026";"Daily duty cycle (max)";false;"S";;
"935";"notebooks";"935";"Diskette drive";false;"S";;
"8025";"scanners";"8025";"Duplex ADF scan speed (colour, A3)";false;"S";;
"936";"notebooks";"936";"Diskette drive media supported";false;"S";;
"8024";"scanners";"8024";"Duplex ADF scan speed (colour, A4)";false;"S";;
"8023";"scanners";"8023";"Duplex ADF scan speed (b/w, A3)";false;"S";;
"938";"notebooks";"938";"Diskette drive maximum transfer rate";false;"S";;
"8022";"scanners";"8022";"Duplex ADF scan speed (b/w, A4)";false;"S";;
"939";"notebooks";"939";"Diskette drive dimensions (W x D x H)";false;"S";;
"2940";"graphic tablets";"2940";"DVI-I ports quantity";false;"S";;
"734";"notebooks";"734";"Chassis type";false;"S";;
"737";"scanners";"737";"Enhanced scan resolution";false;"S";;
"3490";"computer TV tuners";"3490";"Teletext function";false;"S";;
"739";"notebooks";"739";"Disk subsystem controller";false;"S";;
"7";"scanners";"7";"Hard drive capacity";true;"S";;
"2944";"graphic tablets";"2944";"Mouse included";false;"S";;
"738";"software licenses/upgrades";"738";"Communication";false;"S";;
"6";"graphic tablets";"6";"Internal memory";true;"S";;
"8019";"scanners";"8019";"ADF scan speed (b/w, A4)";false;"S";;
"5";"scanners";"5";"Processor clock speed";true;"S";;
"2941";"computer TV tuners";"2941";"DVI-D ports quantity";false;"S";;
"8414";"wireless presenters";"8414";"Presenter functions";false;"S";;
"547";"scanners";"547";"Colour printing technology";false;"S";;
"8411";"keyboards";"8411";"Surface coloration";false;"S";;
"8410";"keyboards";"8410";"Game edition";false;"S";;
"730";"graphic tablets";"730";"Compatible memory cards";false;"S";;
"732";"display privacy filters";"732";"Quantity per pallet";false;"S";;
"920";"data input devices ";"920";"Device read/write media compatibility";false;"S";;
"6084";"notebooks";"6084";"Rear ports";false;"S";;
"6085";"notebooks";"6085";"Rear ports note";false;"S";;
"6088";"software licenses/upgrades";"6088";"64-bit computing";false;"S";;
"6089";"notebooks";"6089";"Processor number of cores";false;"S";;
"6086";"software licenses/upgrades";"6086";"Recovery time";false;"S";;
"925";"notebooks";"925";"CD/DVD drive ultra DMA burst data transfer rate";false;"S";;
"926";"notebooks";"926";"CD/DVD drive multiword DMA burst data transfer rate";false;"S";;
"923";"notebooks";"923";"CD-RW/DVD-ROM interface";false;"S";;
"8037";"flat panel desk mounts";"8037";"Pivot angle";false;"S";;
"924";"notebooks";"924";"CD/DVD drive DMA burst data transfer rate";false;"S";;
"1439";"software licenses/upgrades";"1439";"Relative humidity";false;"S";;
"6893";"computer TV tuners";"6893";"Video formats supported";false;"S";;
"1438";"notebooks";"1438";"Network integrated ports";false;"S";;
"922";"notebooks";"922";"Drive device weight";false;"S";;
"513";"scanners";"513";"Pallet weight";false;"S";;
"1843";"notebooks";"1843";"CD/DVD weight";false;"S";;
"729";"notebooks";"729";"Video adapter resolution";false;"S";;
"1844";"notebooks";"1844";"DVD drive transfer rate";false;"S";;
"511";"scanners";"511";"Maximum operating temperature range (T-T)";false;"S";;
"727";"scanners";"727";"Optical scanning resolution";false;"S";;
"6886";"notebooks";"6886";"Energy saving functions";false;"S";;
"8758";"computer TV tuners";"8758";"Video capture capability";false;"S";;
"2971";"software licenses/upgrades";"2971";"Software type";false;"S";;
"919";"notebooks";"919";"CD-RW/DVD-ROM transfer rate";false;"S";;
"8441";"notebooks";"8441";"Mini-USB 2.0 ports quantity";false;"S";;
"8442";"notebooks";"8442";"Second camera resolution";false;"S";;
"515";"scanners";"515";"Scan speed (black and white drawing)";false;"S";;
"514";"scanners";"514";"Power supply type";false;"S";;
"1448";"wireless presenters";"1448";"Warranty";false;"S";;
"8426";"keyboards";"8426";"Programmable mouse buttons";false;"S";;
"6071";"scanners";"6071";"Paper sizes supported (Auto Document Feeder)";false;"S";;
"1442";"notebooks";"1442";"Wireless option type";false;"S";;
"1444";"notebooks";"1444";"Processor core voltage (Battery mode)";false;"S";;
"914";"keyboards";"914";"Battery special features";false;"S";;
"915";"notebooks";"915";"CD/DVD drive manufacturer";false;"S";;
"6076";"notebooks";"6076";"Power supply note";false;"S";;
"917";"notebooks";"917";"CD/DVD maximum speed";false;"S";;
"910";"notebooks";"910";"Resume battery backup after";false;"S";;
"1449";"software licenses/upgrades";"1449";"Non-operating altitude";false;"S";;
"911";"notebooks";"911";"Battery life with optional 2nd battery";false;"S";;
"912";"notebooks";"912";"Battery life power on";false;"S";;
"913";"notebooks";"913";"Battery life power off";false;"S";;
"717";"scanners";"717";"Scan speed (OCR, A4)";false;"S";;
"1830";"graphic tablets";"1830";"Cables included";false;"S";;
"716";"scanners";"716";"Minimum scan size";false;"S";;
"2965";"notebooks";"2965";"Non-operating shock";false;"S";;
"719";"notebooks";"719";"Cache external";false;"S";;
"908";"graphic tablets";"908";"Battery type";false;"S";;
"2961";"keyboards";"2961";"Backlight colour";false;"S";;
"907";"notebooks";"907";"AC adapter weight";false;"S";;
"909";"keyboards";"909";"Battery capacity";true;"S";;
"6482";"flat panel desk mounts";"6482";"Depth (max)";false;"S";;
"1450";"notebooks";"1450";"CD/DVD drive buffer size";false;"S";;
"526";"scanners";"526";"Paper handling";false;"S";;
"2969";"scanners";"2969";"Output resolutions";false;"S";;
"6486";"flat panel desk mounts";"6486";"Height (max)";false;"S";;
"6488";"flat panel desk mounts";"6488";"Weight (max)";false;"S";;
"989";"notebooks";"989";"Hard disk desktop or notebook?";false;"S";;
"7599";"computer TV tuners";"7599";"3D compatibility";false;"S";;
"2110";"keyboards";"2110";"Technology";false;"S";;
"8058";"notebooks";"8058";"Effective megapixels (image)";false;"S";;
"982";"notebooks";"982";"Hard drive interface";false;"S";;
"980";"notebooks";"980";"Hard disk number of heads";false;"S";;
"986";"notebooks";"986";"Hard disk data buffer (PIO 4 mode)";false;"S";;
"985";"notebooks";"985";"Hard disk data buffer (Ultra ATA mode 2)";false;"S";;
"983";"notebooks";"983";"Hard disk interleave";false;"S";;
"4963";"scanners";"4963";"Touch sensitive screen";false;"S";;
"3235";"scanners";"3235";"Duplex scanning";false;"S";;
"703";"scanners";"703";"Operating relative humidity range";false;"S";;
"574";"notebooks";"574";"Maximum graphic adapter memory";false;"S";;
"2101";"graphic tablets";"2101";"Standby time";false;"S";;
"701";"scanners";"701";"Copier resize";false;"S";;
"3237";"notebooks";"3237";"Wireless LAN data transfer rate (max)";false;"S";;
"3239";"notebooks";"3239";"Wireless LAN connection";false;"S";;
"579";"notebooks";"579";"Video adapter, bus";false;"S";;
"2108";"computer TV tuners";"2108";"TV tuner type";false;"S";;
"2106";"notebooks";"2106";"TV tuner formats";false;"S";;
"977";"notebooks";"977";"Hard disk height";false;"S";;
"979";"notebooks";"979";"Hard disk number of plates";false;"S";;
"2991";"computer TV tuners";"2991";"Antenna connector type";false;"S";;
"582";"graphic tablets";"582";"Package dimensions (WxDxH)";false;"S";;
"970";"notebooks";"970";"Graphics adapter RAMDAC";false;"S";;
"973";"notebooks";"973";"Hard disk manufacturer";false;"S";;
"972";"notebooks";"972";"Graphics adapter output connector";false;"S";;
"974";"scanners";"974";"Hard disk drive type";false;"S";;
"9584";"notebooks";"9584";"Number of discrete graphics adapters";false;"S";;
"2112";"notebooks";"2112";"Model availability";false;"S";;
"584";"notebooks";"584";"Memory upgrade";false;"S";;
"585";"scanners";"585";"Acoustic pressure emissions";false;"S";;
"7385";"flat panel desk mounts";"7385";"Fan diameter";false;"S";;
"3263";"software licenses/upgrades";"3263";"Number of devices supported";false;"S";;
"1602";"graphic tablets";"1602";"Format";false;"S";;
"8079";"flat panel desk mounts";"8079";"Other mounting interfaces compatibility";false;"S";;
"2131";"notebooks";"2131";"Multi-bay devices";false;"S";;
"2130";"graphic tablets";"2130";"Pressure levels";false;"S";;
"969";"notebooks";"969";"Graphic adapter triangle setup";false;"S";;
"968";"notebooks";"968";"Graphics adapter multiple display support";false;"S";;
"8519";"keyboards";"8519";"Battery capacity";false;"S";;
"8720";"notebooks";"8720";"Ambient light sensor";false;"S";;
"967";"notebooks";"967";"Graphic adapter reduce TV out flicker";false;"S";;
"966";"notebooks";"966";"Graphics adapter integrated TV encoder";false;"S";;
"965";"notebooks";"965";"Motion compensation";false;"S";;
"964";"notebooks";"964";"Graphic adapter direct 3D support";false;"S";;
"963";"notebooks";"963";"Graphics adapter Open GL support";false;"S";;
"962";"notebooks";"962";"3D graphics accelerator";false;"S";;
"8072";"keyboards";"8072";"Protection features";false;"S";;
"961";"notebooks";"961";"2D graphics accelerator";false;"S";;
"960";"notebooks";"960";"Graphics adapter bus clock speed";false;"S";;
"8074";"notebooks";"8074";"Built-in camera";false;"S";;
"1803";"notebooks";"1803";"Network connection type";false;"S";;
"1802";"mice";"1802";"Networking standards";false;"S";;
"557";"scanners";"557";"Supported network protocols";false;"S";;
"5307";"wireless presenters";"5307";"Dimensions (W x D x H)";false;"S";;
"2127";"notebooks";"2127";"Multimedia";false;"S";;
"552";"scanners";"552";"Copy speed (normal quality, black, A4)";false;"S";;
"3257";"keyboards";"3257";"Maximum operating temperature";false;"S";;
"8480";"keyboards";"8480";"Recommended usage";false;"S";;
"2124";"notebooks";"2124";"QosmioEngine";false;"S";;
"959";"notebooks";"959";"Graphics adapter BitBLT";false;"S";;
"7563";"notebooks";"7563";"Operating system architecture";false;"S";;
"2143";"scanners";"2143";"Technical features";false;"S";;
"7566";"scanners";"7566";"Depth outer carton";false;"S";;
"10035";"flat panel desk mounts";"10035";"Swivel angle";false;"S";;
"955";"notebooks";"955";"Number of expansion types";false;"S";;
"954";"notebooks";"954";"Expansion type";false;"S";;
"2140";"graphic tablets";"2140";"Diagonal";false;"S";;
"7564";"software licenses/upgrades";"7564";"Depth inner carton";false;"S";;
"3271";"software licenses/upgrades";"3271";"Minimum processor (server)";false;"S";;
"953";"notebooks";"953";"LCD brightness levels 1-8";false;"S";;
"7361";"keyboards";"7361";"Connector contacts plating";false;"S";;
"2138";"scanners";"2138";"Service & support";false;"S";;
"8704";"computer TV tuners";"8704";"FM antenna ports quantity";false;"S";;
"1208";"graphic tablets";"1208";"Bluetooth version";false;"S";;
"2134";"computer TV tuners";"2134";"Preset stations quantity";false;"S";;
"3269";"software licenses/upgrades";"3269";"Minimum RAM (server)";false;"S";;
"563";"scanners";"563";"Recommended humidity operating range";false;"S";;
"8510";"graphic tablets";"8510";"Device interface";false;"S";;
"7367";"notebooks";"7367";"Data network";false;"S";;
"564";"scanners";"564";"Duplex print options";false;"S";;
"3267";"software licenses/upgrades";"3267";"Minimum hard disk space (server)";false;"S";;
"2746";"software licenses/upgrades";"2746";"Bandwidth";false;"S";;
"9140";"notebooks";"9140";"Playback disc types";false;"S";;
"4925";"keyboards";"4925";"Gross weight packaging";false;"S";;
"3013";"scanners";"3013";"Multi feed detection";false;"S";;
"4037";"flat panel desk mounts";"4037";"VESA mounting interfaces compatibility";false;"S";;
"3200";"computer TV tuners";"3200";"S-Video out";false;"S";;
"4924";"keyboards";"4924";"EAN/UPC/GTIN";false;"S";;
"6022";"scanners";"6022";"Host alert";false;"S";;
"3201";"notebooks";"3201";"DVD+R write speed";false;"S";;
"3202";"notebooks";"3202";"DVD-R write speed";false;"S";;
"3203";"notebooks";"3203";"DVD-R Double Layer write speed";false;"S";;
"3204";"notebooks";"3204";"DVD+R Double Layer write speed";false;"S";;
"2156";"scanners";"2156";"Downloadable software";false;"S";;
"6298";"wireless presenters";"6298";"Recharge station for parent unit";false;"S";;
"3205";"notebooks";"3205";"DVD+RW write speed";false;"S";;
"3206";"notebooks";"3206";"DVD-RW write speed";false;"S";;
"4292";"notebooks";"4292";"Recording";false;"S";;
"3207";"notebooks";"3207";"CD-R write speed";false;"S";;
"3208";"notebooks";"3208";"CD-RW write speed";false;"S";;
"3209";"notebooks";"3209";"DVD+R read speed";false;"S";;
"4298";"graphic tablets";"4298";"Scroll";false;"S";;
"2757";"flat panel desk mounts";"2757";"Thickness";false;"S";;
"4936";"keyboards";"4936";"EAN/UPC/GTIN (packaging)";false;"S";;
"3408";"notebooks";"3408";"Internal video mode, resolution";false;"S";;
"1614";"notebooks";"1614";"Auto focus";false;"S";;
"3002";"scanners";"3002";"Scan speed (film)";false;"S";;
"1618";"scanners";"1618";"Optical sensor size";false;"S";;
"4931";"keyboards";"4931";"Battery LED indicator";false;"S";;
"6014";"notebooks";"6014";"Video card note";false;"S";;
"4932";"scanners";"4932";"Packaging length";false;"S";;
"4933";"keyboards";"4933";"Packaging net weight";false;"S";;
"3211";"notebooks";"3211";"DVD-R Dual Layer read speed";false;"S";;
"1611";"notebooks";"1611";"Audio quality";false;"S";;
"4934";"keyboards";"4934";"Packaging tare weight";false;"S";;
"3210";"notebooks";"3210";"DVD-R read speed";false;"S";;
"3218";"notebooks";"3218";"DVD-RAM read speed";false;"S";;
"3219";"notebooks";"3219";"DVD-RAM write speed";false;"S";;
"6801";"flat panel desk mounts";"6801";"Minimum distance to ceiling";false;"S";;
"3216";"notebooks";"3216";"CD-RW read speed";false;"S";;
"4023";"notebooks";"4023";"Warranty card";false;"S";;
"6803";"flat panel desk mounts";"6803";"Minimum size";false;"S";;
"3214";"notebooks";"3214";"DVD-RW read speed";false;"S";;
"3215";"notebooks";"3215";"CD-R read speed";false;"S";;
"6802";"flat panel desk mounts";"6802";"Distance to the wall (min)";false;"S";;
"3212";"notebooks";"3212";"DVD+R Double Layer read speed";false;"S";;
"6804";"flat panel desk mounts";"6804";"Movable";false;"S";;
"3213";"notebooks";"3213";"DVD+RW read speed";false;"S";;
"2169";"notebooks";"2169";"Continuous audio playback time";false;"S";;
"6807";"flat panel desk mounts";"6807";"Pre-assembled";false;"S";;
"6806";"flat panel desk mounts";"6806";"Number of pivot points";false;"S";;
"6809";"flat panel desk mounts";"6809";"Safety glass";false;"S";;
"8944";"notebooks";"8944";"Main camera resolution";false;"S";;
"6808";"flat panel desk mounts";"6808";"Rubber pads";false;"S";;
"2765";"computer TV tuners";"2765";"Teletext standards";false;"S";;
"3035";"flat panel desk mounts";"3035";"On/off switch or button";false;"S";;
"8952";"notebooks";"8952";"Maximum RAM supported";false;"S";;
"4949";"graphic tablets";"4949";"Batteries included";false;"S";;
"10274";"flat panel desk mounts";"10274";"Number of displays supported";false;"S";;
"9164";"notebooks";"9164";"Storage media type";false;"S";;
"5800";"notebooks";"5800";"Trial software";false;"S";;
"1649";"display privacy filters";"1649";"Width";false;"S";;
"9165";"notebooks";"9165";"GSM module";false;"S";;
"9166";"notebooks";"9166";"SIM card type";false;"S";;
"9167";"notebooks";"9167";"Light sensor";false;"S";;
"3220";"computer TV tuners";"3220";"Picture-in-Picture";false;"S";;
"2177";"keyboards";"2177";"Display included";false;"S";;
"2170";"computer TV tuners";"2170";"File type";false;"S";;
"2172";"computer TV tuners";"2172";"FM radio";false;"S";;
"5807";"warranty & support extensions";"5807";"Capacity range native";false;"S";;
"3410";"notebooks";"3410";"Sectors per track";false;"S";;
"6812";"flat panel desk mounts";"6812";"SMM (Smart Movement Mechanism)";false;"S";;
"6811";"flat panel desk mounts";"6811";"Sloping ceiling support";false;"S";;
"3430";"notebooks";"3430";"BD-RE write speed";false;"S";;
"9375";"notebooks";"9375";"Mini VGA ports quantity";false;"S";;
"3431";"notebooks";"3431";"BD-ROM read speed";false;"S";;
"6815";"flat panel desk mounts";"6815";"Wheels";false;"S";;
"2179";"mice";"2179";"Operating frequency";false;"S";;
"6814";"flat panel desk mounts";"6814";"Top plate thickness";false;"S";;
"6813";"flat panel desk mounts";"6813";"SPS (Screen Protection System)";false;"S";;
"3226";"notebooks";"3226";"DVD-ROM read speed";false;"S";;
"795";"scanners";"795";"Recommended Macintosh system requirements";false;"S";;
"9374";"notebooks";"9374";"Micro HDMI ports quantity";false;"S";;
"3016";"computer TV tuners";"3016";"Composite video out";false;"S";;
"793";"notebooks";"793";"Compliance industry standards";false;"S";;
"790";"scanners";"790";"Copy speed (normal quality, colour, A4)";false;"S";;
"996";"keyboards";"996";"Keyboard number of keys";false;"S";;
"9171";"notebooks";"9171";"Display resolution equivalent (3D mode)";false;"S";;
"997";"keyboards";"997";"Windows keys";false;"S";;
"994";"notebooks";"994";"Keyboard manufacturer";false;"S";;
"995";"scanners";"995";"Keyboard type";false;"S";;
"992";"notebooks";"992";"I/O adaptor interfaces";false;"S";;
"993";"notebooks";"993";"Internal video modes maximum number of colours";false;"S";;
"3429";"notebooks";"3429";"BD-R write speed";false;"S";;
"1637";"notebooks";"1637";"Operating shock";false;"S";;
"990";"computer TV tuners";"990";"Interface type";false;"S";;
"991";"notebooks";"991";"Number of interfaces";false;"S";;
"3426";"flat panel desk mounts";"3426";"Lift";false;"S";;
"1635";"notebooks";"1635";"CAS latency";false;"S";;
"2185";"warranty & support extensions";"2185";"Camera included";false;"S";;
"3233";"notebooks";"3233";"Operating system provided";false;"S";;
"1633";"scanners";"1633";"Upgrade type";false;"S";;
"2183";"wireless presenters";"2183";"Bluetooth";false;"S";;
"3421";"scanners";"3421";"Box contents";false;"S";;
"1630";"notebooks";"1630";"Memory bus";false;"S";;
"998";"keyboards";"998";"Keyboard function keys";false;"S";;
"2181";"notebooks";"2181";"E-mail";false;"S";;
"999";"notebooks";"999";"Keyboard euro key";false;"S";;
"1867";"flat panel desk mounts";"1867";"Mounting";false;"S";;
"785";"scanners";"785";"Supported internet fax solutions";false;"S";;
"6828";"flat panel desk mounts";"6828";"Telescopic";false;"S";;
"786";"scanners";"786";"Network ready";false;"S";;
"789";"data input devices ";"789";"Recommended system requirements";false;"S";;
"6824";"flat panel desk mounts";"6824";"Minimum distance to floor";false;"S";;
"2705";"scanners";"2705";"Energy efficiency class";false;"S";;
"6825";"flat panel desk mounts";"6825";"Tare weight";false;"S";;
"6826";"flat panel desk mounts";"6826";"Adjustable depth";false;"S";;
"1861";"scanners";"1861";"Illumination";false;"S";;
"6827";"flat panel desk mounts";"6827";"Drawers";false;"S";;
"6821";"notebooks";"6821";"eSATA/USB 2.0 ports quantity";false;"S";;
"6822";"flat panel desk mounts";"6822";"Maximum distance to floor";false;"S";;
"6823";"flat panel desk mounts";"6823";"Net weight";false;"S";;
"2507";"graphic tablets";"2507";"Compatible operating systems";false;"S";;
"6830";"flat panel desk mounts";"6830";"Supplemental colours";false;"S";;
"2195";"notebooks";"2195";"Media Center remote control function";false;"S";;
"2194";"notebooks";"2194";"Toshiba EasyGuard";false;"S";;
"2505";"data input devices ";"2505";"UNSPSC-code";false;"S";;
"1665";"computer TV tuners";"1665";"Handheld remote control";false;"S";;
"2196";"notebooks";"2196";"Processor family";true;"S";;
"6067";"notebooks";"6067";"Operating system note";false;"S";;
"2191";"notebooks";"2191";"Double Layer DVD write speed";false;"S";;
"780";"graphic tablets";"780";"Power requirements";false;"S";;
"2190";"software licenses/upgrades";"2190";"Compatible products";false;"S";;
"2901";"flat panel desk mounts";"2901";"Pan range";false;"S";;
"3037";"notebooks";"3037";"Audio adapter type";false;"S";;
"771";"graphic tablets";"771";"Form factor";false;"S";;
"2905";"notebooks";"2905";"Full HD";false;"S";;
"777";"display privacy filters";"777";"Case or master carton quantity";false;"S";;
"508";"scanners";"508";"Scan input modes";false;"S";;
"775";"graphic tablets";"775";"Plug and Play";false;"S";;
"1851";"notebooks";"1851";"Number of built-in speakers";false;"S";;
"2718";"flat panel desk mounts";"2718";"Maximum weight (capacity)";false;"S";;
"6833";"flat panel desk mounts";"6833";"Remote controlled";false;"S";;
"1660";"notebooks";"1660";"Speaker power";false;"S";;
"6834";"flat panel desk mounts";"6834";"Product line";false;"S";;
"6831";"flat panel desk mounts";"6831";"Recommended selling price";false;"S";;
"2900";"notebooks";"2900";"Memory clock speed";false;"S";;
"1852";"computer TV tuners";"1852";"Audio decoders";false;"S";;
"1652";"notebooks";"1652";"Maximum number of SMP processors";false;"S";;
"1653";"notebooks";"1653";"BIOS memory";false;"S";;
"1650";"scanners";"1650";"Depth";false;"S";;
"1657";"notebooks";"1657";"Software productivity";false;"S";;
"6054";"scanners";"6054";"Maximum media width  (imperial)";false;"S";;
"1655";"graphic tablets";"1655";"Connectivity technology";false;"S";;
"1658";"notebooks";"1658";"Software - education / reference";false;"S";;
"1659";"computer TV tuners";"1659";"Maximum resolution";false;"S";;
"3045";"notebooks";"3045";"External display";false;"S";;
"766";"scanners";"766";"Scanner features";false;"S";;
"1889";"mice";"1889";"Impedance";false;"S";;
"762";"graphic tablets";"762";"Package weight";false;"S";;
"2935";"graphic tablets";"2935";"Input frequency";false;"S";;
"1885";"keyboards";"1885";"Service included";false;"S";;
"1888";"mice";"1888";"Headphone sensitivity";false;"S";;
"769";"scanners";"769";"Standard media sizes";false;"S";;
"8280";"notebooks";"8280";"Height (rear)";false;"S";;
"4902";"keyboards";"4902";"EAN/UPC/GTIN (outer carton)";false;"S";;
"1688";"notebooks";"1688";"Driver software for optical drive";false;"S";;
"1891";"mice";"1891";"Microphone sensitivity";false;"S";;
"6047";"scanners";"6047";"Media thickness minimum (imperial)";false;"S";;
"1684";"graphic tablets";"1684";"Viewing angle";false;"S";;
"6049";"scanners";"6049";"Media weight imperial (Auto Document Feeder)";false;"S";;
"6048";"scanners";"6048";"Media thickness minimum (metric)";false;"S";;
"4909";"scanners";"4909";"Quantity outer carton";false;"S";;
"3656";"notebooks";"3656";"Battery recharge time (off)";false;"S";;
"4908";"scanners";"4908";"Net weight outer carton";false;"S";;
"4907";"keyboards";"4907";"Length outer carton";false;"S";;
"4906";"keyboards";"4906";"Length (cm) outer carton";false;"S";;
"4905";"scanners";"4905";"Height outer carton";false;"S";;
"3655";"notebooks";"3655";"Battery recharge time (on)";false;"S";;
"3072";"scanners";"3072";"Dynamic range";false;"S";;
"4904";"keyboards";"4904";"Height (cm) outer carton";false;"S";;
"4903";"scanners";"4903";"Gross weight outer carton";false;"S";;
"752";"scanners";"752";"Standard input capacity";false;"S";;
"3672";"scanners";"3672";"Auto exposure";false;"S";;
"753";"computer TV tuners";"753";"Chipset";false;"S";;
"751";"scanners";"751";"Case or master carton dimensions (W x D x H)";false;"S";;
"1877";"notebooks";"1877";"Connector material";false;"S";;
"1680";"display privacy filters";"1680";"Number of layers per pallet";false;"S";;
"2922";"flat panel desk mounts";"2922";"Turn angle";false;"S";;
"6230";"notebooks";"6230";"Bag included";false;"S";;
"2738";"flat panel desk mounts";"2738";"Length";false;"S";;
"757";"scanners";"757";"Storage temperature range (T-T)";false;"S";;
"4911";"keyboards";"4911";"Width (cm) outer carton";false;"S";;
"6229";"notebooks";"6229";"Intel Turbo Memory";false;"S";;
"1880";"scanners";"1880";"Services (supportpack)";false;"S";;
"1679";"display privacy filters";"1679";"Number of cartons per pallet";false;"S";;
"4910";"keyboards";"4910";"Tare weight outer carton";false;"S";;
"4912";"scanners";"4912";"Width outer carton";false;"S";;
"2539";"keyboards";"2539";"Rechargeable";false;"S";;
"8005";"keyboards";"8005";"Power source type";false;"S";;
"8006";"keyboards";"8006";"Built-in battery";false;"S";;
"6035";"scanners";"6035";"Linear scan speed (imperial)";false;"S";;
"3068";"computer TV tuners";"3068";"Tuning range";false;"S";;
"8279";"notebooks";"8279";"Height (front)";false;"S";;
"3064";"computer TV tuners";"3064";"On Screen Display (OSD)";false;"S";;
"5736";"display privacy filters";"5736";"Weight";false;"S";;
"1198";"notebooks";"1198";"Wireless standard";false;"S";;
"2433";"notebooks";"2433";"Built-in speakers";false;"S";;
"2431";"scanners";"2431";"Functions";false;"S";;
"2432";"keyboards";"2432";"Applications supported";false;"S";;
"6621";"notebooks";"6621";"Instant messaging (IM)";false;"S";;
"1190";"notebooks";"1190";"Wireless network support";false;"S";;
"1574";"scanners";"1574";"Sensor type";false;"S";;
"4898";"keyboards";"4898";"Quantity outer carton 2";false;"S";;
"2439";"notebooks";"2439";"Display illumination";false;"S";;
"4614";"graphic tablets";"4614";"Rubber grips";false;"S";;
"9858";"notebooks";"9858";"Combo headphone/microphone port";false;"S";;
"6611";"notebooks";"6611";"DisplayPorts quantity";false;"S";;
"5741";"keyboards";"5741";"Keyboard dimensions (WxDxH)";false;"S";;
"1189";"notebooks";"1189";"Integrated wireless LAN, type of network I/F chip";false;"S";;
"6617";"graphic tablets";"6617";"Source data-sheet";false;"S";;
"5748";"scanners";"5748";"Fixed focal length";false;"S";;
"5744";"keyboards";"5744";"Receiver weight";false;"S";;
"5743";"keyboards";"5743";"Keyboard weight";false;"S";;
"5742";"keyboards";"5742";"Receiver dimensions (WxDxH)";false;"S";;
"1587";"notebooks";"1587";"Bandwidth";false;"S";;
"1586";"notebooks";"1586";"Expansion slots";false;"S";;
"1585";"wireless presenters";"1585";"Display resolution";true;"S";;
"6219";"notebooks";"6219";"Optional operating system supplied";false;"S";;
"4887";"notebooks";"4887";"Resolution";false;"S";;
"6220";"scanners";"6220";"Drivers included";false;"S";;
"1594";"computer TV tuners";"1594";"Video in";false;"S";;
"4894";"keyboards";"4894";"EAN/UPC/GTIN (outer carton 2)";false;"S";;
"1592";"keyboards";"1592";"Peripheral/ interface devices";false;"S";;
"6225";"notebooks";"6225";"Swivel webcam";false;"S";;
"6224";"notebooks";"6224";"Password protection";false;"S";;
"6603";"flat panel desk mounts";"6603";"Weight (min.)";false;"S";;
"3911";"wireless presenters";"3911";"Carrying case";false;"S";;
"6601";"notebooks";"6601";"Glossy display";false;"S";;
"6607";"flat panel desk mounts";"6607";"Shelf thickness";false;"S";;
"6606";"flat panel desk mounts";"6606";"Maximum distance to ceiling";false;"S";;
"6605";"flat panel desk mounts";"6605";"Minimum horizontal distance";false;"S";;
"1177";"notebooks";"1177";"Option type";false;"S";;
"6604";"flat panel desk mounts";"6604";"Maximum horizontal distance";false;"S";;
"5754";"scanners";"5754";"Acoustic pressure emissions (standby)";false;"S";;
"2459";"graphic tablets";"2459";"Pen included";false;"S";;
"5758";"scanners";"5758";"Acoustic power emissions (standby)";false;"S";;
"1597";"computer TV tuners";"1597";"Video capture resolution (max)";false;"S";;
"9882";"notebooks";"9882";"S-Video port";false;"S";;
"2460";"graphic tablets";"2460";"Tablet included";false;"S";;
"5766";"notebooks";"5766";"Memory access time";false;"S";;
"5765";"notebooks";"5765";"BitBLT";false;"S";;
"5764";"notebooks";"5764";"Warranty";false;"S";;
"4858";"notebooks";"4858";"Battery voltage";false;"S";;
"4851";"computer TV tuners";"4851";"Supported video modes";false;"S";;
"7988";"graphic tablets";"7988";"Linux operating systems supported";false;"S";;
"7989";"scanners";"7989";"Server operating systems supported";false;"S";;
"7986";"graphic tablets";"7986";"Windows operating systems supported";false;"S";;
"7987";"graphic tablets";"7987";"Mac operating systems supported";false;"S";;
"7798";"notebooks";"7798";"UMTS ready";false;"S";;
"10380";"notebooks";"10380";"NVIDIA Optimus technology";false;"S";;
"3965";"flat panel desk mounts";"3965";"Manual";false;"S";;
"7990";"scanners";"7990";"Other operating systems supported";false;"S";;
"5709";"mice";"5709";"Type of shelf-placement";false;"S";;
"4463";"graphic tablets";"4463";"Packaging type";false;"S";;
"5704";"notebooks";"5704";"SIM card support";false;"S";;
"5702";"notebooks";"5702";"Height (front)";false;"S";;
"10379";"notebooks";"10379";"Built-in Wi-Fi switch";false;"S";;
"5703";"notebooks";"5703";"Height (rear)";false;"S";;
"7783";"notebooks";"7783";"eSATA/USB 3.0 ports quantity";false;"S";;
"7978";"notebooks";"7978";"Turbo frequency (max)";false;"S";;
"5701";"notebooks";"5701";"Toshiba EasyMedia";false;"S";;
"4461";"flat panel desk mounts";"4461";"Net weight";false;"S";;
"7787";"scanners";"7787";"Built-in processor";false;"S";;
"2663";"notebooks";"2663";"PCI Bus";false;"S";;
"4262";"scanners";"4262";"Installation steps";false;"S";;
"5501";"keyboards";"5501";"Gross weight";false;"S";;
"4850";"computer TV tuners";"4850";"Supported graphics resolutions";false;"S";;
"3709";"keyboards";"3709";"Backlight";false;"S";;
"5713";"graphic tablets";"5713";"Frequency range";false;"S";;
"7772";"keyboards";"7772";"Full-size keyboard";false;"S";;
"4275";"computer TV tuners";"4275";"On Screen Display (OSD) languages";false;"S";;
"4276";"computer TV tuners";"4276";"Parental control";false;"S";;
"7086";"notebooks";"7086";"Maximum hard drive capacity";false;"S";;
"7083";"keyboards";"7083";"Keyboard features";false;"S";;
"4882";"mice";"4882";"Maximum input power";false;"S";;
"7081";"notebooks";"7081";"Hard drive controller type";false;"S";;
"5722";"display privacy filters";"5722";"Package dimensions (W x D x H)";false;"S";;
"7958";"scanners";"7958";"Input colour depth";false;"S";;
"9733";"notebooks";"9733";"Intel Turbo Boost Technology";false;"S";;
"7959";"scanners";"7959";"Output colour depth";false;"S";;
"5721";"scanners";"5721";"Product dimensions when open (LxWxD)";false;"S";;
"7953";"scanners";"7953";"Standard interfaces";false;"S";;
"3981";"graphic tablets";"3981";"Quick start guide";false;"S";;
"7761";"notebooks";"7761";"Micro-USB 2.0 ports quantity";false;"S";;
"7963";"notebooks";"7963";"HDMI in";false;"S";;
"5529";"graphic tablets";"5529";"Battery charger included";false;"S";;
"2688";"software licenses/upgrades";"2688";"Airflow";false;"S";;
"3975";"mice";"3975";"Pouch";false;"S";;
"5950";"display privacy filters";"5950";"Package weight";false;"S";;
"5167";"notebooks";"5167";"Video memory capacity";false;"S";;
"1109";"notebooks";"1109";"Non-operating altitude relative to sea level";false;"S";;
"1107";"notebooks";"1107";"Non-operating maximum thermal gradient";false;"S";;
"1104";"scanners";"1104";"Networking features";false;"S";;
"1394";"data input devices ";"1394";"Deskbased accessories description";false;"S";;
"1105";"notebooks";"1105";"Networking connector";false;"S";;
"6423";"flat panel desk mounts";"6423";"Width (max)";false;"S";;
"1102";"notebooks";"1102";"Networking manufacturer";false;"S";;
"1391";"notebooks";"1391";"Resume battery backup after";false;"S";;
"1103";"notebooks";"1103";"Networking type";false;"S";;
"1100";"notebooks";"1100";"Expansion station";false;"S";;
"1390";"mice";"1390";"Power source";false;"S";;
"1101";"notebooks";"1101";"CardDock";false;"S";;
"1110";"notebooks";"1110";"Non-operating shock with/without CD-ROM drive installed";false;"S";;
"1389";"notebooks";"1389";"Display brightness";false;"S";;
"8542";"keyboards";"8542";"Keyboard language";false;"S";;
"8545";"keyboards";"8545";"Number of scroll wheels";false;"S";;
"8543";"keyboards";"8543";"Built-in memory";false;"S";;
"5548";"scanners";"5548";"Maximum aperture";false;"S";;
"5170";"graphic tablets";"5170";"USB required";false;"S";;
"1383";"scanners";"1383";"Storage relative humidity range";false;"S";;
"5171";"keyboards";"5171";"CD-ROM drive required";false;"S";;
"5172";"graphic tablets";"5172";"CD/DVD-ROM drive required";false;"S";;
"5546";"scanners";"5546";"Minimum aperture";false;"S";;
"1379";"keyboards";"1379";"Ergonomics";false;"S";;
"6404";"notebooks";"6404";"NAND flash module capacity";false;"S";;
"6694";"graphic tablets";"6694";"RoHS compliance";false;"S";;
"1376";"scanners";"1376";"Power management";false;"S";;
"5937";"keyboards";"5937";"Design features";false;"S";;
"5936";"software licenses/upgrades";"5936";"Data and application protection";false;"S";;
"5930";"scanners";"5930";"Minimum scan area";false;"S";;
"5932";"keyboards";"5932";"Output power";false;"S";;
"5931";"scanners";"5931";"Minimum scan area (ADF)";false;"S";;
"8551";"mice";"8551";"Keypad integrated";false;"S";;
"8550";"keyboards";"8550";"Scrolling directions";false;"S";;
"8552";"keyboards";"8552";"Works on any surface";false;"S";;
"1124";"notebooks";"1124";"CD-ROM drive burst transfer rate (PIO mode 4)";false;"S";;
"6400";"scanners";"6400";"Digital sender features";false;"S";;
"4422";"scanners";"4422";"Box depth";false;"S";;
"1125";"notebooks";"1125";"CD-ROM DMA single mode transfer rate (DMA mode 2)";false;"S";;
"4425";"scanners";"4425";"Box width";false;"S";;
"1122";"notebooks";"1122";"CD-ROM drive media supported";false;"S";;
"4424";"scanners";"4424";"Box height";false;"S";;
"7930";"notebooks";"7930";"Optical drive interface";false;"S";;
"1123";"notebooks";"1123";"CD transfer rate (sustained mode)";false;"S";;
"1128";"notebooks";"1128";"CD-ROM drive average random seek time (CD-ROM mode)";false;"S";;
"1126";"notebooks";"1126";"CD-ROM DMA multi mode (DMA mode 1)";false;"S";;
"5560";"computer TV tuners";"5560";"Channels preview quantity";false;"S";;
"7921";"notebooks";"7921";"Number of processors supported";false;"S";;
"1132";"notebooks";"1132";"CD-ROM interface type";false;"S";;
"1131";"notebooks";"1131";"Optical drive average full stroke access";false;"S";;
"1130";"notebooks";"1130";"CD-ROM drive average random access time";false;"S";;
"8547";"keyboards";"8547";"Customizable weight";false;"S";;
"8548";"keyboards";"8548";"Unifying receiver";false;"S";;
"8549";"keyboards";"8549";"Retractable cable";false;"S";;
"8568";"keyboards";"8568";"Keyboard form factor";false;"S";;
"8561";"graphic tablets";"8561";"Tablet weight";false;"S";;
"1111";"notebooks";"1111";"Non-operating vibration with/without CD-ROM drive installed";false;"S";;
"1112";"wireless presenters";"1112";"Operating temperature range (T-T)";false;"S";;
"1113";"notebooks";"1113";"Operating maximum thermal gradient";false;"S";;
"1115";"notebooks";"1115";"Operating altitude relative to sea level";false;"S";;
"1116";"notebooks";"1116";"Operating shock with/without CD-ROM drive installed";false;"S";;
"1117";"notebooks";"1117";"Operating vibration with/without CD-ROM drive installed";false;"S";;
"1118";"notebooks";"1118";"Internal memory access speed";false;"S";;
"7916";"notebooks";"7916";"Parity bit";false;"S";;
"4440";"flat panel desk mounts";"4440";"Gross weight";false;"S";;
"5576";"notebooks";"5576";"Hot-swap";false;"S";;
"1121";"notebooks";"1121";"CD drive maximum speed";false;"S";;
"1120";"notebooks";"1120";"Optical drive type";true;"S";;
"590";"scanners";"590";"Duty cycle letter size (maximum)";false;"S";;
"592";"scanners";"592";"Maximum scan size";false;"S";;
"7918";"notebooks";"7918";"Motherboard southbridge";false;"S";;
"593";"scanners";"593";"Print resolution (colour, normal quality)";false;"S";;
"1352";"notebooks";"1352";"Cable lock slot";false;"S";;
"7021";"wireless presenters";"7021";"Maximum memory card size";false;"S";;
"1147";"display privacy filters";"1147";"Size";false;"S";;
"1146";"notebooks";"1146";"Drive devices applicable disk format";false;"S";;
"5579";"notebooks";"5579";"BD-RE read speed";false;"S";;
"5578";"notebooks";"5578";"BD-R read speed";false;"S";;
"1144";"data input devices ";"1144";"Device media compatibility";false;"S";;
"8571";"keyboards";"8571";"Flexible keyboard";false;"S";;
"5993";"scanners";"5993";"Document weight minimum (Auto Document Feeder, imperial)";false;"S";;
"8573";"keyboards";"8573";"Programmable hot keys";false;"S";;
"5992";"scanners";"5992";"Document weight maximum (Auto document Feeder, imperial)";false;"S";;
"8574";"keyboards";"8574";"Keyboard integrated devices";false;"S";;
"8575";"keyboards";"8575";"Keyboard style";false;"S";;
"5991";"display privacy filters";"5991";"Dimension note (metric)";false;"S";;
"8576";"graphic tablets";"8576";"Interface adapters included";false;"S";;
"5990";"display privacy filters";"5990";"Dimension note (imperial)";false;"S";;
"7303";"graphic tablets";"7303";"Resolution touch input";false;"S";;
"8569";"keyboards";"8569";"Adjustable keyboard height";false;"S";;
"5988";"scanners";"5988";"Scan subsystem note";false;"S";;
"7500";"keyboards";"7500";"Main compartment dimensions (WxDxH)";false;"S";;
"7501";"keyboards";"7501";"Exterior dimensions (WxDxH)";false;"S";;
"6661";"flat panel desk mounts";"6661";"AdvanCIS™";false;"S";;
"5586";"notebooks";"5586";"Solid-state drive capacity";false;"S";;
"5584";"notebooks";"5584";"Solid-state drive interfaces";false;"S";;
"1347";"notebooks";"1347";"Ethernet LAN connection";false;"S";;
"5585";"notebooks";"5585";"Solid State Disk drive, height";false;"S";;
"1344";"computer TV tuners";"1344";"Line-in";false;"S";;
"6663";"flat panel desk mounts";"6663";"Amount of appliances";false;"S";;
"6644";"notebooks";"6644";"3G network access module";false;"S";;
"1138";"data input devices ";"1138";"Storage capacity";false;"S";;
"1340";"notebooks";"1340";"PS/2 ports quantity";false;"S";;
"1139";"data input devices ";"1139";"Seek time";false;"S";;
"5790";"software licenses/upgrades";"5790";"Workflow features";false;"S";;
"5589";"notebooks";"5589";"HD DVD-ROM read speed";false;"S";;
"1133";"notebooks";"1133";"CD-ROM drive transport";false;"S";;
"7502";"wireless presenters";"7502";"Interior dimensions (WxDxH)";false;"S";;
"7306";"graphic tablets";"7306";"Report rate (touch)";false;"S";;
"7304";"graphic tablets";"7304";"Resolution pen input";false;"S";;
"7305";"graphic tablets";"7305";"Accuracy touch";false;"S";;
"5590";"notebooks";"5590";"HD DVD-ROM write speed";false;"S";;
"1339";"computer TV tuners";"1339";"USB port";false;"S";;
"1140";"data input devices ";"1140";"Drive device, transfer rate";false;"S";;
"1141";"data input devices ";"1141";"Drive device speed";false;"S";;
"1336";"notebooks";"1336";"Parallel ports quantity";false;"S";;
"1142";"data input devices ";"1142";"Sustained data rate";false;"S";;
"1337";"notebooks";"1337";"Serial ports quantity";false;"S";;
"1331";"scanners";"1331";"Dimensions (W x D x H)";false;"S";;
"5787";"scanners";"5787";"Media thickness (imperial)";false;"S";;
"5789";"scanners";"5789";"Optional functions";false;"S";;
"6639";"flat panel desk mounts";"6639";"Max. number of shelves";false;"S";;
"6638";"flat panel desk mounts";"6638";"Included number of shelves";false;"S";;
"5184";"keyboards";"5184";"Sensor resolution";false;"S";;
"6642";"flat panel desk mounts";"6642";"Legs";false;"S";;
"6641";"flat panel desk mounts";"6641";"Interface width";false;"S";;
"6640";"flat panel desk mounts";"6640";"Interface height";false;"S";;
"8400";"notebooks";"8400";"EPEAT compliance";false;"S";;
"1157";"notebooks";"1157";"Vendor";false;"S";;
"6623";"notebooks";"6623";"Assisted GPS (A-GPS) function";false;"S";;
"5997";"scanners";"5997";"Exifprint supported";false;"S";;
"5999";"software licenses/upgrades";"5999";"Fax characters per number";false;"S";;
"1358";"notebooks";"1358";"Motherboard microprocessor";false;"S";;
"1163";"notebooks";"1163";"Track to track seek time (read/write)";false;"S";;
"1164";"notebooks";"1164";"Drive device maximum speed";false;"S";;
"806";"scanners";"806";"Maximum duty cycle";false;"S";;
"7495";"notebooks";"7495";"Simultaneous external display";false;"S";;
"2009";"scanners";"2009";"Linear scan speed (metric)";false;"S";;
"7494";"notebooks";"7494";"Security chip";false;"S";;
"2006";"scanners";"2006";"Image scaling/enlargement range";false;"S";;
"7497";"notebooks";"7497";"Total (available) slots & bays";false;"S";;
"7496";"notebooks";"7496";"Wireless features";false;"S";;
"7499";"keyboards";"7499";"Other features";false;"S";;
"7498";"wireless presenters";"7498";"External dimensions (WxDxH)";false;"S";;
"800";"scanners";"800";"Colour scanning";false;"S";;
"7491";"notebooks";"7491";"Keyboard illumination";false;"S";;
"7490";"notebooks";"7490";"Graphics adapter family";false;"S";;
"7493";"notebooks";"7493";"Memory module type";false;"S";;
"7492";"notebooks";"7492";"Maximum number of colours (max video RAM)";false;"S";;
"10617";"flat panel desk mounts";"10617";"Height adjustment range";false;"S";;
"8324";"flat panel desk mounts";"8324";"Cord management";false;"S";;
"609";"scanners";"609";"Maximum length of sheet media";false;"S";;
"6768";"notebooks";"6768";"USB 3.0 ports quantity";false;"S";;
"2011";"scanners";"2011";"Media handling";false;"S";;
"6767";"flat panel desk mounts";"6767";"Maximum screen size compatibility";false;"S";;
"6766";"flat panel desk mounts";"6766";"Minimum screen size compatibility";false;"S";;
"607";"scanners";"607";"Safety";false;"S";;
"606";"notebooks";"606";"Supported data transfer rates";false;"S";;
"1721";"graphic tablets";"1721";"Battery life (max)";false;"S";;
"604";"scanners";"604";"Send to fax (via Internet)";false;"S";;
"2202";"warranty & support extensions";"2202";"Purchase country";false;"S";;
"2201";"computer TV tuners";"2201";"Teletext";false;"S";;
"7486";"notebooks";"7486";"Memory slots (available)";false;"S";;
"7485";"notebooks";"7485";"Multimedia features";false;"S";;
"7484";"notebooks";"7484";"Ethernet interface type";false;"S";;
"6783";"notebooks";"6783";"Floppy drive installed";false;"S";;
"6784";"notebooks";"6784";"LED backlight";false;"S";;
"2014";"notebooks";"2014";"Memory layout";false;"S";;
"7489";"notebooks";"7489";"Graphics adapter interface";false;"S";;
"7488";"notebooks";"7488";"Worldwide AC compatibility";false;"S";;
"1325";"notebooks";"1325";"BIOS memory size";false;"S";;
"1326";"notebooks";"1326";"Resume battery backup after";false;"S";;
"7481";"notebooks";"7481";"Wireless Wide Area Network (WWAN)";false;"S";;
"1330";"notebooks";"1330";"DVD-ROM transfer rate (sustained mode)";false;"S";;
"1714";"scanners";"1714";"TWAIN version";false;"S";;
"2845";"computer TV tuners";"2845";"External power adapter";false;"S";;
"6777";"notebooks";"6777";"BD interface type";false;"S";;
"1710";"scanners";"1710";"Scan speed footnote";false;"S";;
"2020";"scanners";"2020";"Operating temperature range (T-T)";false;"S";;
"5214";"notebooks";"5214";"Housing material";false;"S";;
"2841";"notebooks";"2841";"Controller type";false;"S";;
"823";"scanners";"823";"Auto document feeder (ADF) input capacity";false;"S";;
"827";"scanners";"827";"Scan speed (4x6, colour photo)";false;"S";;
"820";"scanners";"820";"Recommended media";false;"S";;
"8301";"mice";"8301";"Number of buttons";false;"S";;
"1708";"scanners";"1708";"Scalable resolution";false;"S";;
"1709";"scanners";"1709";"Scan speed (auto document feed)";false;"S";;
"622";"notebooks";"622";"Hard disk controller";false;"S";;
"621";"scanners";"621";"Non-operating relative humidity (non-condensing)";false;"S";;
"6371";"keyboards";"6371";"Ergonomic design";false;"S";;
"2830";"notebooks";"2830";"eSATA ports quantity";false;"S";;
"624";"scanners";"624";"Scan media weight";false;"S";;
"1700";"scanners";"1700";"Media weight (tray 1)";false;"S";;
"1701";"flat panel desk mounts";"1701";"Mounting interface";false;"S";;
"628";"scanners";"628";"Supported network fax solutions";false;"S";;
"812";"scanners";"812";"Colour copy capability";false;"S";;
"813";"scanners";"813";"Scan speed (ADF, A4)";false;"S";;
"815";"scanners";"815";"All-In-One-multitasking";false;"S";;
"1305";"keyboards";"1305";"Additional accessories";false;"S";;
"427";"notebooks";"427";"Internal memory type";false;"S";;
"614";"notebooks";"614";"Graphic adapter";false;"S";;
"616";"scanners";"616";"Send to email (Digital Sender)";false;"S";;
"8847";"graphic tablets";"8847";"Touch working area (WxD)";false;"S";;
"8846";"graphic tablets";"8846";"Pen working area (WxD)";false;"S";;
"2001";"scanners";"2001";"Scan file formats";false;"S";;
"6595";"warranty & support extensions";"6595";"Next Business Day (NBD)";false;"S";;
"842";"scanners";"842";"Recommended media weight";false;"S";;
"841";"scanners";"841";"Copy subsystem footnotes";false;"S";;
"6596";"computer TV tuners";"6596";"Digital Satellite Equipment Control (DiSEqC)";false;"S";;
"2253";"notebooks";"2253";"Pre-installed software";false;"S";;
"2252";"notebooks";"2252";"TV tuner integrated";false;"S";;
"8841";"graphic tablets";"8841";"Tablet function keys";false;"S";;
"7454";"scanners";"7454";"Scan speed";false;"S";;
"8840";"graphic tablets";"8840";"Tablet input type";false;"S";;
"8842";"graphic tablets";"8842";"Tablet buttons";false;"S";;
"436";"notebooks";"436";"Motherboard chipset";false;"S";;
"8834";"computer TV tuners";"8834";"Multi-channel preview";false;"S";;
"8835";"graphic tablets";"8835";"Tool ID";false;"S";;
"8836";"graphic tablets";"8836";"Tablet stand";false;"S";;
"434";"graphic tablets";"434";"Battery technology";false;"S";;
"431";"notebooks";"431";"Hard disk average seek time";false;"S";;
"8837";"computer TV tuners";"8837";"TV antenna ports quantity (75 Ohm)";false;"S";;
"2247";"scanners";"2247";"Auto Document Feeder (ADF) media weight";false;"S";;
"432";"notebooks";"432";"Wireless LAN type";false;"S";;
"6390";"display privacy filters";"6390";"Anti-Reflective";false;"S";;
"6391";"display privacy filters";"6391";"Widescreen";false;"S";;
"2245";"scanners";"2245";"Maximum copy speed (black, A4)";false;"S";;
"430";"notebooks";"430";"Hard drive rotational speed";false;"S";;
"437";"notebooks";"437";"Motherboard manufacturer";false;"S";;
"438";"notebooks";"438";"Display viewable area HxV";false;"S";;
"3100";"notebooks";"3100";"Bytes per sector";false;"S";;
"5927";"scanners";"5927";"Maximum scan area (Auto Document Feeder)";false;"S";;
"5928";"scanners";"5928";"Maximum scan area (ADF)";false;"S";;
"5929";"scanners";"5929";"Minimum scan area (Auto Document Feeder)";false;"S";;
"838";"scanners";"838";"Energy Star certified";false;"S";;
"3397";"notebooks";"3397";"L2 cache";false;"S";;
"2262";"notebooks";"2262";"LightScribe";false;"S";;
"3393";"notebooks";"3393";"Fixed netwerk speed";false;"S";;
"833";"software licenses/upgrades";"833";"Performance management";false;"S";;
"3394";"notebooks";"3394";"BIOS memory size";false;"S";;
"8824";"graphic tablets";"8824";"Widescreen/Standard modes switching";false;"S";;
"8825";"graphic tablets";"8825";"Number of programmable keys";false;"S";;
"445";"graphic tablets";"445";"Power consumption (typical)";false;"S";;
"8822";"graphic tablets";"8822";"Report rate (pen)";false;"S";;
"8823";"graphic tablets";"8823";"Refill tweezer";false;"S";;
"447";"notebooks";"447";"Modem speed";false;"S";;
"8828";"graphic tablets";"8828";"Integrated pen storage cavity";false;"S";;
"440";"keyboards";"440";"Pointing device";false;"S";;
"8829";"graphic tablets";"8829";"Transparent trace sheet";false;"S";;
"9215";"keyboards";"9215";"Scroll type";false;"S";;
"8826";"graphic tablets";"8826";"Can be used as mouse pad";false;"S";;
"442";"notebooks";"442";"Audio system";false;"S";;
"8827";"graphic tablets";"8827";"Eraser";false;"S";;
"443";"notebooks";"443";"Networking speed";false;"S";;
"6190";"scanners";"6190";"Scan resolution enhanced disclaimer (long)";false;"S";;
"6191";"scanners";"6191";"Scan resolution enhanced disclaimer (short)";false;"S";;
"6192";"warranty & support extensions";"6192";"Software licensing option";false;"S";;
"861";"graphic tablets";"861";"Minimum system requirements";false;"S";;
"864";"scanners";"864";"Feed speed (colour photo)";false;"S";;
"6796";"flat panel desk mounts";"6796";"Distance to the wall (max)";false;"S";;
"8821";"graphic tablets";"8821";"Wireless pen";false;"S";;
"6795";"flat panel desk mounts";"6795";"CIS";false;"S";;
"6791";"notebooks";"6791";"Flash memory";false;"S";;
"8815";"graphic tablets";"8815";"Pen number of buttons";false;"S";;
"3356";"flat panel desk mounts";"3356";"Adjustable shelves";false;"S";;
"2224";"computer TV tuners";"2224";"Audio formats supported";false;"S";;
"8816";"graphic tablets";"8816";"Battery free pen";false;"S";;
"454";"warranty & support extensions";"454";"Security algorithms supported";false;"S";;
"3355";"flat panel desk mounts";"3355";"Maximum distance from floor";false;"S";;
"2225";"notebooks";"2225";"Video compression formats";false;"S";;
"8817";"graphic tablets";"8817";"Number of hot keys";false;"S";;
"8818";"graphic tablets";"8818";"Maximum working area (WxD)";false;"S";;
"3357";"flat panel desk mounts";"3357";"Spikes included";false;"S";;
"2875";"software licenses/upgrades";"2875";"Basic software version";false;"S";;
"8812";"graphic tablets";"8812";"Pen holder";false;"S";;
"458";"scanners";"458";"Custom media sizes";false;"S";;
"7274";"notebooks";"7274";"Mini DisplayPort quantity";false;"S";;
"8813";"graphic tablets";"8813";"Number of pen tips";false;"S";;
"5208";"warranty & support extensions";"5208";"Repair time";false;"S";;
"8814";"graphic tablets";"8814";"Mouse number of buttons";false;"S";;
"7271";"notebooks";"7271";"Mini HDMI ports quantity";false;"S";;
"8819";"graphic tablets";"8819";"Number of rolling pads";false;"S";;
"8329";"computer TV tuners";"8329";"Personal Video Recorder (PVR) included";false;"S";;
"853";"data input devices ";"853";"Mac compatibility";false;"S";;
"3371";"graphic tablets";"3371";"Mouse dimensions (WxDxH)";false;"S";;
"3372";"graphic tablets";"3372";"Mouse weight";false;"S";;
"3370";"graphic tablets";"3370";"Pen weight";false;"S";;
"857";"notebooks";"857";"Video card features";false;"S";;
"7463";"computer TV tuners";"7463";"Line inputs (RCA)";false;"S";;
"3374";"graphic tablets";"3374";"Card reader integrated";false;"S";;
"3369";"graphic tablets";"3369";"Pen dimensions LxD";false;"S";;
"464";"scanners";"464";"Digital Sender feeding speed footnote";false;"S";;
"2235";"notebooks";"2235";"DVD+R speed";false;"S";;
"465";"notebooks";"465";"Audio drivers";false;"S";;
"2236";"notebooks";"2236";"DVD+RW speed";false;"S";;
"466";"scanners";"466";"Scan speed in preview mode";false;"S";;
"6798";"flat panel desk mounts";"6798";"Maximum size";false;"S";;
"7266";"notebooks";"7266";"Cover material";false;"S";;
"2237";"notebooks";"2237";"DVD-R speed";false;"S";;
"6799";"flat panel desk mounts";"6799";"Vertical distance (max)";false;"S";;
"2238";"notebooks";"2238";"DVD-RW speed";false;"S";;
"469";"notebooks";"469";"Processor upgrade";false;"S";;
"6160";"notebooks";"6160";"Standard memory capacity";false;"S";;
"682";"scanners";"682";"White balance";false;"S";;
"685";"warranty & support extensions";"685";"Browser supported";false;"S";;
"6161";"notebooks";"6161";"Standard memory note";false;"S";;
"3540";"computer TV tuners";"3540";"Calendar";false;"S";;
"3335";"notebooks";"3335";"Non-operating vibration";false;"S";;
"3336";"notebooks";"3336";"Operating vibration";false;"S";;
"6169";"software licenses/upgrades";"6169";"Supported business applications";false;"S";;
"2095";"notebooks";"2095";"Alarms";false;"S";;
"3538";"computer TV tuners";"3538";"Electronic Programme Guide (EPG)";false;"S";;
"1525";"notebooks";"1525";"DVD rewrite speed";false;"S";;
"1524";"notebooks";"1524";"DVD write speed";false;"S";;
"7682";"notebooks";"7682";"Number of SSDs installed";false;"S";;
"681";"notebooks";"681";"Certified operating system";false;"S";;
"9636";"keyboards";"9636";"Keys operating life";false;"S";;
"673";"scanners";"673";"Electromagnetic compatibility";false;"S";;
"672";"scanners";"672";"Memory slots";false;"S";;
"6152";"scanners";"6152";"Remote network printer supported";false;"S";;
"6159";"scanners";"6159";"Send to email capability";false;"S";;
"8394";"keyboards";"8394";"Wrist rest";false;"S";;
"1793";"flat panel desk mounts";"1793";"Noise level";false;"S";;
"3352";"graphic tablets";"3352";"Accuracy mouse";false;"S";;
"3351";"graphic tablets";"3351";"Accuracy pen";false;"S";;
"3546";"notebooks";"3546";"HD-Ready";false;"S";;
"6975";"notebooks";"6975";"System bus";false;"S";;
"3548";"notebooks";"3548";"ExpressCard slot";false;"S";;
"6978";"notebooks";"6978";"BD-R Dual Layer write speed";false;"S";;
"7693";"software licenses/upgrades";"7693";"Recommended RAM";false;"S";;
"3143";"notebooks";"3143";"LAN controller";false;"S";;
"7694";"software licenses/upgrades";"7694";"Recommended hard disk space";false;"S";;
"7697";"notebooks";"7697";"Operating system version";false;"S";;
"1516";"graphic tablets";"1516";"Response time";false;"S";;
"3141";"mice";"3141";"Packaging material";false;"S";;
"1515";"notebooks";"1515";"Diskette drive rotational speed";false;"S";;
"7698";"notebooks";"7698";"Touch technology";false;"S";;
"9629";"keyboards";"9629";"Number of batteries (mouse)";false;"S";;
"3319";"notebooks";"3319";"Number of hard drives installed";false;"S";;
"6183";"software licenses/upgrades";"6183";"Supported hardware environment";false;"S";;
"6180";"software licenses/upgrades";"6180";"Software licensing option type";false;"S";;
"1783";"scanners";"1783";"Light source";false;"S";;
"3311";"notebooks";"3311";"Second camera";false;"S";;
"1785";"computer TV tuners";"1785";"Audio input";false;"S";;
"1786";"computer TV tuners";"1786";"Audio output";false;"S";;
"3318";"notebooks";"3318";"Total storage capacity";false;"S";;
"2078";"scanners";"2078";"Transparency adapter";false;"S";;
"2077";"graphic tablets";"2077";"Tilt angle";false;"S";;
"3511";"notebooks";"3511";"Integrated graphics adapter";false;"S";;
"2273";"notebooks";"2273";"Double Layer DVD read speed";false;"S";;
"1501";"graphic tablets";"1501";"LED indicators";false;"S";;
"1503";"computer TV tuners";"1503";"Modulation";false;"S";;
"2275";"keyboards";"2275";"Channels quantity";false;"S";;
"9632";"keyboards";"9632";"Keyboard battery type";false;"S";;
"1505";"graphic tablets";"1505";"Wireless range";false;"S";;
"9020";"notebooks";"9020";"Discrete graphics memory type";false;"S";;
"3519";"computer TV tuners";"3519";"Number of tuners";false;"S";;
"3518";"software licenses/upgrades";"3518";"Replication features";false;"S";;
"9021";"notebooks";"9021";"Market positioning";false;"S";;
"9630";"keyboards";"9630";"Number of batteries (keyboard)";false;"S";;
"9631";"keyboards";"9631";"Mouse battery type";false;"S";;
"3115";"keyboards";"3115";"Splash proof";false;"S";;
"4174";"notebooks";"4174";"Display diagonal";false;"S";;
"10183";"notebooks";"10183";"Number of speakers";false;"S";;
"890";"data input devices ";"890";"Compatibility";false;"S";;
"2081";"notebooks";"2081";"Video RAM";false;"S";;
"3322";"scanners";"3322";"Optical density (Dmax)";false;"S";;
"1773";"graphic tablets";"1773";"Movement resolution";false;"S";;
"3323";"scanners";"3323";"Film scanning";false;"S";;
"1774";"notebooks";"1774";"Data transfer rate";false;"S";;
"2084";"scanners";"2084";"Control panel";false;"S";;
"1772";"wireless presenters";"1772";"Movement detection technology";false;"S";;
"3326";"notebooks";"3326";"Operating elevation";false;"S";;
"6175";"notebooks";"6175";"Storage options";false;"S";;
"3328";"notebooks";"3328";"Protection tools";false;"S";;
"2086";"notebooks";"2086";"Audio included";false;"S";;
"6174";"notebooks";"6174";"Service provider";false;"S";;
"3329";"notebooks";"3329";"GPS function";false;"S";;
"4170";"notebooks";"4170";"Microphone connectivity";false;"S";;
"2282";"notebooks";"2282";"Display size (HxV)";false;"S";;
"8172";"software licenses/upgrades";"8172";"License term (years)";false;"S";;
"3520";"computer TV tuners";"3520";"Timeshift";false;"S";;
"8175";"software licenses/upgrades";"8175";"License term (days)";false;"S";;
"8174";"software licenses/upgrades";"8174";"License term (months)";false;"S";;
"3527";"scanners";"3527";"Scan to";false;"S";;
"3526";"warranty & support extensions";"3526";"Response time";false;"S";;
"691";"scanners";"691";"Feed speed (colour)";false;"S";;
"898";"wireless presenters";"898";"Material";false;"S";;
"2053";"notebooks";"2053";"Processor technology";false;"S";;
"6120";"scanners";"6120";"Product weight optional (metric)";false;"S";;
"2055";"display privacy filters";"2055";"Quantity per box";false;"S";;
"2056";"scanners";"2056";"Remote front panel software";false;"S";;
"1766";"graphic tablets";"1766";"Colour of product";false;"S";;
"646";"scanners";"646";"Copy speed (best quality, black, A4)";false;"S";;
"647";"scanners";"647";"Acoustic power emissions";false;"S";;
"6124";"software licenses/upgrades";"6124";"Replication distance";false;"S";;
"648";"scanners";"648";"Scan speed system setup";false;"S";;
"642";"notebooks";"642";"Memory type";false;"S";;
"644";"notebooks";"644";"Memory description";false;"S";;
"1769";"wireless presenters";"1769";"Frequency band";false;"S";;
"10395";"keyboards";"10395";"Actuation force";false;"S";;
"10394";"keyboards";"10394";"Built-in memory capacity";false;"S";;
"3199";"computer TV tuners";"3199";"S-Video in";false;"S";;
"10393";"keyboards";"10393";"Number of profiles";false;"S";;
"1566";"graphic tablets";"1566";"Brightness";false;"S";;
"6117";"scanners";"6117";"Product dimensions optional (imperial)";false;"S";;
"6119";"scanners";"6119";"Product weight optional (imperial)";false;"S";;
"6118";"scanners";"6118";"Product dimensions optional (metric)";false;"S";;
"3577";"notebooks";"3577";"Fingerprint reader";false;"S";;
"1562";"notebooks";"1562";"Volume dial";false;"S";;
"1564";"notebooks";"1564";"L2 cache";false;"S";;
"6730";"flat panel desk mounts";"6730";"Screw type";false;"S";;
"3576";"notebooks";"3576";"HDD user password";false;"S";;
"2066";"scanners";"2066";"Stacking number for pallet";false;"S";;
"1560";"warranty & support extensions";"1560";"Language version";false;"S";;
"639";"scanners";"639";"Copy speed (best quality, colour, A4)";false;"S";;
"2065";"scanners";"2065";"Stacking number for carton";false;"S";;
"637";"scanners";"637";"Maximum output capacity";false;"S";;
"2060";"scanners";"2060";"Security management description";false;"S";;
"633";"scanners";"633";"Feed speed (black & white)";false;"S";;
"631";"scanners";"631";"Print quality (colour, draft uality)";false;"S";;
"630";"notebooks";"630";"Video card resolution";false;"S";;
"2416";"graphic tablets";"2416";"Rotation";false;"S";;
"1559";"software licenses/upgrades";"1559";"License type";false;"S";;
"9687";"scanners";"9687";"Customs code";false;"S";;
"1558";"warranty & support extensions";"1558";"License quantity";false;"S";;
"9019";"notebooks";"9019";"Discrete graphics memory";false;"S";;
"2417";"scanners";"2417";"Image formats supported";false;"S";;
"9018";"notebooks";"9018";"Discrete graphics adapter model";false;"S";;
"2058";"scanners";"2058";"Scan quality (colour, draft)";false;"S";;
"1551";"notebooks";"1551";"Data transfer rate";false;"S";;
"9017";"notebooks";"9017";"On-board graphics adapter memory";false;"S";;
"2057";"scanners";"2057";"Scan quality (black, draft)";false;"S";;
"9016";"notebooks";"9016";"On-board graphics adapter model";false;"S";;
"669";"scanners";"669";"Maximum dimensions (W x D x H)";false;"S";;
"1743";"graphic tablets";"1743";"Working area";false;"S";;
"1744";"graphic tablets";"1744";"Maximum reading height";false;"S";;
"2034";"scanners";"2034";"Power consumption (off)";false;"S";;
"1747";"graphic tablets";"1747";"Resolution";false;"S";;
"9669";"notebooks";"9669";"Intel Smart Connect Technology";false;"S";;
"665";"software licenses/upgrades";"665";"Management platform";false;"S";;
"666";"notebooks";"666";"Video adapter features";false;"S";;
"667";"software licenses/upgrades";"667";"Operating altitude";false;"S";;
"1548";"notebooks";"1548";"Average latency";false;"S";;
"1549";"scanners";"1549";"Maximum scan resolution";false;"S";;
"9672";"notebooks";"9672";"Intel Hyper-Threading Technology";false;"S";;
"3555";"computer TV tuners";"3555";"Composite video in";false;"S";;
"9671";"notebooks";"9671";"Intel visual technologies";false;"S";;
"1543";"scanners";"1543";"Scan quality (black, best)";false;"S";;
"9670";"notebooks";"9670";"Intel vPro Technology";false;"S";;
"3554";"computer TV tuners";"3554";"SCART ports quantity";false;"S";;
"1544";"scanners";"1544";"Scan quality (black, normal)";false;"S";;
"3559";"computer TV tuners";"3559";"Audio (L,R) in";false;"S";;
"1545";"scanners";"1545";"Scan quality (colour, best)";false;"S";;
"1546";"scanners";"1546";"Scan quality (colour, normal)";false;"S";;
"1547";"notebooks";"1547";"DVD drive compatibility";false;"S";;
"658";"scanners";"658";"Line accuracy";false;"S";;
"1733";"notebooks";"1733";"Electronic compass";false;"S";;
"2042";"scanners";"2042";"Printer features";false;"S";;
"3574";"notebooks";"3574";"Trusted Platform Module (TPM)";false;"S";;
"1738";"graphic tablets";"1738";"Buttons quantity";false;"S";;
"3158";"notebooks";"3158";"Hard disk drive partition";false;"S";;
"1737";"wireless presenters";"1737";"Timer";false;"S";;
"650";"scanners";"650";"Copy resolution (colour text and graphics)";false;"S";;
"656";"scanners";"656";"Send to PC";false;"S";;
"9659";"notebooks";"9659";"Start-up time";false;"S";;
"9668";"notebooks";"9668";"Intel Smart Response Technology";false;"S";;
"9667";"notebooks";"9667";"Intel Rapid Start Technology";false;"S";;
"9666";"notebooks";"9666";"Intel Anti-Theft Technology";false;"S";;
"9665";"notebooks";"9665";"Intel Identity Protection Technology";false;"S";;
"9664";"notebooks";"9664";"Intel My WiFi Technology";false;"S";;
"8132";"wireless presenters";"8132";"User guide";false;"S";;
"9663";"notebooks";"9663";"Wireless display connectivity";false;"S";;
"3768";"notebooks";"3768";"Ethernet LAN data transfer rates";false;"S";;
"9662";"notebooks";"9662";"HDD recovery";false;"S";;
"9661";"notebooks";"9661";"Power auto-sensing";false;"S";;
"1532";"scanners";"1532";"Print quality (black, best quality)";false;"S";;
"3566";"notebooks";"3566";"HDMI ports quantity";false;"S";;
"2036";"scanners";"2036";"Power consumption (standby)";false;"S";;
"1530";"scanners";"1530";"Optional connectivity";false;"S";;
"2035";"scanners";"2035";"Power consumption (PowerSave)";false;"S";;
"1535";"mice";"1535";"Battery recharge time";false;"S";;
"6129";"software licenses/upgrades";"6129";"Recovery point";false;"S";;
"1533";"computer TV tuners";"1533";"Analog signal format system";false;"S";;
"4799";"keyboards";"4799";"12 NC code";false;"S";;
"1091";"notebooks";"1091";"LCD brightness (battery, super bright)";false;"S";;
"1090";"notebooks";"1090";"LCD brightness (AC adaptor, semi bright)";false;"S";;
"1093";"notebooks";"1093";"LCD brightness (battery, semi bright)";false;"S";;
"2334";"notebooks";"2334";"Wake-on-LAN ready";false;"S";;
"1092";"notebooks";"1092";"LCD brightness (battery, bright)";false;"S";;
"1094";"notebooks";"1094";"External video adapter resolution";false;"S";;
"34";"graphic tablets";"34";"Contrast ratio (typical)";false;"S";;
"1097";"notebooks";"1097";"Graphics accelerator";false;"S";;
"39";"graphic tablets";"39";"Aspect ratio";false;"S";;
"1096";"notebooks";"1096";"External video modes maximum refresh rate (non interlaced)";false;"S";;
"1099";"notebooks";"1099";"NetDock port replicator";false;"S";;
"1098";"notebooks";"1098";"Hard disk data buffer (PIO 4 mode)";false;"S";;
"2337";"graphic tablets";"2337";"USB powered";false;"S";;
"1089";"notebooks";"1089";"LCD brightness (AC adaptor, bright)";false;"S";;
"1971";"scanners";"1971";"Copier settings";false;"S";;
"1974";"scanners";"1974";"Maximum number of copies";false;"S";;
"42";"notebooks";"42";"CD write speed";false;"S";;
"5641";"notebooks";"5641";"Wireless communication version";false;"S";;
"7891";"computer TV tuners";"7891";"Subtitles function";false;"S";;
"1482";"notebooks";"1482";"Type of bays";false;"S";;
"1080";"notebooks";"1080";"DVD interface type";false;"S";;
"2321";"notebooks";"2321";"CardBus PCMCIA slot type";false;"S";;
"4114";"notebooks";"4114";"Antenna";false;"S";;
"22";"keyboards";"22";"Internal";false;"S";;
"23";"data input devices ";"23";"Access time";false;"S";;
"2322";"notebooks";"2322";"SmartCard slot";false;"S";;
"2323";"graphic tablets";"2323";"VGA (D-Sub) ports quantity";false;"S";;
"1081";"notebooks";"1081";"DVD-ROM drive transport";false;"S";;
"2325";"notebooks";"2325";"Processor socket";false;"S";;
"1088";"notebooks";"1088";"LCD brightness (AC adaptor, super bright)";false;"S";;
"27";"data input devices ";"27";"Drive device, buffer size";false;"S";;
"7883";"scanners";"7883";"Simplex scan speed (black & white)";false;"S";;
"7884";"scanners";"7884";"Simplex scan speed (colour)";false;"S";;
"7885";"scanners";"7885";"Duplex scan speed (black & white)";false;"S";;
"1078";"notebooks";"1078";"DVD drive average random seek time";false;"S";;
"7886";"scanners";"7886";"Duplex scan speed (colour)";false;"S";;
"1079";"notebooks";"1079";"DVD drive average random access time";false;"S";;
"1987";"flat panel desk mounts";"1987";"Docking solution";false;"S";;
"32";"graphic tablets";"32";"Pixel pitch";false;"S";;
"31";"warranty & support extensions";"31";"Type";false;"S";;
"1988";"scanners";"1988";"Driver updates";false;"S";;
"1494";"computer TV tuners";"1494";"Antenna type";false;"S";;
"1495";"computer TV tuners";"1495";"Channel bandwidth";false;"S";;
"9983";"software licenses/upgrades";"9983";"Minimum processor family";false;"S";;
"4779";"software licenses/upgrades";"4779";"Net weight inner carton";false;"S";;
"4776";"software licenses/upgrades";"4776";"Height inner carton";false;"S";;
"1452";"scanners";"1452";"Maximum internal memory";false;"S";;
"5618";"notebooks";"5618";"Webcamera description";false;"S";;
"4774";"software licenses/upgrades";"4774";"Gross weight inner carton";false;"S";;
"2318";"notebooks";"2318";"TV in port";false;"S";;
"2319";"computer TV tuners";"2319";"DVI port";false;"S";;
"2316";"notebooks";"2316";"DC-in jack";false;"S";;
"1075";"notebooks";"1075";"DVD DMA multi mode (DMA mode 1)";false;"S";;
"2317";"notebooks";"2317";"TV out port";false;"S";;
"1074";"notebooks";"1074";"DVD-ROM DMA single mode transfer rate (DMA mode 2)";false;"S";;
"2314";"keyboards";"2314";"Microphone in";false;"S";;
"1077";"notebooks";"1077";"DVD-ROM drive average random seek time (CD-ROM mode)";false;"S";;
"2315";"notebooks";"2315";"S/PDIF out port";false;"S";;
"16";"notebooks";"16";"CD read speed";false;"S";;
"2312";"computer TV tuners";"2312";"Ethernet LAN (RJ-45) ports quantity";false;"S";;
"5610";"flat panel desk mounts";"5610";"Operating voltage";false;"S";;
"2313";"keyboards";"2313";"Headphone out";false;"S";;
"14";"wireless presenters";"14";"Weight";true;"R";"<range-list><ranges><range><from>1200</from><to>1500</to></range><range><from>1500</from><to>1800</to></range><range><from>1800</from><to>2000</to></range><range><from>2000</from><to>2500</to></range><range><from>2500</from><to>3000</to></range><range><from>3000</from><to>3500</to></range><range><from>3500</from><to>4000</to></range><range><from>4000</from><to>5000</to></range></ranges></range-list>"
"2310";"notebooks";"2310";"IEEE 1394/Firewire ports quantity";false;"S";;
"11";"notebooks";"11";"Diskette drive";false;"S";;
"1073";"notebooks";"1073";"DVD-ROM drive burst transfer rate (PIO mode 4)";false;"S";;
"1072";"notebooks";"1072";"DVD transfer rate (sustained mode)";false;"S";;
"12";"notebooks";"12";"Internal modem";false;"S";;
"2311";"notebooks";"2311";"Modem (RJ-11) ports";false;"S";;
"2320";"notebooks";"2320";"CardBus PCMCIA slots quantity";false;"S";;
"21";"graphic tablets";"21";"Interface";false;"S";;
"7623";"graphic tablets";"7623";"Active area (WxD)";false;"S";;
"5620";"computer TV tuners";"5620";"HDMI";false;"S";;
"1067";"notebooks";"1067";"Wake-on-Ring ready";false;"S";;
"1069";"notebooks";"1069";"DVD drive type";false;"S";;
"4783";"software licenses/upgrades";"4783";"Width inner carton";false;"S";;
"9978";"software licenses/upgrades";"9978";"Minimum processor speed";false;"S";;
"1461";"notebooks";"1461";"Ethernet specifications";false;"S";;
"7185";"keyboards";"7185";"Built-in touchpad";false;"S";;
"4780";"software licenses/upgrades";"4780";"Quantity inner carton";false;"S";;
"2307";"software licenses/upgrades";"2307";"Software version";false;"S";;
"1466";"graphic tablets";"1466";"Input voltage";false;"S";;
"2308";"graphic tablets";"2308";"USB 2.0 ports quantity";false;"S";;
"1464";"display privacy filters";"1464";"Height";false;"S";;
"2309";"notebooks";"2309";"USB 1.1 ports quantity";false;"S";;
"5628";"keyboards";"5628";"Width outer carton";false;"S";;
"3833";"keyboards";"3833";"Auto power off";false;"S";;
"1066";"notebooks";"1066";"Communication ports";false;"S";;
"5627";"keyboards";"5627";"Height outer carton";false;"S";;
"1065";"notebooks";"1065";"Modem chip";false;"S";;
"3832";"keyboards";"3832";"Current consumption";false;"S";;
"5626";"keyboards";"5626";"Length outer carton";false;"S";;
"1064";"warranty & support extensions";"1064";"Supported protocols";false;"S";;
"5625";"keyboards";"5625";"Tare weight (outer carton)";false;"S";;
"3834";"warranty & support extensions";"3834";"Number of years";false;"S";;
"5624";"keyboards";"5624";"Net weight (outer carton)";false;"S";;
"1062";"notebooks";"1062";"Communication manufacturer";false;"S";;
"5623";"keyboards";"5623";"Gross weight (outer carton)";false;"S";;
"1061";"notebooks";"1061";"BIOS Plug and Play support";false;"S";;
"1060";"notebooks";"1060";"BIOS DDC support";false;"S";;
"1058";"notebooks";"1058";"BIOS DPMS support";false;"S";;
"2585";"keyboards";"2585";"Purpose";false;"S";;
"7617";"notebooks";"7617";"Maximum internal memory (64-bit)";false;"S";;
"1059";"notebooks";"1059";"BIOS VESA support";false;"S";;
"1056";"notebooks";"1056";"BIOS memory size";false;"S";;
"2587";"notebooks";"2587";"Volume control";false;"S";;
"1057";"notebooks";"1057";"BIOS advanced power management";false;"S";;
"1473";"software licenses/upgrades";"1473";"RAID controller type";false;"S";;
"1471";"notebooks";"1471";"Cache internal";false;"S";;
"3629";"scanners";"3629";"ISO B-series sizes (B0...B9)";false;"S";;
"7849";"notebooks";"7849";"Maximum shipping altitude";false;"S";;
"78";"scanners";"78";"Print technology";false;"S";;
"7847";"notebooks";"7847";"Maximum operating altitude";false;"S";;
"3628";"scanners";"3628";"ISO A-series sizes (A0...A9)";false;"S";;
"7848";"notebooks";"7848";"Maximum storage altitude";false;"S";;
"7845";"software licenses/upgrades";"7845";"Volume inner carton";false;"S";;
"7844";"scanners";"7844";"Volume outer carton";false;"S";;
"83";"graphic tablets";"83";"Display";true;"S";;
"80";"scanners";"80";"Resolution";false;"S";;
"2574";"software licenses/upgrades";"2574";"Hardware prerequisites";false;"S";;
"2575";"software licenses/upgrades";"2575";"Installation server prerequisites";false;"S";;
"7649";"computer TV tuners";"7649";"Frequency range";false;"S";;
"86";"scanners";"86";"Special features";false;"S";;
"4157";"display privacy filters";"4157";"Width";false;"S";;
"84";"notebooks";"84";"Slot type";false;"S";;
"67";"graphic tablets";"67";"Minimum processor";false;"S";;
"66";"graphic tablets";"66";"Minimum hard disk space";false;"S";;
"68";"graphic tablets";"68";"Minimum RAM";false;"S";;
"7834";"scanners";"7834";"Quantity per pack";false;"S";;
"2573";"software licenses/upgrades";"2573";"Client prerequisites";false;"S";;
"2572";"software licenses/upgrades";"2572";"Maximum port bandwidth";false;"S";;
"4160";"notebooks";"4160";"Front / Side connections";false;"S";;
"5404";"notebooks";"5404";"Wi-Fi certified";false;"S";;
"2564";"notebooks";"2564";"Supported hard disk drive interfaces";false;"S";;
"7842";"scanners";"7842";"Package volume";false;"S";;
"4163";"notebooks";"4163";"Headphone connectivity";false;"S";;
"2371";"software licenses/upgrades";"2371";"Diagnostics";false;"S";;
"5408";"flat panel desk mounts";"5408";"Additional available colours";false;"S";;
"2568";"notebooks";"2568";"Indication light";false;"S";;
"75";"warranty & support extensions";"75";"Platform";false;"S";;
"58";"notebooks";"58";"Infrared data port";false;"S";;
"3601";"scanners";"3601";"Legal";false;"S";;
"3807";"display privacy filters";"3807";"Packaging height";false;"S";;
"3602";"scanners";"3602";"Letter";false;"S";;
"3808";"display privacy filters";"3808";"Packaging width";false;"S";;
"1496";"mice";"1496";"Connector(s)";false;"S";;
"3806";"display privacy filters";"3806";"Packaging depth";false;"S";;
"4539";"flat panel desk mounts";"4539";"Number of fans";false;"S";;
"1695";"warranty & support extensions";"1695";"Speakers and microphone";false;"S";;
"1696";"scanners";"1696";"Maximum media width";false;"S";;
"65";"notebooks";"65";"Minimum hard disk space";false;"S";;
"63";"scanners";"63";"Megapixel";false;"S";;
"49";"graphic tablets";"49";"Dimensions (WxDxH)";false;"S";;
"2347";"scanners";"2347";"Duty cycle";false;"S";;
"2349";"display privacy filters";"2349";"Screen size compatibility";false;"S";;
"45";"notebooks";"45";"CD rewrite speed";false;"S";;
"47";"notebooks";"47";"Processor model";false;"S";;
"46";"wireless presenters";"46";"Colour";true;"S";;
"4143";"notebooks";"4143";"Docking connector";false;"S";;
"51";"notebooks";"51";"DVD read speed";false;"S";;
"54";"scanners";"54";"Gray scale levels";false;"S";;
"50";"notebooks";"50";"DVD";false;"S";;
"1003";"notebooks";"1003";"Keyboard easy keys";false;"S";;
"1001";"notebooks";"1001";"Keyboard key stroke";false;"S";;
"1007";"keyboards";"1007";"Hot keys";false;"S";;
"1008";"notebooks";"1008";"Keyboard special features";false;"S";;
"1005";"notebooks";"1005";"Number of keyboard cursor keys";false;"S";;
"6556";"flat panel desk mounts";"6556";"Mounting type";false;"S";;
"1006";"keyboards";"1006";"Numeric keypad";false;"S";;
"487";"display privacy filters";"487";"Larger master carton dimensions (W x D x H)";false;"S";;
"486";"scanners";"486";"Case or master carton weight";false;"S";;
"482";"scanners";"482";"Send to printers";false;"S";;
"5846";"software licenses/upgrades";"5846";"Recommended processor";false;"S";;
"7804";"notebooks";"7804";"Thunderbolt ports quantity";false;"S";;
"1280";"notebooks";"1280";"Cable type";false;"S";;
"1284";"notebooks";"1284";"Camera resolution";false;"S";;
"474";"graphic tablets";"474";"Button functions";false;"S";;
"473";"scanners";"473";"Recommended operating temperature range (T-T)";false;"S";;
"477";"scanners";"477";"Media types supported";false;"S";;
"479";"scanners";"479";"Print quality (colour, best quality)";false;"S";;
"470";"graphic tablets";"470";"I/O ports";false;"S";;
"5452";"notebooks";"5452";"HDMI version";false;"S";;
"1000";"notebooks";"1000";"Keyboard key pitch";false;"S";;
"1274";"notebooks";"1274";"Number of pins";false;"S";;
"2788";"notebooks";"2788";"Speakers manufacturer";false;"S";;
"1917";"notebooks";"1917";"SelectBay adaptor";false;"S";;
"1918";"notebooks";"1918";"System memory technology";false;"S";;
"2789";"notebooks";"2789";"Built-in subwoofer";false;"S";;
"7418";"notebooks";"7418";"Weight (including battery)";false;"S";;
"5826";"keyboards";"5826";"Net weight (inner carton)";false;"S";;
"2791";"computer TV tuners";"2791";"Video capturing speed";false;"S";;
"10010";"scanners";"10010";"Scanner type";false;"S";;
"5821";"scanners";"5821";"Copy quality (colour, draft)";false;"S";;
"5039";"wireless presenters";"5039";"Memory card included";false;"S";;
"5820";"scanners";"5820";"Copy quality (black, draft)";false;"S";;
"1919";"notebooks";"1919";"Video modes display type";false;"S";;
"5699";"scanners";"5699";"Pallet dimensions (W x D x H)";false;"S";;
"6585";"notebooks";"6585";"Browsing time";false;"S";;
"1266";"graphic tablets";"1266";"Cable length";false;"S";;
"5698";"scanners";"5698";"Maximum scan area";false;"S";;
"1265";"notebooks";"1265";"Motherboard USB";false;"S";;
"5427";"notebooks";"5427";"Wireless transmission";false;"S";;
"1262";"notebooks";"1262";"Motherboard form factor";false;"S";;
"1920";"notebooks";"1920";"Video modes maximum number of colours";false;"S";;
"1921";"notebooks";"1921";"Video modes maximum refresh rate (non interlaced)";false;"S";;
"95";"notebooks";"95";"Battery performance";false;"S";;
"1264";"notebooks";"1264";"Motherboard architecture";false;"S";;
"94";"data input devices ";"94";"Weight";false;"S";;
"2393";"computer TV tuners";"2393";"Supported radio bands";false;"S";;
"2391";"computer TV tuners";"2391";"AM band range";false;"S";;
"2390";"computer TV tuners";"2390";"FM band range";false;"S";;
"1926";"notebooks";"1926";"Hard drive size";false;"S";;
"1927";"warranty & support extensions";"1927";"Geographic coverage";false;"S";;
"1928";"scanners";"1928";"Key benefits";false;"S";;
"1929";"warranty & support extensions";"1929";"Service time (days x hours)";false;"S";;
"1922";"warranty & support extensions";"1922";"Video modes resolution";false;"S";;
"1923";"notebooks";"1923";"Video modes technology";false;"S";;
"1924";"warranty & support extensions";"1924";"Activation";false;"S";;
"8665";"warranty & support extensions";"8665";"On-site support";false;"S";;
"1925";"warranty & support extensions";"1925";"Exclusions";false;"S";;
"8664";"warranty & support extensions";"8664";"Phone support";false;"S";;
"493";"scanners";"493";"Minimum system requirements for Macintosh";false;"S";;
"5814";"scanners";"5814";"Colour space standard";false;"S";;
"494";"computer TV tuners";"494";"Remote administration";false;"S";;
"490";"scanners";"490";"TWAIN compliance interface";false;"S";;
"6572";"notebooks";"6572";"Hard disk drive protection";false;"S";;
"1257";"notebooks";"1257";"Modem type";false;"S";;
"1934";"warranty & support extensions";"1934";"Insurance range";false;"S";;
"1933";"warranty & support extensions";"1933";"Minimum equipment value";false;"S";;
"1937";"keyboards";"1937";"Maximum operating distance";false;"S";;
"1048";"wireless presenters";"1048";"Wireless technology";false;"S";;
"1047";"notebooks";"1047";"Wireless communication manufacturer";false;"S";;
"1045";"notebooks";"1045";"Wireless compliancy";false;"S";;
"5478";"display privacy filters";"5478";"Height";false;"S";;
"1932";"warranty & support extensions";"1932";"Maximum equipment value";false;"S";;
"1253";"notebooks";"1253";"External video modes non-interlaced resolution with max. refresh rate";false;"S";;
"1931";"warranty & support extensions";"1931";"Terms & conditions";false;"S";;
"1252";"notebooks";"1252";"External video modes refresh rate (max)";false;"S";;
"5685";"keyboards";"5685";"Requires shelf";false;"S";;
"1930";"warranty & support extensions";"1930";"Service level";false;"S";;
"6513";"scanners";"6513";"Duplex ADF scanning";false;"S";;
"1049";"notebooks";"1049";"Wireless communication version";false;"S";;
"1050";"data input devices ";"1050";"Input devices description";false;"S";;
"1249";"notebooks";"1249";"External video modes graphics accelerator";false;"S";;
"1054";"notebooks";"1054";"System management BIOS";false;"S";;
"1055";"notebooks";"1055";"BIOS flash ROM";false;"S";;
"5485";"keyboards";"5485";"Tare weight";false;"S";;
"1052";"notebooks";"1052";"BIOS manufacturer";false;"S";;
"5486";"keyboards";"5486";"Depth";false;"S";;
"1053";"notebooks";"1053";"BIOS ACPI";false;"S";;
"249";"graphic tablets";"249";"Certification";false;"S";;
"248";"notebooks";"248";"Security features";false;"S";;
"247";"notebooks";"247";"Casework";false;"S";;
"1945";"scanners";"1945";"Scan time";false;"S";;
"1946";"scanners";"1946";"Density range";false;"S";;
"1948";"scanners";"1948";"Film type";false;"S";;
"5693";"scanners";"5693";"Pallet weight";false;"S";;
"1037";"notebooks";"1037";"Internal memory expansion module sizes";false;"S";;
"1036";"notebooks";"1036";"Number of free internal memory expansion slots";false;"S";;
"1039";"notebooks";"1039";"Wired communication manufacturer";false;"S";;
"1038";"notebooks";"1038";"Internal memory manufacturer";false;"S";;
"1242";"scanners";"1242";"Power supply";false;"S";;
"5687";"graphic tablets";"5687";"Power consumption";false;"S";;
"6511";"scanners";"6511";"Scan bed (platen) size";false;"S";;
"1040";"notebooks";"1040";"Wired communication type";false;"S";;
"5496";"wireless presenters";"5496";"Battery level indicator";false;"S";;
"1041";"notebooks";"1041";"Networking topology";false;"S";;
"1042";"notebooks";"1042";"Wired communication features";false;"S";;
"6306";"wireless presenters";"6306";"On/off switch";false;"S";;
"1043";"notebooks";"1043";"Wired communication connector";false;"S";;
"6305";"keyboards";"6305";"Cable length";false;"S";;
"1044";"notebooks";"1044";"Wired communication chipset";false;"S";;
"1239";"notebooks";"1239";"DVD transfer rate (sustained mode)";false;"S";;
"5276";"flat panel desk mounts";"5276";"Minimum weight";false;"S";;
"1956";"flat panel desk mounts";"1956";"Swivel angle";false;"S";;
"7141";"mice";"7141";"Connector type";false;"S";;
"1954";"flat panel desk mounts";"1954";"Height adjustment";false;"S";;
"1029";"notebooks";"1029";"Audio system full duplex";false;"S";;
"1230";"keyboards";"1230";"AC adapter included";false;"S";;
"6534";"flat panel desk mounts";"6534";"Rubber feet";false;"S";;
"1028";"notebooks";"1028";"Audio system ports";false;"S";;
"1027";"notebooks";"1027";"Audio system maximum sampling rate";false;"S";;
"1025";"notebooks";"1025";"Built-in microphone";false;"S";;
"1024";"notebooks";"1024";"Speakers";false;"S";;
"1023";"notebooks";"1023";"Supported audio standards";false;"S";;
"5456";"keyboards";"5456";"Number of products included";false;"S";;
"1030";"notebooks";"1030";"Audio system direct sound";false;"S";;
"6337";"notebooks";"6337";"Bluetooth range";false;"S";;
"1031";"notebooks";"1031";"Audio system direct 3D sound";false;"S";;
"1226";"notebooks";"1226";"Number of battery cells";false;"S";;
"5659";"graphic tablets";"5659";"Contents";false;"S";;
"1224";"notebooks";"1224";"Removable";false;"S";;
"1229";"notebooks";"1229";"Number of slots";false;"S";;
"250";"notebooks";"250";"Bundled hardware";false;"S";;
"251";"graphic tablets";"251";"Bundled software";false;"S";;
"1969";"scanners";"1969";"Configuration management description";false;"S";;
"1017";"notebooks";"1017";"Processor core voltage (AC)";false;"S";;
"1962";"notebooks";"1962";"Disc types supported";false;"S";;
"1019";"notebooks";"1019";"Co-processor";false;"S";;
"6527";"scanners";"6527";"Scan drivers";false;"S";;
"1013";"notebooks";"1013";"Processor manufacturer";false;"S";;
"1020";"notebooks";"1020";"Processor front side bus";false;"S";;
"1021";"notebooks";"1021";"Audio system manufacturer";false;"S";;
"1211";"graphic tablets";"1211";"Number of batteries supported";false;"S";;
"6532";"notebooks";"6532";"Stereo sound";false;"S";;
"904";"notebooks";"904";"AC adapter output voltage";false;"S";;
"903";"notebooks";"903";"AC adapter frequency";false;"S";;
"5858";"scanners";"5858";"Internet fax providers";false;"S";;
"906";"notebooks";"906";"AC adapter power";false;"S";;
"905";"notebooks";"905";"AC adapter output current";false;"S";;
"902";"notebooks";"902";"AC adapter input voltage";false;"S";;
