sku code;model;warehouse code;qty in stock
"NP540U3C-A01IT";"NP540U3C";"Main";180
"QB643AA#ABB";"C7000";"Main";470
"D7C94EA";"p6-2438ef";"Main";808
"SVS1313P9EB";"SVS1313P9E";"Main";303
"D2K24EA";"p6-2494ea";"Main";86
"A0X32AA#ABB";"C6000";"Main";277
"90NTFA122N12115D151Y";"21-CW003H";"Main";714
"BP6230-ITVA24";"BP6230-ITVA24";"Main";270
"D7B03EA";"p6-2411er";"Main";64
"D2L53EA";"p6-2425ep";"Main";841
"D7B04EA";"p6-2412er";"Main";343
"D2L45EA";"p6-2422ep";"Main";171
"WZ972AA#B13";"Classic Wired Keyboard";"Main";568
"H2F48AA#ABB";"X4000";"Main";136
"PSCBAE-02Y00HDU";"C870-1DH";"Main";118
"D2K40EA";"p6-2421ep";"Main";286
"D2K38EA";"p6-2420ep";"Main";457
"QY776AA#B13";"USB Keyboard";"Main";319
"D7C39EA";"p6-2437ef";"Main";822
"90PE2IA22211E1195C0Q";"EB1503-B036E";"Main";565
"BV813AA#ABH";"Smart Card CCID Keyboard";"Main";550
"H2P31AA#ABB";"H2P31AA";"Main";701
"C5V25EA";"p6-2377ef";"Main";107
"EKD-K14DWEG";"EKD-K14";"Main";748
"FQ480AA#ABB";"Wireless Elite Keyboard";"Main";26
"C5W03EA";"p6-2378ef";"Main";589
"678237-421";"ML350p Gen8";"Main";288
"C5V27EA";"p6-2398ef";"Main";916
"LQ083AA#ABB";"Wi-Fi Mobile Mouse";"Main";937
"D5A56EA";"15-b177ed Sleekbook";"Main";500
"D4M23EA";"14-b106ed";"Main";402
"XE500T1C-A03IT";"XE500T1C";"Main";926
"C0U51EA#ABH";"11-g000ed";"Main";192
"100N02884";"5460";"Main";101
"SVE1713S1EW";"SVE1713S1E";"Main";340
"D2Q02EA";"p6-2425elm";"Main";963
"C5V40EA";"p6-2394ef";"Main";825
"E6A56EA";"15-j009ss";"Main";198
"D2J80EA";"p6-2403el";"Main";437
"MOP-57";"MOP-57";"Main";438
"C5V77EA";"p6-2379ef";"Main";581
"7158F4G";"3630 M4";"Main";608
"BV813AA#ABB";"Smart Card CCID Keyboard";"Main";391
"C5V07EA";"p6-2380ef";"Main";532
"D7B42EA";"p6-2436eg";"Main";256
"H5X75AA";"p6-2460kr";"Main";486
"100N02872";"DocuMate 4830";"Main";196
"90NBHA138S29245D425U";"X55A-SX093H";"Main";355
"D7C72EA";"p6-2451es";"Main";819
"R1208BB4GS9";"R1208BB4GS9";"Main";580
"D7C73EA";"p6-2453es";"Main";385
"D2K01EA";"p6-2402er";"Main";962
"H2216LPQKR";"H2216LPQKR";"Main";738
"D2L62EA";"p6-2407er";"Main";307
"D2P43EA";"p6-2420ezm";"Main";183
"001755-SKU4";"CR70-i545";"Main";671
"D2P90EA";"p6-2410elm";"Main";511
"VGP-BMS20";"VGP-BMS20";"Main";698
"D2L08EA";"p6-2480ea";"Main";839
"WZ972AA#ABH";"Classic Wired Keyboard";"Main";827
"H3T50AA#ABB";"X4000b";"Main";289
"D2L61EA";"p6-2406er";"Main";231
"D2L63EA";"p6-2408er";"Main";81
"D2L60EA";"p6-2405er";"Main";817
"D2L64EA";"p6-2409er";"Main";136
"PSCC2E-00T00SIT";"C850D-11P";"Main";666
"SM-P605ZKAITV";"10.1 2014 Edition";"Main";896
"S26381-K520-L111";"KB520, HU";"Main";968
"100N02883";"5445";"Main";45
"XV422AA#ABB";"XV422AA#ABB";"Main";227
"18798";"Gusy Wireless Ultra-thin Keyboard with mouse";"Main";309
"D7A97EA";"p6-2488ea";"Main";113
"90NB0072-M01980";"TX300CA-C4023H";"Main";845
"QY449AT";"QY449AT";"Main";367
"D7A04EA";"p6-2407es";"Main";540
"H3T50AA";"X4000b";"Main";814
"QY776A6#B13";"USB (Bulk Pack 14) Keyboard, EN";"Main";671
"QY449AA#B13";"Wireless Keyboard And Mouse";"Main";177
"NP3530EC-T01FR";"NP3530EC";"Main";510
"QD949AA#ABB";"Slim Keyboard";"Main";886
"C1S40EA#ABH";"TouchSmart 15-4000ed";"Main";515
"H2F39AA#ABB";"X4000";"Main";659
"H4H94AA";"p6-2430jp";"Main";273
"H5X74AA";"p6-2470kr";"Main";636
"BR376AA";"BR376AA";"Main";882
"H2F43AA#ABB";"X4000";"Main";214
"H2F42AA#ABB";"X4000";"Main";461
"H2F41AA#ABB";"X4000";"Main";282
"D7C01EA";"p6-2436ef";"Main";940
"H2F40AA#ABB";"X4000";"Main";655
"D4Z65EA";"15-b100ed Sleekbook";"Main";952
"D2Z09EA";"14-b102ed";"Main";17
"E2T54EA";"15-j009eo";"Main";731
"E5K33EA";"15-j019so";"Main";255
"D7B63EA";"p6-2466ef";"Main";569
"PSPLZE-07T00JFR";"X870-15T";"Main";389
"D4L57EA#ABH";"m6-1223ed";"Main";862
"D5P00EA#ABH";"15-b102ed Sleekbook";"Main";190
"D7C22EA";"p6-2434ef";"Main";779
"D2G54EA#ABH";"15-b101sd Sleekbook";"Main";672
"PT530E-00X00CCE";"R950-11H";"Main";312
"D4Z65EA#ABH";"15-b100ed Sleekbook";"Main";891
"19441";"Isotto Wireless Mouse for Windows 8";"Main";191
"D1N70EA#ABH";"11-g033ed";"Main";564
"D2L97EA";"p6-2493ef";"Main";777
"D2Q41EA";"p6-2421efm";"Main";469
"PSCBWE-04W00WGR";"C850-1DH";"Main";98
"BV813AA#B13";"Smart Card CCID Keyboard";"Main";719
"D2L65EA";"p6-2410er";"Main";507
"WX406AA#ABB";"WX406AA#ABB";"Main";619
"PSKG8E-04L00MFR";"L850-1MT";"Main";849
"D7C11EA";"p6-2441el";"Main";36
"SVE1513H4EB";"SVE151H4EB";"Main";326
"PSCBWE-07500PFR";"C855-20M";"Main";521
"H2C22AA#ABB";"X3000";"Main";30
"PSCC2E-00800KFR";"C850D-119";"Main";153
"H2F47AA#ABB";"X4000";"Main";440
"SVE1713A4EB";"SVE1713A4EB";"Main";680
"SVS1513A4EB";"SVS1513A4EB";"Main";146
"SVS13A3A4ES";"SVS13A3A4ES";"Main";511
"D7C44EA";"p6-2455eb";"Main";786
"E6A52EA";"15-j005ss";"Main";136
"D4L72EA";"TouchSmart 15-b105ed Sleekbook";"Main";830
"D2G54EA";"15-b101sd Sleekbook";"Main";242
"D5A57EA";"15-b171sd";"Main";803
"D5P00EA";"15-b102ed Sleekbook";"Main";616
"D5A55EA";"15-b172ed";"Main";818
"D7C48EA";"p6-2441ef";"Main";296
"QY449AA";"Wireless Keyboard And Mouse";"Main";519
"D5A42EA";"14-b172ed";"Main";616
"693362-091";"693362-091";"Main";704
"WE790AA#ABB";"WE790AA";"Main";337
"H2C21AA#ABB";"H2C21AA";"Main";44
"NP900X4C-A02FR";"NP900X4C";"Main";946
"D7B78EA";"p6-2469ef";"Main";606
"NP900X4D-A02FR";"NP900X4D";"Main";618
"598691-041";"598691-041";"Main";554
"E6M39EA";"15-j028eo";"Main";757
"E5K34EA";"15-j020eo";"Main";764
"D2J73EA";"p6-2400ew";"Main";51
"XP358AA#ABB";"XP358AA";"Main";141
"XP357AA#ABB";"XP357AA";"Main";817
"E3B19PA";"15-j005tu";"Main";464
"D2G56EA";"15-b103ed Sleekbook";"Main";205
"LB454AA#ABB";"LB454AA";"Main";389
"E4A14EA";"15-j012eo";"Main";826
"E0K11UA";"15-j031nr";"Main";372
"D2G52EA";"14-b108ed";"Main";609
"D4L71EA";"TouchSmart 15-b107ed Sleekbook";"Main";402
"BR376AA#ABB";"BR376AA";"Main";446
"LR918AA#ABB";"LR918AA";"Main";98
"H4A12AA";"p6-2378";"Main";246
"D7B62EA";"p6-2440el";"Main";725
"S26341-F103-L863";"Q802";"Main";355
"XP355AA#ABB";"XP355AA";"Main";348
"OCETC4SCANNER";"Océ TC4 scanner";"Main";44
"D2P71EA";"p6-2421eom";"Main";698
"OCETDS600";"Océ TDS600 Productive Scanner";"Main";921
"D7A46EA";"p6-2400ec";"Main";92
"D1M24EA#ABH";"15-b198ed";"Main";441
"D7A49EA";"p6-2403ec";"Main";813
"D5A56EA#ABH";"TouchSmart 15-b177ed Sleekbook";"Main";315
"XQ500AA#ABB";"XQ500AA";"Main";319
"D5A55EA#ABH";"15-b172ed";"Main";45
"D5A57EA#ABH";"15-b171sd";"Main";958
"QY449AT#B13";"QY449AT";"Main";438
"QY776AT#B13";"USB Keyboard";"Main";714
"D7C63EA";"p6-2444el";"Main";809
"D4L71EA#ABH";"TouchSmart 15-b107ed Sleekbook";"Main";662
"D4L72EA#ABH";"TouchSmart 15-b105ed Sleekbook";"Main";38
"D7C09EA";"p6-2427eg";"Main";690
"D2G56EA#ABH";"15-b103ed Sleekbook";"Main";321
"D2L54EA";"p6-2426ep";"Main";769
"PT43GE-02N028EN";"R940-1FF";"Main";723
"D7C40EA";"p6-2432eo";"Main";610
"D7C56EA";"p6-2459ef";"Main";799
"E4Y00PA";"15-j030tx";"Main";840
"8683B003";"ScanFront 330";"Main";893
"PT534E-03U01EFR";"R950-178";"Main";483
"LV290AA#ABB";"Wireless Classic Desktop";"Main";226
"E6A53EA";"15-j006ss";"Main";111
"XA965AA#ABB";"XA965AA#ABB";"Main";116
"D7C87EA";"p6-2472ev";"Main";7
"D7A23EA";"p6-2470ev";"Main";414
"XA964AA#ABB";"XA964AA#ABB";"Main";957
"D7A16EA";"p6-2410ev";"Main";784
"KY619AA#ABB";"KY619AA";"Main";274
"H3T50AA#AC3";"H3T50AA";"Main";840
"D7C04EA";"p6-2465eb";"Main";864
"D1M24EA";"15-b198ed";"Main";345
"7871C6G";"HS22V";"Main";496
"GT-P5100GRA";"2 10.1";"Main";36
"PSK01E-01H01NEN";"L630-166";"Main";713
"D7C59EA";"p6-2439ef";"Main";122
"PT23LE-00M00EFR";"Z930-12Q";"Main";472
"DT528AT#B13";"USB Standard Keyboard";"Main";467
"D2Z09EA#ABH";"14-b102ed";"Main";525
"H1D34AA#ABB";"X4000";"Main";375
"D4M23EA#ABH";"14-b106ed";"Main";186
"E0M21UA";"15-j010us";"Main";769
"D2G52EA#ABH";"14-b108ed";"Main";243
"SVE1513H1EB";"SVE1513H1E";"Main";148
"D5A42EA#ABH";"14-b172ed";"Main";449
"D4L57EA";"m6-1223ed";"Main";53
"D6Z90EA";"p6-2463eg";"Main";814
"SVT1313M1ES";"SVT1313M1E";"Main";802
"D1N70EA";"11-g033ed";"Main";280
"19653";"Yvi Retractable Mouse - blue";"Main";269
"D1M22EA";"11-g005ed";"Main";790
"19652";"Yvi Retractable Mouse - white";"Main";817
"D5N98EA";"m6-1221ed";"Main";883
"D5N98EA#ABH";"m6-1221ed";"Main";593
"D7C95EA";"p6-2449ef";"Main";480
"D1M22EA#ABH";"11-g005ed";"Main";208
"8073B003";"DR-G1130";"Main";446
"8074B003";"DR-G1100";"Main";567
"D7B90EA";"p6-2437eg";"Main";341
"90NLEC512N31D55D551Y";"G75VX-CV012H";"Main";698
"QA184AA#ABB";"X7000";"Main";193
"D7S53EA";"p6-2432eom";"Main";122
"D7C27EA";"p6-2450eo";"Main";121
"A0X35AA#ABB";"X4000";"Main";691
"D7C32EA";"p6-2466eo";"Main";788
"A0X36AA#ABB";"X5000";"Main";787
"H1D33AA#ABB";"X4000";"Main";743
"7875K1G";"HS23";"Main";887
"H3Z79AA";"p6-2390";"Main";827
"D7A05EA";"p6-2408es";"Main";906
"D2M34EA";"p6-2400es";"Main";749
"D6Z84EA";"p6-2405es";"Main";214
"D7B56EA";"p6-2461er";"Main";54
"90PE2AA21311E1137C0Q";"EB1012P-B058E";"Main";96
"XE500T1C-H02DE";"XE500T1C";"Main";318
"D7A67EA";"p6-2465ez";"Main";338
"90-XB2Y00MU00000";"GX850";"Main";915
"D7C71EA";"p6-2427eb";"Main";890
"E1S09EA";"15-j001eo";"Main";746
"WZ972AA#ABB";"WZ972AA";"Main";478
"WD746EA";"ProBook 6550b";"Main";253
"NP550P7C-T06FR";"NP550P7C";"Main";973
"E0Z23EA";"15-j001er";"Main";21
"PSCBXE-01U00LGR";"C850-1HL";"Main";984
"009A55-010R";"III Plus 9A55-C823";"Main";254
"H4H39AA";"p6-2405tw";"Main";335
"NP550P5C-T05FR";"550P5C";"Main";662
"C3V08EA";"p6-2385eg";"Main";472
"B400A-W3042G";"B400A-W3042G";"Main";51
"D7A90EA";"p6-2400sj";"Main";249
"QY449AA#ABB";"Wireless Keyboard And Mouse";"Main";643
"H4H36AA";"p6-2400tw";"Main";805
"PSKG9E-00F006GR";"L850-1NR";"Main";174
"D7B96EA";"p6-2475eo";"Main";322
"D7D16EA";"p6-2445eg";"Main";618
"D7D14EA";"p6-2443eg";"Main";213
"FQ983AA#ABB";"FQ983AA#ABB";"Main";701
"D2P46EA";"p6-2457ezm";"Main";615
"594052-A41";"594052-A41";"Main";607
"C5V26EA";"p6-2393ef";"Main";823
"SVE1713G4EW";"SVE1713G4EW";"Main";359
"PT53NE-00D00GIT";"Satellite Pro R950-15T";"Main";78
"D1N18EA";"Sleekbook 15-b119ss";"Main";264
"D7B29EA";"p6-2496ea";"Main";203
"SVE1111M1EW";"SVE1111M1E";"Main";571
"35440";"ix4-200d Cloud Ed";"Main";800
"D7C76EA";"p6-2433el";"Main";179
"E6A54EA";"15-j007ss";"Main";501
"D7A47EA";"p6-2401ec";"Main";489
"D7A48EA";"p6-2402ec";"Main";337
"D7B32EA";"p6-2469ea";"Main";267
"XV422AA";"XV422AA";"Main";413
"D7B28EA";"p6-2493eg";"Main";269
"LX729AA";"LX729AA";"Main";155
"DT528AL#ABB";"USB (Bulk Pack) Standard Keyboard";"Main";798
"NP3530EC-A01IT";"NP3530EC";"Main";555
"PSC09E-01Q00CEN";"C650-1KL";"Main";342
"D7B27EA";"p6-2489ea";"Main";476
"E6M96EA";"15-j004er";"Main";470
"BO70001";"BO70001";"Main";252
"E1S88EA";"15-j003eo";"Main";280
