sku code;model;warehouse code;qty in stock
"B1W88EA#ABU";"Pavilion dv7-7061ea Entertainment Notebook PC";"Main";101
"B2Y38EA#ABU";"Pavilion g6-1312sa Notebook PC";"Main";273
"B6P95EA";"EliteBook 8470p Notebook PC";"Main";985
"B3N31EA#ABU";"Pavilion dv6-7055sa Entertainment Notebook PC";"Main";597
"B3N30EA#ABU";"Pavilion dv6-7054sa Entertainment Notebook PC";"Main";428
"18.01.1083";"18.01.1083";"Main";435
"18.01.1084";"18.01.1084";"Main";877
"18.01.1082";"18.01.1082";"Main";428
"N1E5TGE";"ThinkPad T530";"Main";747
"N1E5WGE";"ThinkPad T530";"Main";491
"N1E5RGE";"ThinkPad T530";"Main";603
"B1R22EA#ABU";"Pavilion g6-1306sa Notebook PC";"Main";456
"B1W42EA#ABU";"Pavilion g6-1306ea Notebook PC";"Main";565
"LY536EA#ABU";"EliteBook 8560w Mobile Workstation";"Main";753
"WF723A#ABD";"Virtual Rooms (up to 15 people in one meeting) License";"Main";492
"B0N00AA#AB9";"Folio 13 Notebook PC (ENERGY STAR)";"Main";871
"B0R94EA#ABZ";"g6-1364sl";"Main";598
"B6P78EA#ABY";"ProBook 6570b Notebook PC";"Main";984
"PLL62E-00W002EN";"Toshiba NB520-11N";"Main";554
"B7B15EA#ABU";"ProBook 4340s Notebook PC";"Main";626
"B6N83EA#ABU";"ProBook 4540s Notebook PC";"Main";385
"B1S21EA#ABU";"Pavilion g6-2014sa Notebook PC";"Main";626
"B1R12EA#ABU";"Pavilion g6-1304sa Notebook PC";"Main";137
"B1M18EA#ABU";"Pavilion dv7-7051ea Entertainment Notebook PC";"Main";225
"B1J53EA#ABU";"Pavilion g6-1301sa Notebook PC";"Main";43
"PLL62E-01F002EN";"Toshiba NB520-124";"Main";322
"B1K25EA#ABU";"Pavilion dv7-7050ea Entertainment Notebook PC";"Main";108
"LY451EA";"ProBook 6465b Notebook PC";"Main";797
"PLL72E-021019EN";"Toshiba NB510-11G";"Main";145
"PLL72E-022019EN";"Toshiba NB510-11H";"Main";138
"PLL72E-023019EN";"Toshiba NB510-11J";"Main";232
"LY531ET";"EliteBook 8760w Mobile Workstation";"Main";40
"PLL72E-00E019EN";"Toshiba NB510-10D";"Main";607
"PLL72E-012019EN";"Toshiba NB510-10R";"Main";272
"B1U17EA";"Pavilion dm1-4131sa Entertainment Notebook PC";"Main";720
"B3S09EA";"Pavilion g7-2100sa Notebook PC";"Main";719
"LY516EA#ABU";"EliteBook 8460p Notebook PC";"Main";184
"PSC3YE-02P006DU";"Satellite C670-1D3";"Main";92
"PSK4YE-00C00HEN";"Satellite L755D-10J";"Main";625
"N1E2VMD";"ThinkPad T530";"Main";922
"6015ES3";"2 Year Extended On-Site Service";"Main";577
"PSK08E-02000HEN";"Satellite L735-11W";"Main";422
"N1E2UMD";"ThinkPad T530";"Main";971
"PSK08E-02100HEN";"Satellite L735-11X";"Main";526
"80-106-085";"Universal Tablet Cradle";"Main";991
"LY508EA#ABU";"EliteBook 8460p Notebook PC";"Main";984
"PSAY3E-059002EN";"Satellite P750-135";"Main";540
"L2708A#201";"Scanjet Enterprise 7000nx Document Capture Workstation";"Main";553
"PSBY3E-02800HEN";"Satellite P770-118";"Main";706
"LY534EA";"EliteBook 8760w Mobile Workstation";"Main";122
"PSAY3E-05C002EN";"Satellite P750-136";"Main";973
"PSAY3E-05E002EN";"Satellite P750-137";"Main";579
"LY455ET";"EliteBook 2560p Notebook PC";"Main";574
"NY45BMD";"ThinkPad W520";"Main";943
"LY531EA#UUZ";"EliteBook 8760w Mobile Workstation";"Main";461
"NY55CMD";"ThinkPad W520";"Main";70
"NY45CMD";"ThinkPad W520";"Main";316
"NY55DMD";"ThinkPad W520";"Main";215
"PSK3SE-009002EN";"Satellite L775-12H";"Main";308
"PSK1WE-01Q009EN";"Satellite L755-13H";"Main";672
"PSC4AE-00U009EN";"Satellite C670D-110";"Main";822
"PSK3WE-02P002EN";"Satellite L775-13D";"Main";164
"L2708A#BAZ";"Scanjet Enterprise 7000nx Document Capture Workstation";"Main";967
"PSK32E-01M006EN";"Satellite L755D-12L";"Main";200
"PSK1WE-07G009EN";"Satellite L755-1C6";"Main";40
"PSK1WE-030009EN";"Satellite L755-17Q";"Main";684
"PSK1WE-031009EN";"Satellite L755-17R";"Main";180
"PSK32E-01G006EN";"Satellite L755D-129";"Main";122
"PSK32E-01F006EN";"Satellite L755D-128";"Main";378
"LY453EA";"ProBook 6465b Notebook PC";"Main";984
"B6P67EA#ABD";"ProBook 6560b Notebook PC";"Main";795
"PSK3XE-00G00WEN";"Satellite Pro L770-11F";"Main";300
"B6P65EA#ABD";"ProBook 6360b Notebook PC";"Main";837
"B6P66EA#ABD";"ProBook 6460b Notebook PC";"Main";175
"PSC4AE-00C00DGR";"Satellite C670D-10G";"Main";426
"PT429E-00M007EP";"Tecra R840-10T";"Main";458
"PSC4AE-00900DGR";"Satellite C670D-10F";"Main";626
"LG670EA#ABU";"EliteBook 8760w Mobile Workstation";"Main";764
"LQ583AW#UUZ";"ProBook 6560b Notebook PC";"Main";209
"PT42FE-00C00HGR";"Tecra R840-10D";"Main";619
"LG658EA#BCM";"ProBook 6560b Notebook PC";"Main";494
"LQ333AW#UUZ";"ProBook 6360b Notebook PC";"Main";838
"97-617";"97-617";"Main";797
"LQ336AW#UUZ";"ProBook 6360b Notebook PC";"Main";732
"PSC3QE-00D00WN5";"Satellite C670-11Q";"Main";215
"PSC3QE-00M00FG5";"Satellite C670-11W";"Main";325
"PSC3QE-00200CGR";"Satellite C670-105";"Main";61
"PPM78E-08D00EGR";"Portégé M780-10R";"Main";682
"L2708A#B19";"Scanjet Enterprise 7000nx Document Capture Workstation";"Main";594
"A6D99EA";"ProBook 4530s Notebook PC";"Main";299
"B0X44EA";"ProBook 4530s Notebook PC";"Main";339
"N1K2EMD";"ThinkPad W530";"Main";283
"PSC0LE-04300JEN";"Satellite C660-23Q";"Main";532
"PSK6ME-011004EN";"Satellite L755-15W";"Main";846
"PSK6ME-00L004EN";"Satellite L755-13D";"Main";8
"PSK1WE-01R009EN";"Satellite L755-13J";"Main";276
"PLL50E-03X027G3";"Toshiba NB500-13C";"Main";35
"PT52HE-00L007EN";"Satellite R850-13K";"Main";428
"PSK1WE-01S009EN";"Satellite L755-13K";"Main";493
"PLL50E-05D020GR";"Toshiba NB500-13F";"Main";371
"PSC0QE-04Y00CEN";"Satellite C660-21Q";"Main";637
"PSK1WE-027009EN";"Satellite L755-15R";"Main";120
"PLL5FE-02T00GG3";"Toshiba NB550D-119";"Main";756
"PSC0QE-05000CEN";"Satellite C660-220";"Main";530
"PSK2YE-03J014EN";"Satellite L755-144";"Main";70
"PLL5FE-03201CGR";"Toshiba NB550D-11D";"Main";404
"PT52NE-01801HEP";"Satellite Pro R850-1JJ";"Main";924
"LY486EA";"ProBook 4530s Notebook PC";"Main";429
"PSC0QE-01J00CEN";"Satellite C660-17L";"Main";12
"PSK3TE-01000XG3";"Satellite Pro L770-14N";"Main";602
"LY492EA";"ProBook 4730s Notebook PC";"Main";578
"PSK3XE-01H012G3";"Satellite Pro L770-153";"Main";588
"LY476EA";"ProBook 4530s Notebook PC";"Main";786
"B0Y16EA";"ProBook 4530s Notebook PC";"Main";675
"A6E06EA";"ProBook 4530s Notebook PC";"Main";535
"LY488EA";"ProBook 4535s Notebook PC";"Main";98
"PSK6ME-00M004EN";"Satellite L755-13E";"Main";727
"B4H11EA";"Pavilion g6-2026sa Notebook PC";"Main";239
"PSK6ME-012004EN";"Satellite L755-15X";"Main";145
"B3D27EA";"Pavilion g6-2024sa Notebook PC";"Main";665
"PSK2YE-042014EN";"Satellite L755-154";"Main";953
"PSK6ME-00W004EN";"Satellite L755-14Z";"Main";299
"B6Q00EA";"EliteBook 8570p Notebook PC";"Main";597
"A8J41EA";"Pavilion dm4-3003sa Beats Edition Entertainment Notebook PC";"Main";817
"B5V82AW";"ProBook 6570b Notebook PC";"Main";877
"B1K51EA";"Pavilion dv6-7050ea Entertainment Notebook PC";"Main";797
"B6P86EA";"ProBook 6570b Notebook PC";"Main";366
"B6M42EA";"655 Notebook PC";"Main";33
"B6Q03EA";"EliteBook 8570p Notebook PC";"Main";368
"LY509EA#ABB";"EliteBook 8460p Notebook PC";"Main";509
"B6P75EA#ABY";"ProBook 6475b Notebook PC";"Main";291
"PSAY3E-02E002EN";"Satellite P750-115";"Main";70
"PTSE0E-0HU052EN";"Tecra A11-1JL";"Main";787
"PSAY3E-02D002EN";"Satellite P750-114";"Main";960
"PSAY3E-029002EN";"Satellite P750-113";"Main";231
"LY538EA#ABD";"EliteBook 8760w Mobile Workstation";"Main";635
"PSK73E-00C004EN";"Satellite L735-10R";"Main";933
"PSAY3E-03U002EN";"Satellite P750-10F";"Main";315
"PSK4YE-00K00HEN";"Satellite L755D-10V";"Main";969
"LY536EA#ABD";"EliteBook 8560w Mobile Workstation";"Main";980
"PSK4YE-00L00HEN";"Satellite L755D-10W";"Main";385
"LY537EA#ABD";"EliteBook 8760w Mobile Workstation";"Main";406
"B3N35EA";"Pavilion dv6-7061sa Entertainment Notebook PC";"Main";391
"B4H17EA";"Pavilion g6-2029ea Notebook PC";"Main";555
"LG635EA#8GB";"ProBook 6360b Notebook PC";"Main";756
"PSC3UE-00Y009EN";"Satellite C670-14P";"Main";444
"PT32LE-00800CEN";"Satellite R830-10C";"Main";914
"PSC1YE-005008EN";"Satellite C660D-14E";"Main";123
"LG660EA#BCM";"EliteBook 8560w Mobile Workstation";"Main";455
"B1S85EA";"Pavilion dv6-7051ea Entertainment Notebook PC";"Main";871
"B4H16EA";"Pavilion g6-2028sa Notebook PC";"Main";44
"B6P81EA";"ProBook 6570b Notebook PC";"Main";633
"B4H22EA";"Pavilion g6-2033sa Notebook PC";"Main";26
"B4H12EA";"Pavilion g6-2027ea Notebook PC";"Main";98
"B6Q04EA#ABD";"ProBook 6570b Notebook PC";"Main";491
"LW883AW#ABE";"EliteBook 2560p Notebook PC (ENERGY STAR)";"Main";963
"B5W80AW";"ProBook 6470b Notebook PC";"Main";67
"B4H06EA";"Pavilion g6-2022ea Notebook PC";"Main";591
"PSC0LE-04400JEN";"Satellite C660-27C";"Main";906
"PSC0LE-04200JEN";"Satellite C660-23U";"Main";511
"PSC0LE-04100JEN";"Satellite C660-23T";"Main";368
"B6P80EA";"ProBook 6570b Notebook PC";"Main";363
"B5W83AW";"ProBook 6470b Notebook PC";"Main";49
"PSC1LE-01K005EN";"Satellite C660-1VW";"Main";944
"PSC1LE-025005EN";"Satellite C660-21M";"Main";18
"PSC0LE-04000JEN";"Satellite C660-23R";"Main";473
"B3Y11EA#ABU";"ENVY Ultrabook 4-1010ea";"Main";14
"PSC0LE-04500JEN";"Satellite C660-27D";"Main";748
"B3Y13EA#ABU";"ENVY Ultrabook 4-1000ea";"Main";91
"PSC1LE-017005EN";"Satellite C660-1ZM";"Main";249
"PSC1LE-018005EN";"Satellite C660-1ZN";"Main";885
"B6W52EA#ABU";"ENVY Sleekbook 6-1006ea";"Main";474
"B9N87EA#ABU";"Pavilion g6-2140sa Notebook PC";"Main";172
"PSC1LE-027005EN";"Satellite C660-23N";"Main";782
"B9Q41EA#ABU";"Pavilion g6-2138sa Notebook PC";"Main";397
"B4H10EA";"Pavilion g6-2026ea Notebook PC";"Main";288
"B9Q43EA#ABU";"Pavilion g6-2139sa Notebook PC";"Main";527
"B1S27EA";"Pavilion g6-2022sa Notebook PC";"Main";45
"910-003008";"M325";"Main";870
"B4H08EA";"Pavilion g6-2025ea Notebook PC";"Main";849
"B1J46EA";"Pavilion g6-1310ez Notebook PC";"Main";45
"B6M09EA";"ProBook 4540s Notebook PC";"Main";367
"B6P89EA#ABD";"ProBook 6570b Notebook PC";"Main";93
"B0Y46EA";"ProBook 4340s Notebook PC";"Main";496
"B4H15EA";"Pavilion g6-2028ea Notebook PC";"Main";635
"B6P88EA#ABD";"ProBook 6570b Notebook PC";"Main";603
"DS-600";"DS-600";"Main";430
"B1R94EA";"Pavilion g6-2001sa Notebook PC";"Main";616
"PSC1LE-022005EN";"Satellite C660-223";"Main";215
"A6M72AW#UUZ";"EliteBook 8760w Mobile Workstation";"Main";288
"910-003014";"M325";"Main";264
"PSPKBE-03F008EN";"Satellite P855-10G";"Main";869
"910-003017";"M325";"Main";339
"B6P99EA";"EliteBook 8570p Notebook PC";"Main";963
"B0Y57EA";"ProBook 4540s Notebook PC";"Main";905
"PT320E-0F901REN";"Portégé R830-1G2";"Main";925
"PLL72E-01W019EN";"Toshiba NB510-11E";"Main";628
"B6P86EA#ABD";"ProBook 6570b Notebook PC";"Main";664
"B6P85EA#ABD";"ProBook 6570b Notebook PC";"Main";906
"A6F37EA";"ProBook 4535s Notebook PC";"Main";832
"PSK4YE-02H00HEN";"Satellite L750D-1ER";"Main";195
"PSK4YE-02T00HEN";"Satellite L750D-1GC";"Main";39
"PSK7YE-00G004EN";"Satellite L830-10X";"Main";402
"PSK4YE-02J00HEN";"Satellite L750D-1EX";"Main";558
"PLL50E-032012EN";"Toshiba NB500-11J";"Main";929
"PT32LE-02D00CEN";"Satellite R830-1L7";"Main";133
"PSC1YE-03X008EN";"Satellite C660D-1HK";"Main";102
"PLL50E-02R012EN";"Toshiba NB500-115";"Main";638
"PSK6ME-02E004EN";"Satellite L750-22X";"Main";405
"PLL50E-033012EN";"Toshiba NB500-11K";"Main";920
"PSK6ME-02D004EN";"Satellite L750-22Z";"Main";465
"B6P84EA#ABD";"ProBook 6570b Notebook PC";"Main";540
"PLL72E-01T019EN";"Toshiba NB510-119";"Main";556
"B5W83AW#ABD";"ProBook 6470b Notebook PC";"Main";993
"B5W80AW#ABD";"ProBook 6470b Notebook PC";"Main";767
"B6P82EA#ABD";"ProBook 6570b Notebook PC";"Main";646
"B6P83EA#ABD";"ProBook 6570b Notebook PC";"Main";149
"PDA08E-001005EN";"Toshiba AT300-101";"Main";889
"B6P80EA#ABD";"ProBook 6570b Notebook PC";"Main";478
"PDA08E-002005EN";"Toshiba AT300-100";"Main";161
"B6P81EA#ABD";"ProBook 6570b Notebook PC";"Main";53
"PLL50E-02M012EN";"Toshiba NB500-110";"Main";482
"B1S18EA";"Pavilion g6-2011sa Notebook PC";"Main";736
"QJ491EA";"Pavilion dm1-4010ez Entertainment Notebook PC";"Main";3
"PT52HE-00T007EN";"Satellite R850-169";"Main";774
"PT52HE-00P007EN";"Satellite R850-15C";"Main";226
"PLL52E-01T00SEN";"Toshiba NB520-10R";"Main";734
"PSC0LE-01600JEN";"Satellite C660-11X";"Main";119
"A5H50AV";"ProBook 6470b Base Model Notebook PC";"Main";179
"PSC1LE-005005EN";"Satellite C660-1NP";"Main";449
"PT31LE-01X00CEN";"Satellite R630-102";"Main";709
"PT52HE-00H007EN";"Satellite R850-10H";"Main";375
"B5V82AW#ABD";"ProBook 6570b Notebook PC";"Main";655
"LG669EA#UUZ";"EliteBook 2560p Notebook PC";"Main";281
"PLL50E-02P012EN";"Toshiba NB500-111";"Main";664
"B1F88EA";"Pavilion dm1-4117sz Entertainment Notebook PC";"Main";841
"PLL50E-02N012EN";"Toshiba NB500-10Z";"Main";635
"A9W48EA#ABU";"Pavilion g6-1343sa Notebook PC";"Main";750
"A6D89EA#AKD?ED495AA#ABB";"ProBook 4330s Notebook PC";"Main";367
"B1F87EA";"Pavilion dm1-4120ez Entertainment Notebook PC";"Main";975
"A6D89EA#AKD?AY052AA#AC3";"ProBook 4330s Notebook PC";"Main";101
"B5W71AW";"EliteBook 8470p Notebook PC (ENERGY STAR)";"Main";728
"A5Z15EA";"Pavilion dm4-3099ez Beats Edition Entertainment Notebook PC";"Main";812
"B5V79AW#ABD";"ProBook 6570b Notebook PC";"Main";165
"PSC1YE-00L008EN";"Satellite C660D-15X";"Main";287
"PSC1YE-00H008EN";"Satellite C660D-15H";"Main";916
"PSC1YE-012008EN";"Satellite C660D-16Q";"Main";739
"PSC1YE-00M008EN";"Satellite C660D-15Z";"Main";749
"PSC0QE-04500CEN";"Satellite C660-1N6";"Main";12
"PSC0QE-03M00CEN";"Satellite C660-1LD";"Main";370
"PSC0LE-03T00JEN";"Satellite C660-1UL";"Main";575
"PSC0QE-04H00CEN";"Satellite C660-1NJ";"Main";913
"NUJ72MD";"ThinkPad T410s";"Main";308
"B1J76EA#ABU";"EliteBook 8460p Notebook PC";"Main";697
"LY525EA#ABB";"EliteBook 8560w Mobile Workstation";"Main";899
"PT32LE-00U00CEN";"Satellite R830-143";"Main";707
"PT32LE-00T00CEN";"Satellite R830-142";"Main";883
"PSK6ME-00K004EN";"Satellite L755-13F";"Main";892
"PSK6DE-006001EN";"Satellite L775-11F";"Main";397
"PSK3SE-006002EN";"Satellite L775-119";"Main";144
"PSK3WE-016002EN";"Satellite L775-111";"Main";990
"PSC4AE-00N009EN";"Satellite C670D-108";"Main";648
"PSC3LE-00D00GEN";"Satellite C670-10P";"Main";793
"PSK08E-03S00HEN";"Satellite L735-12V";"Main";896
"PSPGSE-22L00JHU";"Satellite P500-1J4";"Main";515
"B6P76EA#BCM";"ProBook 6475b Notebook PC";"Main";989
"B4H21EA#ABU";"Pavilion g6-2033ea Notebook PC";"Main";634
"PSPGSE-1CL02YA3";"Satellite P500-1H6";"Main";192
"PSPGSE-1J000PSK";"Satellite P500-1H9";"Main";755
"PSKCCE-01E00VEN";"Satellite C855-15Q";"Main";391
"PSC8AE-009002EN";"Satellite C870-11F";"Main";502
"A8J56EA";"Pavilion g6-1353sa Notebook PC";"Main";199
"B1W89EA";"Pavilion dv7-7062ea Entertainment Notebook PC";"Main";103
"PSC8AE-00D002EN";"Satellite C870-11H";"Main";260
"LG736EA#ABF";"EliteBook 8560p Notebook PC";"Main";470
"PSAY3E-02X00YN5";"Satellite P755-119";"Main";23
"B1Y18EA";"Pavilion g6-1392ea Notebook PC";"Main";924
"K55VD-SX019V";"K55VD-SX019V";"Main";561
"B5D90EA";"Pavilion g6-2082sa Notebook PC";"Main";972
"PSK6DE-008001EN";"Satellite L775-11U";"Main";521
"PSK3WE-01L00QHU";"Satellite L775-10X";"Main";164
"PSK3WE-00L00RN5";"Satellite L770-118";"Main";271
"PSK6DE-005001EN";"Satellite L770-10M";"Main";949
"NUK2LFI";"ThinkPad T410s";"Main";717
"PLL62E-00X00PGR";"Toshiba NB520-11P";"Main";229
"PLL62E-01E00PGR";"Toshiba NB520-125";"Main";140
"PLL72E-00R011GR";"Toshiba NB510-108";"Main";89
"PLL72E-01Q00YEP";"Toshiba NB510-117";"Main";771
"B3W47EA";"Pavilion dv7-7064sa Entertainment Notebook PC";"Main";755
"NUJ72FI";"ThinkPad T410s";"Main";88
"B4C55EA";"Pavilion g6-1339sa Notebook PC";"Main";540
"B2Y54EA";"Pavilion g6-1335sa Notebook PC";"Main";929
"A8W74EA";"Pavilion g6-1381sa Notebook PC";"Main";530
"B6Q04EA#BCM";"ProBook 6570b Notebook PC";"Main";862
"B6P93EA";"EliteBook 8470p Notebook PC";"Main";87
"A6D89EA#AKD";"ProBook 4330s Notebook PC";"Main";797
"PSK0CE-01700YTE";"Satellite L730-10J";"Main";162
"PSK73E-003003CZ";"Satellite L730-106";"Main";882
"PSK6DE-007001EN";"Satellite L775-11G";"Main";677
"PSK2YE-00H00KGR";"Satellite L750-104";"Main";448
"B5D88EA";"Pavilion g6-2080sa Notebook PC";"Main";407
"B6P92EA";"EliteBook 8470p Notebook PC";"Main";751
"PSBY3E-00U00NGR";"Satellite P770-108";"Main";653
"PSBY3E-01400HEN";"Satellite P770-109";"Main";594
"PSK0CE-01N00LFR";"Satellite L735-10D";"Main";39
"PSK0CE-01600GSK";"Satellite L735-10M";"Main";85
"LG732EA#ABE";"EliteBook 8560p Notebook PC";"Main";231
"B4D17EA";"Pavilion dv6-7051sa Entertainment Notebook PC";"Main";306
"B1S21EA";"Pavilion g6-2014sa Notebook PC";"Main";294
"B1L29EA";"Pavilion g7-2050sa Notebook PC";"Main";82
"B4N57EA";"Pavilion g6-1332sa Notebook PC";"Main";815
"A9Y02EA";"Pavilion dm1-4126sa Entertainment Notebook PC";"Main";62
"B1S87EA";"Pavilion dv6-7053ea Entertainment Notebook PC";"Main";384
"B1Z97EA#ABU";"Pavilion g6-1311ea Notebook PC";"Main";850
"PSKACE-00W00SEN";"Satellite L855-118";"Main";803
"PSPKBE-02501RMD";"Satellite P850-138";"Main";42
"PSPKBE-02301RMD";"Satellite P850-12X";"Main";896
"B6Q58EA";"Pavilion g6-2009sz Notebook PC";"Main";10
"B6H92EA#ABU";"Pavilion m6-1002sa Entertainment Notebook PC";"Main";217
"B6J19EA#ABU";"Pavilion m6-1055sa Entertainment Notebook PC";"Main";39
"B1Y18EA#ABU";"Pavilion g6-1392ea Notebook PC";"Main";449
"B6J99EA#ABU";"Compaq Presario CQ58-153SA Notebook PC";"Main";577
"B4D36EA";"Pavilion g6-2007sz Notebook PC";"Main";466
"B6L04EA#ABU";"Pavilion dv7-7102ea Entertainment Notebook PC";"Main";3
"B2Y38EA";"Pavilion g6-1312sa Notebook PC";"Main";640
"B1W42EA";"Pavilion g6-1306ea Notebook PC";"Main";282
"B3R17EA#ABU";"Pavilion g6-2151sa Notebook PC";"Main";232
"B4H13EA";"Pavilion g6-2027sa Notebook PC";"Main";279
"PSKA8E-004003EN";"Satellite L855-11F";"Main";921
"B3N36EA";"Pavilion dv6-7063ea Entertainment Notebook PC";"Main";16
"PSPLBE-01T00FEN";"Satellite P875-102";"Main";28
"PSPKBE-042008EN";"Satellite P855-307";"Main";341
"B4H20EA";"Pavilion g6-2030sa Notebook PC";"Main";87
"B3N37EA";"Pavilion dv6-7063sa Entertainment Notebook PC";"Main";792
"PSC8AE-00E002EN";"Satellite C870-11J";"Main";584
"B4H09EA";"Pavilion g6-2025sa Notebook PC";"Main";298
"PSKDGE-00X004EN";"Satellite L850-166";"Main";805
"B3W33EA";"Pavilion dv7-7062sa Entertainment Notebook PC";"Main";414
"B5V79AW";"ProBook 6570b Notebook PC";"Main";889
"LG669EA#ABY";"EliteBook 2560p Notebook PC";"Main";929
"B6P97EA";"EliteBook 8470p Notebook PC";"Main";505
"B6P83EA";"ProBook 6570b Notebook PC";"Main";191
"B9E57EA#ABU";"Pavilion g6-2165sa Notebook PC";"Main";614
"B9E56EA#ABU";"Pavilion g6-2164sa Notebook PC";"Main";462
"B1M44EA";"Pavilion dm1-4175sa Entertainment Notebook PC";"Main";535
"B9E59EA#ABU";"Pavilion g6-2167sa Notebook PC";"Main";154
"NV8PEMD";"ThinkPad T420s";"Main";315
"B9E58EA#ABU";"Pavilion g6-2166sa Notebook PC";"Main";517
"B9E55EA#ABU";"Pavilion g6-2163sa Notebook PC";"Main";235
"B9E54EA#ABU";"Pavilion g6-2162sa Notebook PC";"Main";448
"LY532EA#ABN";"EliteBook 8760w Mobile Workstation";"Main";539
"LY534EA#ABN";"EliteBook 8760w Mobile Workstation";"Main";828
"LG660EA#AB9";"EliteBook 8560w Mobile Workstation";"Main";1
"LY536EA#ABN";"EliteBook 8560w Mobile Workstation";"Main";223
"LY537EA#ABN";"EliteBook 8760w Mobile Workstation";"Main";388
"B6P84EA";"ProBook 6570b Notebook PC";"Main";379
"B4N58EA";"Pavilion g6-1338sa Notebook PC";"Main";658
"NV8PEMS";"ThinkPad T420s";"Main";729
"PSK36E-05L003GR";"Satellite L750D-1FD";"Main";986
"B1L39EA";"Pavilion g7-2020ez Notebook PC";"Main";107
"NW4PFMS";"ThinkPad T420";"Main";803
"B3K93EA";"Pavilion dv6-7053sa Entertainment Notebook PC";"Main";950
"QC383AW#AKD?NZ222AA#ABB";"ProBook 6465b Notebook PC";"Main";115
"PSPLXE-01Q003EN";"Qosmio X870-11R";"Main";471
"B4N59EA";"Pavilion g6-1352sa Notebook PC";"Main";895
"18307";"GXT 25 Gaming Mouse";"Main";600
"NV8PEAT";"ThinkPad T420s";"Main";867
"NZA2DFR";"X230";"Main";706
"QC383AW#AKD?VB041AA#ABB";"ProBook 6465b Notebook PC";"Main";279
"B6P70EA#ABE";"ProBook 6470b Notebook PC";"Main";886
"PSK1WE-028009EN";"Satellite L755-15T";"Main";647
"NYT4XMD";"ThinkPad L420";"Main";764
"B4N62EA";"Pavilion g6-1313sa Notebook PC";"Main";283
"NYY33MD";"ThinkPad L520";"Main";604
"B6P85EA";"ProBook 6570b Notebook PC";"Main";471
"B9E60EA#ABU";"Pavilion g6-2168sa Notebook PC";"Main";11
"B5W73AW";"EliteBook 8470p Notebook PC (ENERGY STAR)";"Main";660
"B6P89EA";"ProBook 6570b Notebook PC";"Main";195
"B9E61EA#ABU";"Pavilion g6-2169sa Notebook PC";"Main";791
"LG668EA#ABY";"EliteBook 2560p Notebook PC";"Main";753
"B1W43EA";"Pavilion g6-1307ea Notebook PC";"Main";763
"B1J53EA";"Pavilion g6-1301sa Notebook PC";"Main";750
"B9L80EA#ABU";"Pavilion g6-2186sa Notebook PC";"Main";517
"B9E65EA#ABU";"Pavilion g6-2173sa Notebook PC";"Main";579
"B9E64EA#ABU";"Pavilion g6-2172sa Notebook PC";"Main";374
"B6Q04EA";"ProBook 6570b Notebook PC";"Main";342
"B9E63EA#ABU";"Pavilion g6-2171sa Notebook PC";"Main";983
"DS-700D";"DSmobile 700D";"Main";292
"B6P96EA";"EliteBook 8470p Notebook PC";"Main";677
"B6N83EA#ABF";"ProBook 4540s Notebook PC";"Main";310
"B9L81EA#ABU";"Pavilion g6-2187sa Notebook PC";"Main";720
"NY44YGE";"ThinkPad W520";"Main";397
"B9E62EA#ABU";"Pavilion g6-2170sa Notebook PC";"Main";480
"B3R24EA#ABU";"Pavilion g6-2154sa Notebook PC";"Main";980
"B3Q65EA#ABU";"Pavilion dm1-4200sa Entertainment Notebook PC";"Main";225
"LQ583AW#8GB";"ProBook 6560b Notebook PC";"Main";704
"B6P80EA#ABH";"ProBook 6570b Notebook PC";"Main";523
"B6P82EA#ABH";"ProBook 6570b Notebook PC";"Main";89
"B6P81EA#ABH";"ProBook 6570b Notebook PC";"Main";27
"B6M75EA";"ProBook 4540s Notebook PC";"Main";562
"B5W80AW#ABH";"ProBook 6470b Notebook PC";"Main";862
"B5W83AW#ABH";"ProBook 6470b Notebook PC";"Main";828
"B3N30EA";"Pavilion dv6-7054sa Entertainment Notebook PC";"Main";250
"B5V79AW#ABH";"ProBook 6570b Notebook PC";"Main";113
"B5V82AW#ABH";"ProBook 6570b Notebook PC";"Main";497
"B6W53EA";"ENVY Sleekbook 6-1006sa";"Main";814
"B6M75EA#ABU";"ProBook 4540s Notebook PC";"Main";562
"B6K60EA";"Pavilion dv6-7104ea Entertainment Notebook PC";"Main";220
"B3Y06EA";"Pavilion g6-1339ea Notebook PC";"Main";244
"B1U74EA";"Pavilion g6-2042sa Notebook PC";"Main";299
"B6G96EA";"Pavilion g6-1367sa Notebook PC";"Main";469
"B6J17EA#ABU";"Pavilion m6-1054sa Entertainment Notebook PC";"Main";370
"B4N59EA#ABU";"Pavilion g6-1352sa Notebook PC";"Main";278
"B3Z95EA#ABU";"Pavilion m6-1050sa Entertainment Notebook PC";"Main";635
"B3Z61EA#ABU";"Compaq Presario CQ58-100SA Notebook PC";"Main";70
"NF5DEMD";"ThinkPad R61, 160GB, 2GB, 15.4 in WSXGA+ BT, Intel Wireless WiFi Link 4965 AGN, Multiburner, Bluetooth, Fingerprint, 6 Cell";"Main";596
"B3R83EA#ABU";"Pavilion g7-2150sa Notebook PC";"Main";925
"B3Y74EA#ABU";"ENVY Spectre XT Ultrabook 13-2000ea";"Main";711
"B0X72EA#ABZ";"ProBook 4530s Notebook PC";"Main";66
"B0X44EA#ABZ";"ProBook 4530s Notebook PC";"Main";169
"B3Y15EA#ABU";"ENVY Ultrabook 4-1020ea";"Main";598
"NY55DUK";"ThinkPad W520";"Main";897
"B6P88EA#ABH";"ProBook 6570b Notebook PC";"Main";880
"NY55CUK";"ThinkPad W520";"Main";745
"B6P84EA#ABH";"ProBook 6570b Notebook PC";"Main";849
"B6P85EA#ABH";"ProBook 6570b Notebook PC";"Main";366
"B4N67EA";"Pavilion g6-1316sa Notebook PC";"Main";530
"NYZ4KMD";"ThinkPad L520";"Main";526
"B8F31EA#ABU";"ENVY Ultrabook 4-1000sa";"Main";783
"B4H18EA#ABU";"Pavilion g6-2029sa Notebook PC";"Main";8
"B6W93EA#ABU";"Pavilion g6-2103sa Notebook PC";"Main";283
"B6K60EA#ABU";"Pavilion dv6-7104ea Entertainment Notebook PC";"Main";600
"NYS5CMD";"ThinkPad L420";"Main";850
"B6W51EA#ABU";"ENVY Sleekbook 6-1005sa";"Main";576
"B6L07EA#ABU";"Pavilion dv7-7104ea Entertainment Notebook PC";"Main";671
"NY45CAT";"ThinkPad W520";"Main";504
"NY45BGE";"ThinkPad W520";"Main";23
"B7R69EA";"Pavilion g6-2182sa Notebook PC";"Main";256
"B7G37EA";"Pavilion g6-2177sa Notebook PC";"Main";115
"B6G95EA";"Pavilion g6-1366sa Notebook PC";"Main";727
"LG741ET#UUG";"EliteBook 8460p Notebook PC";"Main";887
"B6W96EA";"Pavilion g6-2126sa Notebook PC";"Main";652
"B6J37EA";"Pavilion m6-1076sa Entertainment Notebook PC";"Main";969
"B6K40EA";"Pavilion g7-2175sa Notebook PC";"Main";730
"NY55CAT";"ThinkPad W520";"Main";924
"NY55CGE";"ThinkPad W520";"Main";41
"NY45BAT";"ThinkPad W520";"Main";562
"NY45BUK";"ThinkPad W520";"Main";569
"NY45CGE";"ThinkPad W520";"Main";501
"NY45CUK";"ThinkPad W520";"Main";288
"LY537EA#ABY";"EliteBook 8760w Mobile Workstation";"Main";628
"LY536EA#ABY";"EliteBook 8560w Mobile Workstation";"Main";489
"LQ166AW#ABE";"EliteBook 8460p Notebook PC (ENERGY STAR)";"Main";218
"LY488EA#UUW";"ProBook 4535s Notebook PC";"Main";178
"K55VD-SX160V";"K55VD-SX160V";"Main";673
"LG732EA#AB9";"EliteBook 8560p Notebook PC";"Main";944
"NY45BMS";"ThinkPad W520";"Main";103
"B7G38EA";"Pavilion g6-2178sa Notebook PC";"Main";491
"PSK1WE-0CE009EN";"Satellite L750-1DM";"Main";275
"B6J45EA";"Pavilion g6-1394sa Notebook PC";"Main";60
"PSPKBE-04N008EN";"Satellite P855-30G";"Main";538
"B3Z86EA";"Compaq Presario CQ58-125SA Notebook PC";"Main";683
"PSKC8E-053005EN";"Satellite C850-132";"Main";286
"NY55DGE";"ThinkPad W520";"Main";678
"B7G26EA";"Pavilion g6-2181sa Notebook PC";"Main";200
"PSKC8E-02N005EN";"Satellite C850-12M";"Main";682
"B7G39EA";"Pavilion g6-2179sa Notebook PC";"Main";732
"PSKBGE-00F004EN";"Satellite L870-136";"Main";834
"B7G25EA";"Pavilion g6-2176sa Notebook PC";"Main";923
"PSKBGE-005004EN";"Satellite L870-11J";"Main";828
"NY55DAT";"ThinkPad W520";"Main";179
"PSKC8E-001005EN";"Satellite C850-101";"Main";79
"NY55DMS";"ThinkPad W520";"Main";633
"B7R68EA";"Pavilion g6-2180sa Notebook PC";"Main";347
"PSKC8E-00C005EN";"Satellite C850-10C";"Main";536
"NY55CMS";"ThinkPad W520";"Main";751
"B6J36EA";"Pavilion m6-1074sa Entertainment Notebook PC";"Main";109
"PSKC8E-009005EN";"Satellite C850-108";"Main";20
"NY45CMS";"ThinkPad W520";"Main";16
"WZ252UT#ABA";"ProBook 4520s Notebook PC (ENERGY STAR)";"Main";304
"B1K93EA";"Pavilion g6-2007ez Notebook PC";"Main";475
"WZ244UA#ABA";"ProBook 6555b Notebook PC (ENERGY STAR)";"Main";534
"WZ235UA#ABA";"ProBook 6455b Notebook PC (ENERGY STAR)";"Main";788
"LG660EA#8GB";"EliteBook 8560w Mobile Workstation";"Main";295
"WZ231UA#ABA";"ProBook 6450b Notebook PC (ENERGY STAR)";"Main";350
"B6L33EA";"Compaq Presario CQ58-124SZ Notebook PC";"Main";138
"WZ230UA#ABA";"ProBook 6450b Notebook PC (ENERGY STAR)";"Main";233
"C0H85EA";"Pavilion g6-2148ea Notebook PC";"Main";287
"B9R21EA";"Pavilion g7-2152ea Notebook PC";"Main";728
"NYS5RMD";"ThinkPad L420";"Main";367
"NYT34MD";"ThinkPad L420";"Main";124
"A8S58EA";"Pavilion g6-1347sa Notebook PC";"Main";621
"LY455ET#ABU";"EliteBook 2560p Notebook PC";"Main";534
"M694BUK";"Lenovo IdeaPad U400";"Main";417
"C08-402-001";"USB Keyboard ES";"Main";468
"B2Y37EA";"Pavilion g6-1312ea Notebook PC";"Main";897
"C08-460-001";"USB Keyboard US";"Main";361
"C08-284-001";"Optical Wireless 5-Button Desktop Mouse";"Main";110
"C08-278-001";"Easy Mouse";"Main";238
"LG745EA#8GB";"EliteBook 8460p Notebook PC";"Main";365
"B1P44EA";"Pavilion g7-2052sa Notebook PC";"Main";443
"NYY5QMD";"ThinkPad L520";"Main";378
"C05-501-001";"Numeric Keypad";"Main";640
"B1U13EA";"Pavilion dm1-4175ea Entertainment Notebook PC";"Main";447
"B1U31EA";"Pavilion dm1-4152ea Entertainment Notebook PC";"Main";784
"C0H84EA";"Pavilion g6-2141ea Notebook PC";"Main";844
"PSC0QE-05H00CEN";"Satellite C660-26Z";"Main";487
"PSC1LE-00V005EN";"Satellite C660-1U4";"Main";443
"B4H21EA";"Pavilion g6-2033ea Notebook PC";"Main";448
"PSBY3E-02J00HEN";"Satellite P775-112";"Main";313
"LY518EA#AK8";"EliteBook 8460p Notebook PC (ENERGY STAR)";"Main";885
"PSBY3E-02H00HEN";"Satellite P770-11G";"Main";112
"QY449AT#ABZ";"Wireless Keyboard and Mouse";"Main";434
"B3W46EA";"Pavilion dv7-7064ea Entertainment Notebook PC";"Main";664
"LY537EA#AK8";"EliteBook 8760w Mobile Workstation";"Main";523
"LY536EA#AK8";"EliteBook 8560w Mobile Workstation";"Main";761
"A8M36EA";"Pavilion g6-1309sa Notebook PC";"Main";989
"A9J22EA";"Pavilion g6-1337ea Notebook PC";"Main";855
"B1R22EA";"Pavilion g6-1306sa Notebook PC";"Main";609
"UX31A-R4004V";"ZENBOOK UX31A-R4004V";"Main";660
"LG668EA#AKC";"EliteBook 2560p Notebook PC";"Main";462
"B1Y19EA";"Pavilion g6-1392sa Notebook PC";"Main";73
"LY536EA#AKD";"EliteBook 8560w Mobile Workstation";"Main";587
"B5U23AW";"ProBook 6475b Notebook PC";"Main";748
"B6P94EA";"EliteBook 8470p Notebook PC";"Main";951
"A1E86EA";"ProBook 4535s Notebook PC";"Main";332
"IPICS2GO";"iPics2Go";"Main";746
"PSBY3E-01P011G3";"Satellite P775-10V";"Main";362
"PSBY3E-013018GR";"Satellite P775-10J";"Main";57
"A6M72AW#ABN";"EliteBook 8760w Mobile Workstation";"Main";100
"PLL50E-00V012EN";"Toshiba NB500-10L";"Main";908
"PSC0QE-05M00CEN";"Satellite C660-28D";"Main";622
"PSC1LE-02G005EN";"Satellite C660-258";"Main";96
"PQF75E-036008EN";"Qosmio F750-11V";"Main";614
"PSAY3E-03D00RPL";"Satellite P750-11G";"Main";517
"PSAY3E-01800YN5";"Satellite P750-10R";"Main";675
"PSC0QE-04X00CEN";"Satellite C660-21Z";"Main";795
"PSAY3E-00S00RPL";"Satellite P750-109";"Main";145
"PSBY3E-00X011G3";"Satellite P775-10G";"Main";79
"PLL52E-03200SEN";"Toshiba NB520-120";"Main";296
"PLL5FE-01V008EN";"Toshiba NB550D-10U";"Main";805
"PLL5FE-01U008EN";"Toshiba NB550D-10T";"Main";773
"PSK3TE-00500CPL";"Satellite Pro L770-112";"Main";437
"B0X72EA";"ProBook 4530s Notebook PC";"Main";224
"B6P75EA";"ProBook 6475b Notebook PC";"Main";129
"LY537EA";"EliteBook 8760w Mobile Workstation";"Main";557
"A8J41EA#ABU";"Pavilion dm4-3003sa Beats Edition Entertainment Notebook PC";"Main";308
"B6P68EA";"ProBook 6470b Notebook PC";"Main";184
"LY536EA";"EliteBook 8560w Mobile Workstation";"Main";294
"PSAY3E-01U015A3";"Satellite P755-10C";"Main";929
"PSAY3E-02C002EN";"Satellite P755-114";"Main";198
"PSK3XE-002007GR";"Satellite Pro L770-109";"Main";607
"PSAY3E-03H00TS4";"Satellite P755-11H";"Main";797
"PSAW3E-12603HEN";"Satellite A660-1H7";"Main";455
"PSC1LE-04F005EN";"Satellite C660-2F2";"Main";168
"PLL5FE-00M008EN";"Toshiba NB550D-10G";"Main";276
"B6G86EA";"Pavilion g7-2016sz Notebook PC";"Main";926
"PSC1LE-03R005EN";"Satellite C660-2E3";"Main";918
"PLL52E-00F00SEN";"Toshiba NB520-109";"Main";61
"PSC1LE-03Q005EN";"Satellite C660-2E2";"Main";243
"PLL52E-01800SEN";"Toshiba NB520-10H";"Main";499
"PSC1LE-03P005EN";"Satellite C660-2E1";"Main";615
"PLL50E-005012EN";"Toshiba NB500-10M";"Main";440
"PSC1LE-03N005EN";"Satellite C660-2DV";"Main";479
"B6P78EA#ABN";"ProBook 6570b Notebook PC";"Main";453
"PSC0QE-06403DEN";"Satellite C660-2EL";"Main";441
"PSC0QE-05Q03DEN";"Satellite C660-2D7";"Main";813
"B1Z98EA#ABU";"Pavilion g6-1311sa Notebook PC";"Main";510
"B6P70EA";"ProBook 6470b Notebook PC";"Main";316
"B6P76EA";"ProBook 6475b Notebook PC";"Main";476
"B6P78EA";"ProBook 6570b Notebook PC";"Main";890
"B3W25EA";"Pavilion dv7-7037sz Entertainment Notebook PC";"Main";625
"B1K24EA";"Pavilion dv7-7035ez Entertainment Notebook PC";"Main";286
"PSK3SE-014002EN";"Satellite L775-14E";"Main";677
"B3W28EA";"Pavilion dv7-7057sz Entertainment Notebook PC";"Main";146
"PSK3SE-015002EN";"Satellite L775-148";"Main";100
"A8J33EA";"Pavilion dm4-3098ez Beats Edition Entertainment Notebook PC";"Main";356
"PSC1YE-01W008EN";"Satellite C660D-1C6";"Main";230
"B3W37EA";"Pavilion dv7-7035sz Entertainment Notebook PC";"Main";72
"PT32LE-01400CEN";"Satellite R830-181";"Main";775
"PSC1YE-02H008EN";"Satellite C660D-1EP";"Main";162
"A5H49AV";"ProBook 6470b Base Model Notebook PC";"Main";660
"B4E02EA";"Pavilion g7-2004sz Notebook PC";"Main";116
"PSC3UE-016009EN";"Satellite C670-15F";"Main";630
"PQF75E-00W008EN";"Qosmio F750-10Q";"Main";479
"B1K35EA";"Pavilion dv7-7070ez Entertainment Notebook PC";"Main";673
"PT32LE-01500CEN";"Satellite R830-182";"Main";176
"B1J76EA#AK8";"EliteBook 8460p Notebook PC";"Main";804
"A6M72AW#ABU";"EliteBook 8760w Mobile Workstation";"Main";879
"PSK1WE-0CH009EN";"Satellite L750-1DQ";"Main";191
"B0X53EA#BCM";"ProBook 4730s Notebook PC";"Main";242
"PSK1WE-0C9009EN";"Satellite L750-1DJ";"Main";710
"PSK6ME-01L004EN";"Satellite L750-1EK";"Main";713
"PSK1WE-09E009EN";"Satellite L750-16J";"Main";903
"PSK2YE-0EL014EN";"Satellite L750-171";"Main";118
"PSK1WE-0D6009EN";"Satellite L750-16X";"Main";857
"L2708A#BEA";"Scanjet Enterprise 7000nx Document Capture Workstation";"Main";798
"LX.V5403.180";"5760-2352G32MTsk";"Main";788
"PT310E-0G902KEN";"Portégé R700-1F4";"Main";877
"WF723A#B1K";"Virtual Rooms (up to 15 people in one meeting) License";"Main";252
"LY538EA#ABU";"EliteBook 8760w Mobile Workstation";"Main";955
"PSK1WE-0C7009EN";"Satellite L750-18R";"Main";186
"PSC0LE-03E00JEN";"Satellite C660-187";"Main";596
"PSC0LE-00400JEN";"Satellite C660-13R";"Main";48
"PSC0LE-03F00JEN";"Satellite C660-17E";"Main";259
"PSK1WE-0CL009EN";"Satellite L750-1DU";"Main";309
"PSK1WE-0D0009EN";"Satellite L750-1E5";"Main";466
"A3Z20AV";"ProBook 6475b Base Model Notebook PC";"Main";962
"PSC0LE-01U00JEN";"Satellite C660-18C";"Main";873
"PSC0LE-03000JEN";"Satellite C660-1J6";"Main";164
"PSK1WE-0CJ009EN";"Satellite L750-1DR";"Main";825
"PSC0QE-02F023EN";"Satellite C660-1F1";"Main";142
"PSK2YE-0K5014EN";"Satellite L755-1GJ";"Main";84
"PSC0QE-02800CEN";"Satellite C660-1D7";"Main";552
"PSC0QE-02M00CEN";"Satellite C660-1G3";"Main";789
"PSC0QE-01P00CEN";"Satellite C660-184";"Main";467
"JG075B";"A-U200-S 1-year Anti-Spam Service License";"Main";342
"PT42FE-02W00YEN";"Tecra R840-17Q";"Main";485
"B1M18EA";"Pavilion dv7-7051ea Entertainment Notebook PC";"Main";636
"B4Y77AV";"ProBook 4540s Base Model Notebook PC";"Main";475
"PSK32E-02L006EN";"Satellite L750D-14E";"Main";173
"PSC0UE-02N00KEN";"Satellite C660D-153";"Main";332
"PSK32E-02M006EN";"Satellite L750D-14F";"Main";620
"PSK4YE-01H00HEN";"Satellite L750D-14R";"Main";963
"PSC0UE-00400KEN";"Satellite C660D-10D";"Main";991
"PSK4YE-01K00HEN";"Satellite L750D-14U";"Main";41
"PSK4YE-01D00HEN";"Satellite L750D-14M";"Main";797
"PSK4YE-01G00HEN";"Satellite L750D-14Q";"Main";687
"B0Y46EA#UUW";"ProBook 4340s Notebook PC";"Main";291
"PSK4YE-01M00HEN";"Satellite L750D-14H";"Main";371
"PSK4YE-01Q00HEN";"Satellite L750D-14L";"Main";296
"LG668EA#AK8";"EliteBook 2560p Notebook PC";"Main";821
"LG669EA#AK8";"EliteBook 2560p Notebook PC";"Main";543
"PSC0UE-02G00KEN";"Satellite C660D-14W";"Main";511
"PSC0UE-02P00KEN";"Satellite C660D-154";"Main";6
"PSK08E-08900HEN";"Satellite L735-13W";"Main";965
"PSC0UE-02K00KEN";"Satellite C660D-151";"Main";822
"PSC0UE-02L00KEN";"Satellite C660D-150";"Main";816
"PSK1EE-07600REN";"Satellite L650-1MC";"Main";904
"LY518EA#ABU";"EliteBook 8460p Notebook PC (ENERGY STAR)";"Main";737
"PSK1WE-00K00HGR";"Satellite L755-10C";"Main";211
"PSK6ME-00C008PL";"Satellite L750-10N";"Main";478
"PSK1WE-00M00HGR";"Satellite L750-102";"Main";85
"PSBY5E-00Q011G3";"Qosmio X770-10N";"Main";997
"PSK3WE-00C00CGR";"Satellite L775-109";"Main";557
"PSKDGE-010004EN";"Satellite L850-161";"Main";214
"PSK6HE-002002G3";"Satellite L775-11C";"Main";487
"PSKDGE-011004EN";"Satellite L850-162";"Main";641
"PSK3SE-007002EN";"Satellite L775-11E";"Main";826
"PSKC8E-056005EN";"Satellite C855-17Z";"Main";948
"PSC8AE-00C002EN";"Satellite C870-11G";"Main";208
"A6F37EA#UUZ";"ProBook 4535s Notebook PC";"Main";610
"PSKC8E-05L005EN";"Satellite C855-17R";"Main";852
"PSKC8E-055005EN";"Satellite C855-17X";"Main";813
"PSKC8E-05H005EN";"Satellite C855-17N";"Main";806
"A6E06EA#UUZ";"ProBook 4530s Notebook PC";"Main";662
"PSKC8E-05K005EN";"Satellite C855-17Q";"Main";794
"B1R13EA#ABU";"Pavilion g6-1305sa Notebook PC";"Main";106
"PSKACE-01J018EN";"Satellite L855-11P";"Main";766
"B1S18EA#ABU";"Pavilion g6-2011sa Notebook PC";"Main";704
"PSKACE-01J00SEN";"Satellite L855-11P";"Main";666
"B1R11EA#ABU";"Pavilion g6-1303sa Notebook PC";"Main";107
"A1L16AV";"EliteBook 8570p Base Model Notebook PC";"Main";156
"A1L15AV";"EliteBook 8570p Base Model Notebook PC";"Main";508
"PSK1SE-05Q00PEN";"Satellite L650D-173";"Main";897
"PT31LE-00V00JG3";"Satellite R630-13U";"Main";870
"PT31LE-01E00JG3";"Satellite R630-14T";"Main";822
"PSK3AE-07T00REN";"Satellite L670-1HZ";"Main";953
"PSK3AE-05D00REN";"Satellite L670-1H1";"Main";304
"PSK3AE-07U00REN";"Satellite L670-1J0";"Main";18
"PSK3AE-09J00REN";"Satellite L670-1J8";"Main";774
"PQF65E-05X01DG3";"Qosmio F60-15D";"Main";308
"PSK3JE-05L00JEN";"Satellite L670D-146";"Main";593
"PT31LE-01300KG3";"Satellite R630-144";"Main";121
"PSK3EE-07X00LEN";"Satellite L670-1KN";"Main";420
"PSAY3E-00K00GEP";"Satellite P755-103";"Main";577
"K55VM-SX031V";"K55VM-SX031V";"Main";356
"PSBY3E-001002GR";"Satellite P775-100";"Main";782
"B6M23EA";"ProBook 4740s Notebook PC";"Main";684
"PSAY3E-00L00YN5";"Satellite P750-103";"Main";84
"PSAY3E-01Y00KGR";"Satellite P750-10Q";"Main";923
"B0Y64EA";"ProBook 4540s Notebook PC";"Main";470
"B4H22EA#ABU";"Pavilion g6-2033sa Notebook PC";"Main";766
"PSKBLE-003005EN";"Satellite L875-10G";"Main";235
"PSK2YE-00M015GR";"Satellite L755-10D";"Main";329
"B4H20EA#ABU";"Pavilion g6-2030sa Notebook PC";"Main";151
"PSKBLE-003013EN";"Satellite L875-10G";"Main";291
"PSBY3E-01500HEN";"Satellite P775-10K";"Main";552
"B4N62EA#ABU";"Pavilion g6-1313sa Notebook PC";"Main";479
"PSPKBE-025008EN";"Satellite P850-138";"Main";575
"B4N57EA#ABU";"Pavilion g6-1332sa Notebook PC";"Main";403
"B0X53EA#UUZ";"ProBook 4730s Notebook PC";"Main";2
"B0X55EA#UUZ";"ProBook 4730s Notebook PC";"Main";985
"PSK1EE-0CT00REN";"Satellite L650-1PW";"Main";656
"PSK1EE-09S00REN";"Satellite L650-1MV";"Main";246
"PSK00E-0GN019EN";"Satellite L630-16L";"Main";955
"PSK00E-0GM019EN";"Satellite L630-16K";"Main";15
"PSK1JE-0EU00TEN";"Satellite L650-1MX";"Main";473
"PSK1JE-0HU00TEN";"Satellite L650-1PQ";"Main";221
"PSK1NE-03H00MEN";"Satellite L655D-14H";"Main";645
"PT31LE-01T00CEN";"Satellite R630-156";"Main";183
"PT31LE-01J00CEN";"Satellite R630-14R";"Main";862
"PT31LE-01Q00CEN";"Satellite R630-155";"Main";765
"A8W74EA#ABU";"Pavilion g6-1381sa Notebook PC";"Main";217
"A8S58EA#ABU";"Pavilion g6-1347sa Notebook PC";"Main";40
"B0X53EA";"ProBook 4730s Notebook PC";"Main";699
"B1Y17EA#ABU";"Pavilion g6-1391sa Notebook PC";"Main";263
"A6D88EA";"ProBook 4330s Notebook PC";"Main";125
"A8M36EA#ABU";"Pavilion g6-1309sa Notebook PC";"Main";357
"A8J72EA#ABU";"Pavilion g6-1369sa Notebook PC";"Main";414
"LG658EA#ABZ";"ProBook 6560b Notebook PC";"Main";240
"B1Y19EA#ABU";"Pavilion g6-1392sa Notebook PC";"Main";151
"N1K2EUK";"ThinkPad W530";"Main";54
"VG-KBD1500/XC";"VG-KBD1500";"Main";905
"B6J22EA";"Pavilion m6-1075sa Entertainment Notebook PC";"Main";564
"LY450EA";"ProBook 6465b Notebook PC";"Main";534
"B6J35EA";"Pavilion m6-1073ea Entertainment Notebook PC";"Main";116
"LY531EA";"EliteBook 8760w Mobile Workstation";"Main";921
"LY538EA";"EliteBook 8760w Mobile Workstation";"Main";603
"B3R83EA";"Pavilion g7-2150sa Notebook PC";"Main";499
"B8R86EA";"Pavilion g7-2152sa Notebook PC";"Main";365
"B1L84EA";"Pavilion g6-2052sa Notebook PC";"Main";165
"N1K2EMS";"ThinkPad W530";"Main";346
"N1E2VMS";"ThinkPad T530";"Main";119
"LQ583AW#ABE";"ProBook 6560b Notebook PC";"Main";647
"A9W37EA";"Pavilion g6-1304ez Notebook PC";"Main";187
"B0X55EA#BCM";"ProBook 4730s Notebook PC";"Main";650
"PSPGSE-26202HEN";"Satellite P500-1JF";"Main";896
"LG660EA#AKC";"EliteBook 8560w Mobile Workstation";"Main";767
"AMP20EU";"Green Laser Professional Presenter";"Main";771
"PSPGSE-26302HEN";"Satellite P500-1JE";"Main";797
"PSK1KE-043014EN";"Satellite Pro L650-1QH";"Main";896
"LG669EA#ABU";"EliteBook 2560p Notebook PC";"Main";137
"A1C68AV";"ProBook 4540s Base Model Notebook PC";"Main";691
"A5S86AV";"ProBook 4540s Base Model Notebook PC";"Main";62
"A5S18AV";"ProBook 4740s Base Model Notebook PC";"Main";151
"A5S82AV";"ProBook 4540s Base Model Notebook PC";"Main";789
"A5S17AV";"ProBook 4740s Base Model Notebook PC";"Main";601
"B1J45EA";"Pavilion g6-1302ez Notebook PC";"Main";626
"PSPLXE-01P003EN";"Qosmio X870-11Q";"Main";570
"PSKACE-00X018EN";"Satellite L855-10P";"Main";470
"PSKACE-00Q00SEN";"Satellite L855-10W";"Main";304
"PT42KE-00J00EG3";"Satellite R840-125";"Main";25
"NY44YMS";"ThinkPad W520";"Main";490
"NY44YMD";"ThinkPad W520";"Main";424
"NY44YUK";"ThinkPad W520";"Main";838
"NY44YAT";"ThinkPad W520";"Main";480
"A5S20AV";"ProBook 4740s Base Model Notebook PC";"Main";165
"A1J57AV";"ProBook 4540s Base Model Notebook PC";"Main";175
"A5S19AV";"ProBook 4740s Base Model Notebook PC";"Main";156
"LY535EA";"EliteBook 8760w Mobile Workstation";"Main";509
"B5U26AW";"ProBook 6475b Notebook PC";"Main";858
"A5S83AV";"ProBook 4540s Base Model Notebook PC";"Main";952
"A5S84AV";"ProBook 4540s Base Model Notebook PC";"Main";213
"A5S85AV";"ProBook 4540s Base Model Notebook PC";"Main";450
"LG660EA#ABY";"EliteBook 8560w Mobile Workstation";"Main";200
"LG735EA#8GB";"EliteBook 8560p Notebook PC";"Main";997
"LG741EA#6GB";"EliteBook 8460p Notebook PC";"Main";418
"LG743EA#8GB";"EliteBook 8460p Notebook PC";"Main";853
"B1M31EA";"Pavilion dm1-4152sa Entertainment Notebook PC";"Main";214
"LY526EA";"EliteBook 8560w Mobile Workstation";"Main";146
"LY517EA";"EliteBook 8460p Notebook PC (ENERGY STAR)";"Main";141
"LY516EA";"EliteBook 8460p Notebook PC";"Main";921
"B1J76EA";"EliteBook 8460p Notebook PC";"Main";625
"LY508EA";"EliteBook 8460p Notebook PC";"Main";251
"LY424ET";"EliteBook 8460p Notebook PC";"Main";124
"LY518EA";"EliteBook 8460p Notebook PC (ENERGY STAR)";"Main";879
"LG660EA#ABE";"EliteBook 8560w Mobile Workstation";"Main";979
"B1K63EA";"Pavilion dv6-7030ez Entertainment Notebook PC";"Main";431
"B1K61EA";"Pavilion dv6-7050ez Entertainment Notebook PC";"Main";175
"B4D31EA";"Pavilion dv6-7030sz Entertainment Notebook PC";"Main";976
"B3W74EA";"Pavilion dv6-7045sz Entertainment Notebook PC";"Main";525
"B3L02EA";"Pavilion dv6-7045ez Entertainment Notebook PC";"Main";861
"VFY:U7720M2501FR";"U772";"Main";380
"VFY:U7720M2511FR";"U772";"Main";865
"LY452EA";"ProBook 6465b Notebook PC";"Main";144
"A6E24EA";"ProBook 4530s Notebook PC";"Main";641
"UX32VD-R3001V";"ZENBOOK UX32VD-R3001V";"Main";987
"B6W52EA";"ENVY Sleekbook 6-1006ea";"Main";671
"B3Y11EA";"ENVY Ultrabook 4-1010ea";"Main";223
"B3Y15EA";"ENVY Ultrabook 4-1020ea";"Main";561
"B6L07EA";"Pavilion dv7-7104ea Entertainment Notebook PC";"Main";153
"B6J98EA";"Compaq Presario CQ58-152SA Notebook PC";"Main";836
"B3N31EA";"Pavilion dv6-7055sa Entertainment Notebook PC";"Main";467
"B6Q70EA";"Pavilion g6-2001ea Notebook PC";"Main";212
"LY454EA";"ProBook 6465b Notebook PC";"Main";686
"LY521EA";"EliteBook 2560p Notebook PC";"Main";629
"PSAW9E-01F00MGR";"Satellite A665-15M";"Main";171
"PSAW9E-02901TS4";"Satellite A660-1H0";"Main";465
"PQF65E-068019GR";"Qosmio F60-15N";"Main";466
"B3K92EA";"Pavilion dv6-7050sa Entertainment Notebook PC";"Main";525
"59-324808";"Y570";"Main";403
"B5D89EA";"Pavilion g6-2081sa Notebook PC";"Main";67
"NX.V7JEG.001";"43-MG-53214G50Mikk";"Main";533
"LY529EA";"EliteBook 8560w Mobile Workstation";"Main";219
"PSAW9E-01P01MG3";"Satellite A665-168";"Main";255
"LY455EA#AKD?LE877AA#ABB";"EliteBook 2560p Notebook PC";"Main";906
"LY455EA#AKD?ED495AA#ABB";"EliteBook 2560p Notebook PC";"Main";829
"LY428EA#AKD?LE877AA#ABB";"EliteBook 2560p Notebook PC";"Main";834
"LY455EA#AKD?AJ652AA#ABB";"EliteBook 2560p Notebook PC";"Main";262
"LY428EA#AKD?AJ652AA#ABB";"EliteBook 2560p Notebook PC";"Main";616
"LY428EA#AKD?ED495AA#ABB";"EliteBook 2560p Notebook PC";"Main";323
"N1E2UMS";"ThinkPad T530";"Main";191
"B2Y47EA";"Pavilion g6-1334sa Notebook PC";"Main";621
"A9W17EA";"Pavilion g6-1387sa Notebook PC";"Main";83
"B6P82EA";"ProBook 6570b Notebook PC";"Main";995
"AMW5021EU";"AMW5021EU ";"Main";296
"AMW5011EU";"AMW5011EU ";"Main";748
"B6P90EA";"EliteBook 8470p Notebook PC";"Main";382
"PQF75E-03Y01CG3";"Qosmio F750-12D";"Main";258
"B2Y48EA";"Pavilion g6-1336sa Notebook PC";"Main";897
"PQF75E-04R01MGR";"Qosmio F750-11T";"Main";797
"PSBY5E-01X011G3";"Qosmio X770-11D";"Main";794
"B1K25EA";"Pavilion dv7-7050ea Entertainment Notebook PC";"Main";152
"PT320E-09H03GG3";"Portégé R830-189";"Main";269
"B1Z98EA";"Pavilion g6-1311sa Notebook PC";"Main";583
"PQF75E-05Q008EN";"Qosmio F750-12P";"Main";905
"PSC0SE-001004G3";"Satellite C660-12E";"Main";370
"PSC0LE-00300QG3";"Satellite C660-10C";"Main";31
"LY536EA#UUG";"EliteBook 8560w Mobile Workstation";"Main";719
"DOCS2GO";"Docs2GO";"Main";824
"18471";"GXT 35 Wireless Laser Gaming Mouse";"Main";910
"PSC0SE-00200FG3";"Satellite C660-12T";"Main";666
"PSK1SE-060002GR";"Satellite L650D-178";"Main";54
"B6P88EA";"ProBook 6570b Notebook PC";"Main";808
"PSC0NE-001009G3";"Satellite C660-15G";"Main";113
"PSC00E-00P00KAR";"Satellite C640-118";"Main";642
"B0X55EA";"ProBook 4730s Notebook PC";"Main";312
"UX32VD-R4002V";"ZENBOOK UX32VD-R4002V";"Main";155
"A8J72EA";"Pavilion g6-1369sa Notebook PC";"Main";649
"B6Q01EA";"EliteBook 8570p Notebook PC";"Main";343
"A9W18EA";"Pavilion g6-1388sa Notebook PC";"Main";409
"NP530U3B-A02NL";"530U3B-A02NL";"Main";697
"A9W19EA";"Pavilion g6-1347ea Notebook PC";"Main";125
"LG744EA#BH6";"EliteBook 8460p Notebook PC";"Main";535
"LY532EA#ACB";"EliteBook 8760w Mobile Workstation";"Main";406
"NYZ4KAT";"ThinkPad L520";"Main";120
"NYZ4KUK";"ThinkPad L520";"Main";17
"698D799";"W520 Intel 2.6GHZ/3MB 4GB Memoryi 7 processorWin 7 64 bit OS: ENGLISH (US) KB: ENGLISH (UK)";"Main";578
"B6P75EA#AK8";"ProBook 6475b Notebook PC";"Main";930
"PSC0UE-036013GR";"Satellite C660D-16G";"Main";296
"B6P76EA#AK8";"ProBook 6475b Notebook PC";"Main";730
"LG635EA#ABB";"ProBook 6360b Notebook PC";"Main";39
"PSC20E-00F00YG3";"Satellite C660D-17D";"Main";653
"B6P78EA#AK8";"ProBook 6570b Notebook PC";"Main";868
"PSC8AE-00Y002EN";"Satellite C870-134";"Main";420
"B6P70EA#AK8";"ProBook 6470b Notebook PC";"Main";249
"PLL52E-01U00SEN";"Toshiba NB520-10U";"Main";84
"698D804";"ThinkPad W520 i7-2640M processor320GB/7200rpm4GB MemoryNVQuadro1000 Graphics15.6\"HD+ (1600x900)LEDDVD RWBluetooth720p HD Camera 9 Cell BatteryWin 7 Pro 64 Approx. Weight 5.75lb (2.61kg) OS: ENGLISH (US) KB: SWEDISH/FINNISH";"Main";661
"PLL50E-02Y012EN";"Toshiba NB500-11G";"Main";580
"NYS34MD";"ThinkPad L420";"Main";454
"PLL50E-02W012EN";"Toshiba NB500-11E";"Main";189
"PLL50E-02X012EN";"Toshiba NB500-11F";"Main";510
"LG668EA";"EliteBook 2560p Notebook PC";"Main";236
"LW871AW";"EliteBook 8760w Mobile Workstation";"Main";580
"PSAY3E-05W002EN";"Satellite P750-13M";"Main";511
"PSAY3E-07W002EN";"Satellite P750-13L";"Main";296
"B6P68EA#AK8";"ProBook 6470b Notebook PC";"Main";55
"698D803";"ThinkPad W520 i7-2640M processor320GB/7200rpm4GB MemoryNVQuadro1000 Graphics15.6\"HD+ (1600x900)LEDDVD RWBluetooth720p HD Camera 9 Cell BatteryWin 7 Pro 64 Approx. Weight 5.75lb (2.61kg) OS: ENGLISH (US) KB: DANISH";"Main";69
"NYS33MD";"ThinkPad L420";"Main";829
"LQ168AW#ACB";"EliteBook 8460p Notebook PC (ENERGY STAR)";"Main";353
"LW871AW#AKC";"EliteBook 8760w Mobile Workstation";"Main";939
"B1K37EA";"Pavilion dv7-7040ez Entertainment Notebook PC";"Main";797
"B1K41EA";"Pavilion dv7-7037ez Entertainment Notebook PC";"Main";247
"LY528EA#AK8+VB043AA#ABB";"EliteBook 8560w Mobile Workstation";"Main";554
"B1W78EA";"Pavilion dv7-7057ez Entertainment Notebook PC";"Main";674
"B4E01EA";"Pavilion g7-2004ez Notebook PC";"Main";586
"NYZ4KMS";"ThinkPad L520";"Main";360
"B3X71EA";"Pavilion g7-2015sz Notebook PC";"Main";440
"698D823";"ThinkPad W520 i7-2640M processor320GB/7200rpm4GB MemoryNVQuadro1000 Graphics15.6\"HD+ (1600x900)LEDDVD RWBluetooth720p HD Camera 9 Cell BatteryWin 7 Pro 64 Approx. Weight 5.75lb (2.61kg) OS: ENGLISH (US) KB: ENGLISH (US)";"Main";919
"LY527EA#AK8+VB043AA#ABB";"EliteBook 8560w Mobile Workstation";"Main";832
"LY525EA#AK8+VB043AA#ABB";"EliteBook 8560w Mobile Workstation";"Main";470
"LG660EA";"EliteBook 8560w Mobile Workstation";"Main";810
"698D824";"ThinkPad W520 i7-2640M processor320GB/7200rpm4GB MemoryNVQuadro1000 Graphics15.6\"HD+ (1600x900)LEDDVD RWBluetooth720p HD Camera 9 Cell BatteryWin 7 Pro 64 Approx. Weight 5.75lb (2.61kg) OS: ENGLISH (US) KB: ENGLISH (US)";"Main";928
"N1E5XGE";"ThinkPad T530";"Main";602
"LG669EA";"EliteBook 2560p Notebook PC";"Main";522
"LY524EA#AK8+VB043AA#ABB";"EliteBook 8560w Mobile Workstation";"Main";739
"LW871AW#ABY";"EliteBook 8760w Mobile Workstation";"Main";127
"SVE1511F1EW";"SVE1511F1E";"Main";644
"A6M72AW#AK8";"EliteBook 8760w Mobile Workstation";"Main";438
"PSKC8E-04E005EN";"Satellite C855-16M";"Main";152
"PSKC8E-05Q005EN";"Satellite C855-17M";"Main";416
"PSKC8E-01W005EN";"Satellite C855-13F";"Main";381
"PSKC8E-01L005EN";"Satellite C855-12G";"Main";593
"B2Y57EA";"Pavilion g6-1335ea Notebook PC";"Main";547
"PSKC8E-01K005EN";"Satellite C855-12F";"Main";934
"PSKC8E-019005EN";"Satellite C855-12C";"Main";299
"PSKC8E-01G005EN";"Satellite C855-129";"Main";617
"LG670ET#ABU";"EliteBook 8760w Mobile Workstation";"Main";520
"PSKC8E-01F005EN";"Satellite C855-128";"Main";31
"PSKC8E-01E005EN";"Satellite C855-127";"Main";944
"PSPKBE-023008EN";"Satellite P850-12X";"Main";766
"PSKC8E-00U005EN";"Satellite C855-11G";"Main";222
"LY536EA#ABH";"EliteBook 8560w Mobile Workstation";"Main";152
"LY537EA#ABH";"EliteBook 8760w Mobile Workstation";"Main";567
"B1Y17EA";"Pavilion g6-1391sa Notebook PC";"Main";537
"A9W57EA";"Pavilion g6-1362ea Notebook PC";"Main";208
"PSKC8E-02F005EN";"Satellite C855-14R";"Main";245
"LY509EA#UUZ";"EliteBook 8460p Notebook PC";"Main";406
"PSC22E-00X00PGR";"Satellite C660D-1D5";"Main";273
"PT52HE-018009GE";"Satellite R850-1L0";"Main";789
"PSKC8E-00T005EN";"Satellite C855-11F";"Main";950
"PSKC8E-00K005EN";"Satellite C855-10K";"Main";144
"PSKC8E-02H005EN";"Satellite C855-14U";"Main";200
"NYT33MD";"ThinkPad L420";"Main";822
"PSKC8E-00L005EN";"Satellite C855-10M";"Main";448
"PSKC8E-027005EN";"Satellite C855-13T";"Main";499
"PSKC8E-013005EN";"Satellite C850-11C";"Main";247
"B2Y56EA";"Pavilion g6-1334ea Notebook PC";"Main";113
"PSKC8E-015005EN";"Satellite C850-119";"Main";140
"PSKC8E-02G005EN";"Satellite C855-14T";"Main";784
"PSKC8E-025005EN";"Satellite C850-11V";"Main";102
"PSKC8E-00Q005EN";"Satellite C855-10Z";"Main";646
"PTSE0E-0HV052EN";"Tecra A11-103";"Main";425
"PSKC8E-00P005EN";"Satellite C855-10X";"Main";446
"B2Y58EA";"Pavilion g6-1336ea Notebook PC";"Main";227
"PTME1E-01H02HG3";"Tecra M11-16C";"Main";573
"PSK2YE-0RY01MDU";"Satellite L750-20M";"Main";533
"PSK01E-01F010G3";"Satellite Pro L630-15W";"Main";44
"PSK32E-0E200JGR";"Satellite L750D-1FZ";"Main";428
"PSK05E-01201YG3";"Satellite Pro L630-162";"Main";653
"PSK4UE-00X00QFR";"Satellite L755D-11C";"Main";891
"A6M72AW#ABY";"EliteBook 8760w Mobile Workstation";"Main";35
"B5W69AW#ABA";"EliteBook 8470p Notebook PC";"Main";987
"PPM78E-08F00PG3";"Portégé M780-10U";"Main";115
"PSAY3E-033004GR";"Satellite P750-100";"Main";217
"B0X44EA#UUW";"ProBook 4530s Notebook PC";"Main";930
"B4H13EA#ABU";"Pavilion g6-2027sa Notebook PC";"Main";144
"PSK4UE-00S005N5";"Satellite L755D-116";"Main";364
"B4H16EA#ABU";"Pavilion g6-2028sa Notebook PC";"Main";977
"B4H18EA";"Pavilion g6-2029sa Notebook PC";"Main";134
"PSC1YE-03U00MGR";"Satellite C660D-1HC";"Main";442
"PSC20E-017016FR";"Satellite C660D-1GM";"Main";20
"B4H09EA#ABU";"Pavilion g6-2025sa Notebook PC";"Main";888
"PT32LE-027015N5";"Satellite R830-1JU";"Main";882
"B4H11EA#ABU";"Pavilion g6-2026sa Notebook PC";"Main";876
"PSC4AE-02300LGR";"Satellite C670D-12T";"Main";752
"PLL5FE-002008EN";"Toshiba NB550D-108";"Main";993
"PSC4AE-01X013G3";"Satellite C670D-12M";"Main";576
"PLL5FE-004008EN";"Toshiba NB550D-105";"Main";802
"PSK6HE-00K006GR";"Satellite L770-15Q";"Main";525
"PSK3WE-06J007GR";"Satellite L775-19E";"Main";306
"PSK1YE-02G009G3";"Satellite L750-21X";"Main";217
"A9W48EA";"Pavilion g6-1343sa Notebook PC";"Main";341
"B2Y55EA";"Pavilion g6-1337sa Notebook PC";"Main";877
"B1P43EA";"Pavilion g7-2051sa Notebook PC";"Main";857
"LG741ET#ABB";"EliteBook 8460p Notebook PC";"Main";554
"PSK2YE-02W00VTE";"Satellite L755-11V";"Main";105
"PSK4UE-00P002GR";"Satellite L750D-111";"Main";688
"PSK4UE-008009H2";"Satellite L750D-103";"Main";173
"PSC1ZE-004003EN";"Satellite Pro C660D-187";"Main";943
"PSK4YE-00700CPL";"Satellite L750D-10D";"Main";359
"PTME3E-02M034G3";"Tecra M11-16E";"Main";222
"PSK4QE-00E00LGR";"Satellite L755D-117";"Main";754
"B3W46EA#ABU";"Pavilion dv7-7064ea Entertainment Notebook PC";"Main";55
"PSK4UE-00E00JGR";"Satellite L755D-10M";"Main";261
"B3N35EA#ABU";"Pavilion dv6-7061sa Entertainment Notebook PC";"Main";641
"LY486EA#UUG";"ProBook 4530s Notebook PC";"Main";809
"B4D17EA#ABU";"Pavilion dv6-7051sa Entertainment Notebook PC";"Main";888
"PSK4UE-009002GR";"Satellite L750D-10J";"Main";987
"PSK5PE-00500HGR";"Satellite L755D-10C";"Main";514
"NP305U1A-A03DE";"NP305U1A-A03DE";"Main";404
"PSK4YE-00J00HEN";"Satellite L755D-10U";"Main";483
"B1W89EA#ABU";"Pavilion dv7-7062ea Entertainment Notebook PC";"Main";282
"PSK4YE-002006GR";"Satellite L755D-108";"Main";52
"B6P65EA";"ProBook 6360b Notebook PC";"Main";395
"B6P67EA";"ProBook 6560b Notebook PC";"Main";430
"LY538EA#ABH";"EliteBook 8760w Mobile Workstation";"Main";70
"PSAY3E-01N00VTE";"Satellite P755-10G";"Main";247
"B6P66EA";"ProBook 6460b Notebook PC";"Main";683
"PSAY3E-02100QIT";"Satellite P755-10H";"Main";180
"PSK6RE-00700EPL";"Satellite L750-11C";"Main";263
"LG741EA#AKD?VB041AA#ABB";"EliteBook 8460p Notebook PC";"Main";575
"PSAY3E00F00RPL";"P750-10D";"Main";637
"LG741EA#AKD?NZ222AA#ABB";"EliteBook 8460p Notebook PC";"Main";886
"B1S27EA#ABU";"Pavilion g6-2022sa Notebook PC";"Main";30
"B1W88EA";"Pavilion dv7-7061ea Entertainment Notebook PC";"Main";216
"SVE1511J1E/B";"SVE1511J1E";"Main";553
"B1W90EA";"Pavilion dv7-7063ea Entertainment Notebook PC";"Main";944
"PT42QE-002009PL";"Satellite Pro R840-114";"Main";437
"PT52KE-00D00EG3";"Satellite Pro R850-18K";"Main";294
"PT42QE-00300JRU";"Satellite Pro R840-15N";"Main";269
"PSK3XE-00U012G3";"Satellite Pro L770-12P";"Main";944
"PQQ10E-01Y00CEN";"Qosmio DX730-10U";"Main";928
"A8J63EA";"Pavilion g6-1360sa Notebook PC";"Main";622
"PSAY3E-0SG034G3";"Satellite P750-15C";"Main";236
"B1R13EA";"Pavilion g6-1305sa Notebook PC";"Main";786
"PSAY3E-0N8034G3";"Satellite P755-12F";"Main";404
"PT42QE-001005G3";"Satellite Pro R840-101";"Main";844
"PSAY3E-0MP034G3";"Satellite P755-12G";"Main";338
"B1Z97EA";"Pavilion g6-1311ea Notebook PC";"Main";425
"A6D89EA";"ProBook 4330s Notebook PC";"Main";336
"PSBY3E-0H900NGR";"Satellite P775-110";"Main";558
"PSK0CE-04601JG3";"Satellite L735-137";"Main";185
"PSK2YE-0DS00MG3";"Satellite L755-1EM";"Main";898
"PSK1YE-01C009G3";"Satellite L750-1PK";"Main";281
"PSK6RE-01M00QGE";"Satellite L750-1LL";"Main";231
"PSK30E-02000FG3";"Satellite L750-1H3";"Main";435
"PQQ10E-02200CEN";"Qosmio DX730-10P";"Main";912
"PSK1WE-0D5047G3";"Satellite L750-16L";"Main";325
"B1R12EA";"Pavilion g6-1304sa Notebook PC";"Main";862
"PQQ10E-02300CEN";"Qosmio DX730-10Q";"Main";102
"LY532EA#ABZ";"EliteBook 8760w Mobile Workstation";"Main";307
"B1R11EA";"Pavilion g6-1303sa Notebook PC";"Main";523
"NYT4YMD";"ThinkPad L420";"Main";841
"B1R23EA";"Pavilion g6-1307sa Notebook PC";"Main";141
"A8J65EA";"Pavilion g6-1362sa Notebook PC";"Main";459
"PSK3WE-04K015G3";"Satellite L770-13L";"Main";200
"PSK2YE-0FH015GR";"Satellite L750-16U";"Main";280
"PSC40E-00800JG3";"Satellite C670-16F";"Main";290
"PSC3YE-01000XG3";"Satellite C670-162";"Main";772
"SVE1511A1EW";"SVE1511A1E";"Main";618
"LY538EA#ABY";"EliteBook 8760w Mobile Workstation";"Main";291
"B0Y46EA#ABH";"ProBook 4340s Notebook PC";"Main";782
"LY464EA#ABF";"ProBook 4330s Notebook PC";"Main";100
"97-606";"97-606";"Main";2
"97-605";"WorkFit-C";"Main";513
"PSC0QE-02T00CEN";"Satellite C660-1J2";"Main";855
"NTM36FI";"ThinkPad W510";"Main";367
"B1P45EA";"Pavilion g7-2054sa Notebook PC";"Main";860
"B1Y16EA";"Pavilion g6-1391ea Notebook PC";"Main";714
"B0X44EA#AB9";"ProBook 4530s Notebook PC";"Main";424
