sku code;model;shop code;currency;list price;tier;sale price
"NP540U3C-A01IT";"NP540U3C";"SHOP10";"USD";739.83;1;517.88
"NP540U3C-A01IT";"NP540U3C";"SHOP10";"EUR";602.39;1;421.67
"NP540U3C-A01IT";"NP540U3C";"SHOP10";"UAH";5991.14;1;4193.80
"QB643AA#ABB";"C7000";"SHOP10";"USD";1788.05;1;536.42
"QB643AA#ABB";"C7000";"SHOP10";"EUR";1455.89;1;436.77
"QB643AA#ABB";"C7000";"SHOP10";"UAH";14479.63;1;4343.89
"D7C94EA";"p6-2438ef";"SHOP10";"USD";2837.78;1;
"D7C94EA";"p6-2438ef";"SHOP10";"EUR";2310.61;1;
"D7C94EA";"p6-2438ef";"SHOP10";"UAH";22980.34;1;
"SVS1313P9EB";"SVS1313P9E";"SHOP10";"USD";3297.34;1;2308.14
"SVS1313P9EB";"SVS1313P9E";"SHOP10";"EUR";2684.80;1;1879.36
"SVS1313P9EB";"SVS1313P9E";"SHOP10";"UAH";26701.86;1;18691.30
"D2K24EA";"p6-2494ea";"SHOP10";"USD";808.07;1;
"D2K24EA";"p6-2494ea";"SHOP10";"EUR";657.96;1;
"D2K24EA";"p6-2494ea";"SHOP10";"UAH";6543.75;1;
"A0X32AA#ABB";"C6000";"SHOP10";"USD";2803.96;1;
"A0X32AA#ABB";"C6000";"SHOP10";"EUR";2283.07;1;
"A0X32AA#ABB";"C6000";"SHOP10";"UAH";22706.47;1;
"90NTFA122N12115D151Y";"21-CW003H";"SHOP10";"USD";1748.57;1;
"90NTFA122N12115D151Y";"21-CW003H";"SHOP10";"EUR";1423.74;1;
"90NTFA122N12115D151Y";"21-CW003H";"SHOP10";"UAH";14159.92;1;
"BP6230-ITVA24";"BP6230-ITVA24";"SHOP10";"USD";1551.97;1;
"BP6230-ITVA24";"BP6230-ITVA24";"SHOP10";"EUR";1263.66;1;
"BP6230-ITVA24";"BP6230-ITVA24";"SHOP10";"UAH";12567.85;1;
"D7B03EA";"p6-2411er";"SHOP10";"USD";1660.92;1;
"D7B03EA";"p6-2411er";"SHOP10";"EUR";1352.37;1;
"D7B03EA";"p6-2411er";"SHOP10";"UAH";13450.13;1;
"D2L53EA";"p6-2425ep";"SHOP10";"USD";811.35;1;
"D2L53EA";"p6-2425ep";"SHOP10";"EUR";660.63;1;
"D2L53EA";"p6-2425ep";"SHOP10";"UAH";6570.31;1;
"D7B04EA";"p6-2412er";"SHOP10";"USD";569.49;1;
"D7B04EA";"p6-2412er";"SHOP10";"EUR";463.70;1;
"D7B04EA";"p6-2412er";"SHOP10";"UAH";4611.73;1;
"D2L45EA";"p6-2422ep";"SHOP10";"USD";624.78;1;
"D2L45EA";"p6-2422ep";"SHOP10";"EUR";508.72;1;
"D2L45EA";"p6-2422ep";"SHOP10";"UAH";5059.47;1;
"WZ972AA#B13";"Classic Wired Keyboard";"SHOP10";"USD";1735.74;1;
"WZ972AA#B13";"Classic Wired Keyboard";"SHOP10";"EUR";1413.30;1;
"WZ972AA#B13";"Classic Wired Keyboard";"SHOP10";"UAH";14056.02;1;
"H2F48AA#ABB";"X4000";"SHOP10";"USD";3081.09;1;
"H2F48AA#ABB";"X4000";"SHOP10";"EUR";2508.72;1;
"H2F48AA#ABB";"X4000";"SHOP10";"UAH";24950.67;1;
"PSCBAE-02Y00HDU";"C870-1DH";"SHOP10";"USD";2921.81;1;
"PSCBAE-02Y00HDU";"C870-1DH";"SHOP10";"EUR";2379.03;1;
"PSCBAE-02Y00HDU";"C870-1DH";"SHOP10";"UAH";23660.82;1;
"D2K40EA";"p6-2421ep";"SHOP10";"USD";1286.81;1;
"D2K40EA";"p6-2421ep";"SHOP10";"EUR";1047.76;1;
"D2K40EA";"p6-2421ep";"SHOP10";"UAH";10420.59;1;
"D2K38EA";"p6-2420ep";"SHOP10";"USD";2218.54;1;
"D2K38EA";"p6-2420ep";"SHOP10";"EUR";1806.41;1;
"D2K38EA";"p6-2420ep";"SHOP10";"UAH";17965.74;1;
"QY776AA#B13";"USB Keyboard";"SHOP10";"USD";3068.97;1;
"QY776AA#B13";"USB Keyboard";"SHOP10";"EUR";2498.85;1;
"QY776AA#B13";"USB Keyboard";"SHOP10";"UAH";24852.52;1;
"D7C39EA";"p6-2437ef";"SHOP10";"USD";1801.69;1;
"D7C39EA";"p6-2437ef";"SHOP10";"EUR";1466.99;1;
"D7C39EA";"p6-2437ef";"SHOP10";"UAH";14590.09;1;
"90PE2IA22211E1195C0Q";"EB1503-B036E";"SHOP10";"USD";3333.13;1;
"90PE2IA22211E1195C0Q";"EB1503-B036E";"SHOP10";"EUR";2713.94;1;
"90PE2IA22211E1195C0Q";"EB1503-B036E";"SHOP10";"UAH";26991.69;1;
"BV813AA#ABH";"Smart Card CCID Keyboard";"SHOP10";"USD";3089.31;1;926.80
"BV813AA#ABH";"Smart Card CCID Keyboard";"SHOP10";"EUR";2515.42;1;754.63
"BV813AA#ABH";"Smart Card CCID Keyboard";"SHOP10";"UAH";25017.23;1;7505.17
"H2P31AA#ABB";"H2P31AA";"SHOP10";"USD";682.14;1;477.50
"H2P31AA#ABB";"H2P31AA";"SHOP10";"EUR";555.42;1;388.80
"H2P31AA#ABB";"H2P31AA";"SHOP10";"UAH";5523.97;1;3866.78
"C5V25EA";"p6-2377ef";"SHOP10";"USD";2991.24;1;
"C5V25EA";"p6-2377ef";"SHOP10";"EUR";2435.56;1;
"C5V25EA";"p6-2377ef";"SHOP10";"UAH";24223.06;1;
"EKD-K14DWEG";"EKD-K14";"SHOP10";"USD";3057.42;1;
"EKD-K14DWEG";"EKD-K14";"SHOP10";"EUR";2489.45;1;
"EKD-K14DWEG";"EKD-K14";"SHOP10";"UAH";24758.99;1;
"FQ480AA#ABB";"Wireless Elite Keyboard";"SHOP10";"USD";2180.08;1;
"FQ480AA#ABB";"Wireless Elite Keyboard";"SHOP10";"EUR";1775.09;1;
"FQ480AA#ABB";"Wireless Elite Keyboard";"SHOP10";"UAH";17654.29;1;
"C5W03EA";"p6-2378ef";"SHOP10";"USD";969.45;1;
"C5W03EA";"p6-2378ef";"SHOP10";"EUR";789.36;1;
"C5W03EA";"p6-2378ef";"SHOP10";"UAH";7850.61;1;
"678237-421";"ML350p Gen8";"SHOP10";"USD";662.25;1;
"678237-421";"ML350p Gen8";"SHOP10";"EUR";539.23;1;
"678237-421";"ML350p Gen8";"SHOP10";"UAH";5362.90;1;
"C5V27EA";"p6-2398ef";"SHOP10";"USD";3021.49;1;
"C5V27EA";"p6-2398ef";"SHOP10";"EUR";2460.19;1;
"C5V27EA";"p6-2398ef";"SHOP10";"UAH";24468.03;1;
"LQ083AA#ABB";"Wi-Fi Mobile Mouse";"SHOP10";"USD";3133.47;1;
"LQ083AA#ABB";"Wi-Fi Mobile Mouse";"SHOP10";"EUR";2551.37;1;
"LQ083AA#ABB";"Wi-Fi Mobile Mouse";"SHOP10";"UAH";25374.84;1;
"D5A56EA";"15-b177ed Sleekbook";"SHOP10";"USD";2333.85;1;
"D5A56EA";"15-b177ed Sleekbook";"SHOP10";"EUR";1900.30;1;
"D5A56EA";"15-b177ed Sleekbook";"SHOP10";"UAH";18899.52;1;
"D4M23EA";"14-b106ed";"SHOP10";"USD";3319.89;1;995.97
"D4M23EA";"14-b106ed";"SHOP10";"EUR";2703.16;1;810.95
"D4M23EA";"14-b106ed";"SHOP10";"UAH";26884.47;1;8065.34
"XE500T1C-A03IT";"XE500T1C";"SHOP10";"USD";1053.77;1;
"XE500T1C-A03IT";"XE500T1C";"SHOP10";"EUR";858.01;1;
"XE500T1C-A03IT";"XE500T1C";"SHOP10";"UAH";8533.43;1;
"C0U51EA#ABH";"11-g000ed";"SHOP10";"USD";2789.37;1;
"C0U51EA#ABH";"11-g000ed";"SHOP10";"EUR";2271.19;1;
"C0U51EA#ABH";"11-g000ed";"SHOP10";"UAH";22588.32;1;
"100N02884";"5460";"SHOP10";"USD";3454.70;1;
"100N02884";"5460";"SHOP10";"EUR";2812.93;1;
"100N02884";"5460";"SHOP10";"UAH";27976.16;1;
"SVE1713S1EW";"SVE1713S1E";"SHOP10";"USD";2119.17;1;
"SVE1713S1EW";"SVE1713S1E";"SHOP10";"EUR";1725.50;1;
"SVE1713S1EW";"SVE1713S1E";"SHOP10";"UAH";17161.04;1;
"D2Q02EA";"p6-2425elm";"SHOP10";"USD";1261.89;1;
"D2Q02EA";"p6-2425elm";"SHOP10";"EUR";1027.47;1;
"D2Q02EA";"p6-2425elm";"SHOP10";"UAH";10218.79;1;
"C5V40EA";"p6-2394ef";"SHOP10";"USD";1655.22;1;
"C5V40EA";"p6-2394ef";"SHOP10";"EUR";1347.73;1;
"C5V40EA";"p6-2394ef";"SHOP10";"UAH";13403.97;1;
"E6A56EA";"15-j009ss";"SHOP10";"USD";1226.65;1;
"E6A56EA";"15-j009ss";"SHOP10";"EUR";998.78;1;
"E6A56EA";"15-j009ss";"SHOP10";"UAH";9933.41;1;
"D2J80EA";"p6-2403el";"SHOP10";"USD";1581.19;1;
"D2J80EA";"p6-2403el";"SHOP10";"EUR";1287.46;1;
"D2J80EA";"p6-2403el";"SHOP10";"UAH";12804.48;1;
"MOP-57";"MOP-57";"SHOP10";"USD";1435.46;1;
"MOP-57";"MOP-57";"SHOP10";"EUR";1168.80;1;
"MOP-57";"MOP-57";"SHOP10";"UAH";11624.36;1;
"C5V77EA";"p6-2379ef";"SHOP10";"USD";634.30;1;
"C5V77EA";"p6-2379ef";"SHOP10";"EUR";516.47;1;
"C5V77EA";"p6-2379ef";"SHOP10";"UAH";5136.56;1;
"7158F4G";"3630 M4";"SHOP10";"USD";976.51;1;
"7158F4G";"3630 M4";"SHOP10";"EUR";795.11;1;
"7158F4G";"3630 M4";"SHOP10";"UAH";7907.78;1;
"BV813AA#ABB";"Smart Card CCID Keyboard";"SHOP10";"USD";2382.61;1;
"BV813AA#ABB";"Smart Card CCID Keyboard";"SHOP10";"EUR";1940.00;1;
"BV813AA#ABB";"Smart Card CCID Keyboard";"SHOP10";"UAH";19294.38;1;
"C5V07EA";"p6-2380ef";"SHOP10";"USD";524.70;1;
"C5V07EA";"p6-2380ef";"SHOP10";"EUR";427.23;1;
"C5V07EA";"p6-2380ef";"SHOP10";"UAH";4249.02;1;
"D7B42EA";"p6-2436eg";"SHOP10";"USD";1827.87;1;
"D7B42EA";"p6-2436eg";"SHOP10";"EUR";1488.31;1;
"D7B42EA";"p6-2436eg";"SHOP10";"UAH";14802.09;1;
"H5X75AA";"p6-2460kr";"SHOP10";"USD";1481.50;1;
"H5X75AA";"p6-2460kr";"SHOP10";"EUR";1206.28;1;
"H5X75AA";"p6-2460kr";"SHOP10";"UAH";11997.19;1;
"100N02872";"DocuMate 4830";"SHOP10";"USD";1600.47;1;
"100N02872";"DocuMate 4830";"SHOP10";"EUR";1303.15;1;
"100N02872";"DocuMate 4830";"SHOP10";"UAH";12960.61;1;
"90NBHA138S29245D425U";"X55A-SX093H";"SHOP10";"USD";1054.34;1;
"90NBHA138S29245D425U";"X55A-SX093H";"SHOP10";"EUR";858.48;1;
"90NBHA138S29245D425U";"X55A-SX093H";"SHOP10";"UAH";8538.05;1;
"D7C72EA";"p6-2451es";"SHOP10";"USD";1971.29;1;
"D7C72EA";"p6-2451es";"SHOP10";"EUR";1605.09;1;
"D7C72EA";"p6-2451es";"SHOP10";"UAH";15963.51;1;
"R1208BB4GS9";"R1208BB4GS9";"SHOP10";"USD";2613.13;1;
"R1208BB4GS9";"R1208BB4GS9";"SHOP10";"EUR";2127.69;1;
"R1208BB4GS9";"R1208BB4GS9";"SHOP10";"UAH";21161.13;1;
"D7C73EA";"p6-2453es";"SHOP10";"USD";3364.52;1;
"D7C73EA";"p6-2453es";"SHOP10";"EUR";2739.50;1;
"D7C73EA";"p6-2453es";"SHOP10";"UAH";27245.88;1;
"D2K01EA";"p6-2402er";"SHOP10";"USD";1981.85;1;
"D2K01EA";"p6-2402er";"SHOP10";"EUR";1613.69;1;
"D2K01EA";"p6-2402er";"SHOP10";"UAH";16049.02;1;
"H2216LPQKR";"H2216LPQKR";"SHOP10";"USD";3349.01;1;
"H2216LPQKR";"H2216LPQKR";"SHOP10";"EUR";2726.87;1;
"H2216LPQKR";"H2216LPQKR";"SHOP10";"UAH";27120.28;1;
"D2L62EA";"p6-2407er";"SHOP10";"USD";1126.72;1;
"D2L62EA";"p6-2407er";"SHOP10";"EUR";917.41;1;
"D2L62EA";"p6-2407er";"SHOP10";"UAH";9124.18;1;
"D2P43EA";"p6-2420ezm";"SHOP10";"USD";3309.25;1;
"D2P43EA";"p6-2420ezm";"SHOP10";"EUR";2694.50;1;
"D2P43EA";"p6-2420ezm";"SHOP10";"UAH";26798.31;1;
"001755-SKU4";"CR70-i545";"SHOP10";"USD";514.62;1;
"001755-SKU4";"CR70-i545";"SHOP10";"EUR";419.02;1;
"001755-SKU4";"CR70-i545";"SHOP10";"UAH";4167.39;1;
"D2P90EA";"p6-2410elm";"SHOP10";"USD";2682.58;1;
"D2P90EA";"p6-2410elm";"SHOP10";"EUR";2184.24;1;
"D2P90EA";"p6-2410elm";"SHOP10";"UAH";21723.53;1;
"7966800";"VGP-BMS20-Black";"SHOP10";"USD";3058.11;1;
"7966800";"VGP-BMS20-Black";"SHOP10";"EUR";2490.01;1;
"7966800";"VGP-BMS20-Black";"SHOP10";"UAH";24764.57;1;
"7966801";"VGP-BMS20-Orange";"SHOP10";"USD";3058.11;1;
"7966801";"VGP-BMS20-Orange";"SHOP10";"EUR";2490.01;1;
"7966801";"VGP-BMS20-Orange";"SHOP10";"UAH";24764.57;1;
"7966802";"VGP-BMS20-White";"SHOP10";"USD";3058.11;1;
"7966802";"VGP-BMS20-White";"SHOP10";"EUR";2490.01;1;
"7966802";"VGP-BMS20-White";"SHOP10";"UAH";24764.57;1;
"7966803";"VGP-BMS20-Blue";"SHOP10";"USD";3058.11;1;
"7966803";"VGP-BMS20-Blue";"SHOP10";"EUR";2490.01;1;
"7966803";"VGP-BMS20-Blue";"SHOP10";"UAH";24764.57;1;
"D2L08EA";"p6-2480ea";"SHOP10";"USD";647.31;1;
"D2L08EA";"p6-2480ea";"SHOP10";"EUR";527.06;1;
"D2L08EA";"p6-2480ea";"SHOP10";"UAH";5241.92;1;
"WZ972AA#ABH";"Classic Wired Keyboard";"SHOP10";"USD";1232.52;1;
"WZ972AA#ABH";"Classic Wired Keyboard";"SHOP10";"EUR";1003.56;1;
"WZ972AA#ABH";"Classic Wired Keyboard";"SHOP10";"UAH";9980.95;1;
"H3T50AA#ABB";"X4000b";"SHOP10";"USD";3003.79;1;901.14
"H3T50AA#ABB";"X4000b";"SHOP10";"EUR";2445.78;1;733.73
"H3T50AA#ABB";"X4000b";"SHOP10";"UAH";24324.69;1;7297.41
"D2L61EA";"p6-2406er";"SHOP10";"USD";755.82;1;
"D2L61EA";"p6-2406er";"SHOP10";"EUR";615.41;1;
"D2L61EA";"p6-2406er";"SHOP10";"UAH";6120.63;1;
"D2L63EA";"p6-2408er";"SHOP10";"USD";2185.45;1;
"D2L63EA";"p6-2408er";"SHOP10";"EUR";1779.46;1;
"D2L63EA";"p6-2408er";"SHOP10";"UAH";17697.77;1;
"D2L60EA";"p6-2405er";"SHOP10";"USD";3108.76;1;
"D2L60EA";"p6-2405er";"SHOP10";"EUR";2531.25;1;
"D2L60EA";"p6-2405er";"SHOP10";"UAH";25174.74;1;
"D2L64EA";"p6-2409er";"SHOP10";"USD";1159.16;1;
"D2L64EA";"p6-2409er";"SHOP10";"EUR";943.83;1;
"D2L64EA";"p6-2409er";"SHOP10";"UAH";9386.88;1;
"PSCC2E-00T00SIT";"C850D-11P";"SHOP10";"USD";1537.02;1;
"PSCC2E-00T00SIT";"C850D-11P";"SHOP10";"EUR";1251.49;1;
"PSCC2E-00T00SIT";"C850D-11P";"SHOP10";"UAH";12446.79;1;
"SM-P605ZKAITV";"10.1 2014 Edition";"SHOP10";"USD";637.63;1;
"SM-P605ZKAITV";"10.1 2014 Edition";"SHOP10";"EUR";519.18;1;
"SM-P605ZKAITV";"10.1 2014 Edition";"SHOP10";"UAH";5163.53;1;
"S26381-K520-L111";"KB520, HU";"SHOP10";"USD";2730.16;1;
"S26381-K520-L111";"KB520, HU";"SHOP10";"EUR";2222.98;1;
"S26381-K520-L111";"KB520, HU";"SHOP10";"UAH";22108.84;1;
"100N02883";"5445";"SHOP10";"USD";1253.65;1;
"100N02883";"5445";"SHOP10";"EUR";1020.76;1;
"100N02883";"5445";"SHOP10";"UAH";10152.06;1;
"XV422AA#ABB";"XV422AA#ABB";"SHOP10";"USD";1138.38;1;
"XV422AA#ABB";"XV422AA#ABB";"SHOP10";"EUR";926.91;1;
"XV422AA#ABB";"XV422AA#ABB";"SHOP10";"UAH";9218.60;1;
"18798";"Gusy Wireless Ultra-thin Keyboard with mouse";"SHOP10";"USD";690.69;1;
"18798";"Gusy Wireless Ultra-thin Keyboard with mouse";"SHOP10";"EUR";562.38;1;
"18798";"Gusy Wireless Ultra-thin Keyboard with mouse";"SHOP10";"UAH";5593.21;1;
"D7A97EA";"p6-2488ea";"SHOP10";"USD";705.53;1;
"D7A97EA";"p6-2488ea";"SHOP10";"EUR";574.47;1;
"D7A97EA";"p6-2488ea";"SHOP10";"UAH";5713.38;1;
"90NB0072-M01980";"TX300CA-C4023H";"SHOP10";"USD";1116.98;1;
"90NB0072-M01980";"TX300CA-C4023H";"SHOP10";"EUR";909.48;1;
"90NB0072-M01980";"TX300CA-C4023H";"SHOP10";"UAH";9045.30;1;
"QY449AT";"QY449AT";"SHOP10";"USD";1617.39;1;
"QY449AT";"QY449AT";"SHOP10";"EUR";1316.93;1;
"QY449AT";"QY449AT";"SHOP10";"UAH";13097.62;1;
"D7A04EA";"p6-2407es";"SHOP10";"USD";619.23;1;
"D7A04EA";"p6-2407es";"SHOP10";"EUR";504.20;1;
"D7A04EA";"p6-2407es";"SHOP10";"UAH";5014.52;1;
"H3T50AA";"X4000b";"SHOP10";"USD";1283.62;1;
"H3T50AA";"X4000b";"SHOP10";"EUR";1045.16;1;
"H3T50AA";"X4000b";"SHOP10";"UAH";10394.75;1;
"QY776A6#B13";"USB (Bulk Pack 14) Keyboard, EN";"SHOP10";"USD";1062.69;1;
"QY776A6#B13";"USB (Bulk Pack 14) Keyboard, EN";"SHOP10";"EUR";865.28;1;
"QY776A6#B13";"USB (Bulk Pack 14) Keyboard, EN";"SHOP10";"UAH";8605.66;1;
"QY449AA#B13";"Wireless Keyboard And Mouse";"SHOP10";"USD";3057.55;1;
"QY449AA#B13";"Wireless Keyboard And Mouse";"SHOP10";"EUR";2489.56;1;
"QY449AA#B13";"Wireless Keyboard And Mouse";"SHOP10";"UAH";24760.04;1;
"NP3530EC-T01FR";"NP3530EC";"SHOP10";"USD";2026.74;1;
"NP3530EC-T01FR";"NP3530EC";"SHOP10";"EUR";1650.24;1;
"NP3530EC-T01FR";"NP3530EC";"SHOP10";"UAH";16412.54;1;
"QD949AA#ABB";"Slim Keyboard";"SHOP10";"USD";1066.92;1;
"QD949AA#ABB";"Slim Keyboard";"SHOP10";"EUR";868.72;1;
"QD949AA#ABB";"Slim Keyboard";"SHOP10";"UAH";8639.92;1;
"C1S40EA#ABH";"TouchSmart 15-4000ed";"SHOP10";"USD";2848.23;1;
"C1S40EA#ABH";"TouchSmart 15-4000ed";"SHOP10";"EUR";2319.12;1;
"C1S40EA#ABH";"TouchSmart 15-4000ed";"SHOP10";"UAH";23064.97;1;
"H2F39AA#ABB";"X4000";"SHOP10";"USD";1620.41;1;
"H2F39AA#ABB";"X4000";"SHOP10";"EUR";1319.39;1;
"H2F39AA#ABB";"X4000";"SHOP10";"UAH";13122.08;1;
"H4H94AA";"p6-2430jp";"SHOP10";"USD";1303.85;1;
"H4H94AA";"p6-2430jp";"SHOP10";"EUR";1061.64;1;
"H4H94AA";"p6-2430jp";"SHOP10";"UAH";10558.58;1;
"H5X74AA";"p6-2470kr";"SHOP10";"USD";905.59;1;
"H5X74AA";"p6-2470kr";"SHOP10";"EUR";737.36;1;
"H5X74AA";"p6-2470kr";"SHOP10";"UAH";7333.47;1;
"BR376AA";"BR376AA";"SHOP10";"USD";2820.74;1;
"BR376AA";"BR376AA";"SHOP10";"EUR";2296.74;1;
"BR376AA";"BR376AA";"SHOP10";"UAH";22842.35;1;
"H2F43AA#ABB";"X4000";"SHOP10";"USD";567.54;1;
"H2F43AA#ABB";"X4000";"SHOP10";"EUR";462.11;1;
"H2F43AA#ABB";"X4000";"SHOP10";"UAH";4595.94;1;
"H2F42AA#ABB";"X4000";"SHOP10";"USD";1281.24;1;
"H2F42AA#ABB";"X4000";"SHOP10";"EUR";1043.23;1;
"H2F42AA#ABB";"X4000";"SHOP10";"UAH";10375.48;1;
"H2F41AA#ABB";"X4000";"SHOP10";"USD";2554.87;1;1788.41
"H2F41AA#ABB";"X4000";"SHOP10";"EUR";2080.26;1;1456.18
"H2F41AA#ABB";"X4000";"SHOP10";"UAH";20689.34;1;14482.54
"D7C01EA";"p6-2436ef";"SHOP10";"USD";2271.50;1;
"D7C01EA";"p6-2436ef";"SHOP10";"EUR";1849.53;1;
"D7C01EA";"p6-2436ef";"SHOP10";"UAH";18394.61;1;
"H2F40AA#ABB";"X4000";"SHOP10";"USD";543.48;1;
"H2F40AA#ABB";"X4000";"SHOP10";"EUR";442.52;1;
"H2F40AA#ABB";"X4000";"SHOP10";"UAH";4401.10;1;
"1666755601";"15-b100ed Sleekbook";"SHOP10";"USD";1153.27;1;
"1666755601";"15-b100ed Sleekbook";"SHOP10";"EUR";939.03;1;
"1666755601";"15-b100ed Sleekbook";"SHOP10";"UAH";9339.18;1;
"1666755602";"15-b100ed Sleekbook";"SHOP10";"USD";1153.27;1;
"1666755602";"15-b100ed Sleekbook";"SHOP10";"EUR";939.03;1;
"1666755602";"15-b100ed Sleekbook";"SHOP10";"UAH";9339.18;1;
"D2Z09EA";"14-b102ed";"SHOP10";"USD";1572.95;1;
"D2Z09EA";"14-b102ed";"SHOP10";"EUR";1280.75;1;
"D2Z09EA";"14-b102ed";"SHOP10";"UAH";12737.75;1;
"E2T54EA";"15-j009eo";"SHOP10";"USD";1956.93;1;
"E2T54EA";"15-j009eo";"SHOP10";"EUR";1593.40;1;
"E2T54EA";"15-j009eo";"SHOP10";"UAH";15847.22;1;
"E5K33EA";"15-j019so";"SHOP10";"USD";2431.69;1;
"E5K33EA";"15-j019so";"SHOP10";"EUR";1979.96;1;
"E5K33EA";"15-j019so";"SHOP10";"UAH";19691.83;1;
"D7B63EA";"p6-2466ef";"SHOP10";"USD";2792.66;1;
"D7B63EA";"p6-2466ef";"SHOP10";"EUR";2273.87;1;
"D7B63EA";"p6-2466ef";"SHOP10";"UAH";22614.96;1;
"PSPLZE-07T00JFR";"X870-15T";"SHOP10";"USD";3261.14;1;978.34
"PSPLZE-07T00JFR";"X870-15T";"SHOP10";"EUR";2655.32;1;796.60
"PSPLZE-07T00JFR";"X870-15T";"SHOP10";"UAH";26408.71;1;7922.61
"D4L57EA#ABH";"m6-1223ed";"SHOP10";"USD";3241.63;1;
"D4L57EA#ABH";"m6-1223ed";"SHOP10";"EUR";2639.44;1;
"D4L57EA#ABH";"m6-1223ed";"SHOP10";"UAH";26250.72;1;
"D5P00EA#ABH";"15-b102ed Sleekbook";"SHOP10";"USD";2370.69;1;
"D5P00EA#ABH";"15-b102ed Sleekbook";"SHOP10";"EUR";1930.29;1;
"D5P00EA#ABH";"15-b102ed Sleekbook";"SHOP10";"UAH";19197.85;1;
"D7C22EA";"p6-2434ef";"SHOP10";"USD";3361.12;1;
"D7C22EA";"p6-2434ef";"SHOP10";"EUR";2736.73;1;
"D7C22EA";"p6-2434ef";"SHOP10";"UAH";27218.35;1;
"D2G54EA#ABH";"15-b101sd Sleekbook";"SHOP10";"USD";718.27;1;
"D2G54EA#ABH";"15-b101sd Sleekbook";"SHOP10";"EUR";584.84;1;
"D2G54EA#ABH";"15-b101sd Sleekbook";"SHOP10";"UAH";5816.55;1;
"PT530E-00X00CCE";"R950-11H";"SHOP10";"USD";3375.05;1;
"PT530E-00X00CCE";"R950-11H";"SHOP10";"EUR";2748.07;1;
"PT530E-00X00CCE";"R950-11H";"SHOP10";"UAH";27331.15;1;
"D4Z65EA#ABH";"15-b100ed Sleekbook";"SHOP10";"USD";2293.25;1;
"D4Z65EA#ABH";"15-b100ed Sleekbook";"SHOP10";"EUR";1867.24;1;
"D4Z65EA#ABH";"15-b100ed Sleekbook";"SHOP10";"UAH";18570.74;1;
"19441";"Isotto Wireless Mouse for Windows 8";"SHOP10";"USD";1330.40;1;
"19441";"Isotto Wireless Mouse for Windows 8";"SHOP10";"EUR";1083.25;1;
"19441";"Isotto Wireless Mouse for Windows 8";"SHOP10";"UAH";10773.58;1;
"D1N70EA#ABH";"11-g033ed";"SHOP10";"USD";1477.88;1;
"D1N70EA#ABH";"11-g033ed";"SHOP10";"EUR";1203.34;1;
"D1N70EA#ABH";"11-g033ed";"SHOP10";"UAH";11967.87;1;
"D2L97EA";"p6-2493ef";"SHOP10";"USD";886.64;1;
"D2L97EA";"p6-2493ef";"SHOP10";"EUR";721.93;1;
"D2L97EA";"p6-2493ef";"SHOP10";"UAH";7180.01;1;
"D2Q41EA";"p6-2421efm";"SHOP10";"USD";1950.87;1;
"D2Q41EA";"p6-2421efm";"SHOP10";"EUR";1588.46;1;
"D2Q41EA";"p6-2421efm";"SHOP10";"UAH";15798.15;1;
"PSCBWE-04W00WGR";"C850-1DH";"SHOP10";"USD";2465.27;1;
"PSCBWE-04W00WGR";"C850-1DH";"SHOP10";"EUR";2007.30;1;
"PSCBWE-04W00WGR";"C850-1DH";"SHOP10";"UAH";19963.76;1;
"BV813AA#B13";"Smart Card CCID Keyboard";"SHOP10";"USD";1523.64;1;
"BV813AA#B13";"Smart Card CCID Keyboard";"SHOP10";"EUR";1240.60;1;
"BV813AA#B13";"Smart Card CCID Keyboard";"SHOP10";"UAH";12338.44;1;
"D2L65EA";"p6-2410er";"SHOP10";"USD";1796.23;1;
"D2L65EA";"p6-2410er";"SHOP10";"EUR";1462.55;1;
"D2L65EA";"p6-2410er";"SHOP10";"UAH";14545.87;1;
"WX406AA#ABB";"WX406AA#ABB";"SHOP10";"USD";2990.31;1;
"WX406AA#ABB";"WX406AA#ABB";"SHOP10";"EUR";2434.81;1;
"WX406AA#ABB";"WX406AA#ABB";"SHOP10";"UAH";24215.53;1;
"PSKG8E-04L00MFR";"L850-1MT";"SHOP10";"USD";810.34;1;
"PSKG8E-04L00MFR";"L850-1MT";"SHOP10";"EUR";659.80;1;
"PSKG8E-04L00MFR";"L850-1MT";"SHOP10";"UAH";6562.13;1;
"D7C11EA";"p6-2441el";"SHOP10";"USD";1824.52;1;
"D7C11EA";"p6-2441el";"SHOP10";"EUR";1485.58;1;
"D7C11EA";"p6-2441el";"SHOP10";"UAH";14774.96;1;
"SVE1513H4EB";"SVE151H4EB";"SHOP10";"USD";3344.22;1;
"SVE1513H4EB";"SVE151H4EB";"SHOP10";"EUR";2722.97;1;
"SVE1513H4EB";"SVE151H4EB";"SHOP10";"UAH";27081.49;1;
"PSCBWE-07500PFR";"C855-20M";"SHOP10";"USD";1640.44;1;820.22
"PSCBWE-07500PFR";"C855-20M";"SHOP10";"EUR";1335.70;1;667.85
"PSCBWE-07500PFR";"C855-20M";"SHOP10";"UAH";13284.28;1;6642.14
"H2C22AA#ABB";"X3000";"SHOP10";"USD";3426.18;1;
"H2C22AA#ABB";"X3000";"SHOP10";"EUR";2789.71;1;
"H2C22AA#ABB";"X3000";"SHOP10";"UAH";27745.21;1;
"PSCC2E-00800KFR";"C850D-119";"SHOP10";"USD";3368.10;1;
"PSCC2E-00800KFR";"C850D-119";"SHOP10";"EUR";2742.41;1;
"PSCC2E-00800KFR";"C850D-119";"SHOP10";"UAH";27274.87;1;
"H2F47AA#ABB";"X4000";"SHOP10";"USD";2813.55;1;
"H2F47AA#ABB";"X4000";"SHOP10";"EUR";2290.88;1;
"H2F47AA#ABB";"X4000";"SHOP10";"UAH";22784.13;1;
"SVE1713A4EB";"SVE1713A4EB";"SHOP10";"USD";1151.62;1;
"SVE1713A4EB";"SVE1713A4EB";"SHOP10";"EUR";937.69;1;
"SVE1713A4EB";"SVE1713A4EB";"SHOP10";"UAH";9325.82;1;
"SVS1513A4EB";"SVS1513A4EB";"SHOP10";"USD";1406.94;1;
"SVS1513A4EB";"SVS1513A4EB";"SHOP10";"EUR";1145.58;1;
"SVS1513A4EB";"SVS1513A4EB";"SHOP10";"UAH";11393.40;1;
"SVS13A3A4ES";"SVS13A3A4ES";"SHOP10";"USD";3143.10;1;1571.55
"SVS13A3A4ES";"SVS13A3A4ES";"SHOP10";"EUR";2559.21;1;1279.61
"SVS13A3A4ES";"SVS13A3A4ES";"SHOP10";"UAH";25452.82;1;12726.41
"D7C44EA";"p6-2455eb";"SHOP10";"USD";2094.97;1;
"D7C44EA";"p6-2455eb";"SHOP10";"EUR";1705.79;1;
"D7C44EA";"p6-2455eb";"SHOP10";"UAH";16965.07;1;
"E6A52EA";"15-j005ss";"SHOP10";"USD";944.86;1;
"E6A52EA";"15-j005ss";"SHOP10";"EUR";769.34;1;
"E6A52EA";"15-j005ss";"SHOP10";"UAH";7651.48;1;
"D4L72EA";"TouchSmart 15-b105ed Sleekbook";"SHOP10";"USD";2582.86;1;
"D4L72EA";"TouchSmart 15-b105ed Sleekbook";"SHOP10";"EUR";2103.05;1;
"D4L72EA";"TouchSmart 15-b105ed Sleekbook";"SHOP10";"UAH";20916.00;1;
"D2G54EA";"15-b101sd Sleekbook";"SHOP10";"USD";3064.68;1;
"D2G54EA";"15-b101sd Sleekbook";"SHOP10";"EUR";2495.36;1;
"D2G54EA";"15-b101sd Sleekbook";"SHOP10";"UAH";24817.78;1;
"D5A57EA";"15-b171sd";"SHOP10";"USD";3463.27;1;
"D5A57EA";"15-b171sd";"SHOP10";"EUR";2819.91;1;
"D5A57EA";"15-b171sd";"SHOP10";"UAH";28045.56;1;
"D5P00EA";"15-b102ed Sleekbook";"SHOP10";"USD";1854.50;1;
"D5P00EA";"15-b102ed Sleekbook";"SHOP10";"EUR";1509.99;1;
"D5P00EA";"15-b102ed Sleekbook";"SHOP10";"UAH";15017.74;1;
"D5A55EA";"15-b172ed";"SHOP10";"USD";630.64;1;
"D5A55EA";"15-b172ed";"SHOP10";"EUR";513.49;1;
"D5A55EA";"15-b172ed";"SHOP10";"UAH";5106.92;1;
"D7C48EA";"p6-2441ef";"SHOP10";"USD";1343.13;1;
"D7C48EA";"p6-2441ef";"SHOP10";"EUR";1093.62;1;
"D7C48EA";"p6-2441ef";"SHOP10";"UAH";10876.67;1;
"QY449AA";"Wireless Keyboard And Mouse";"SHOP10";"USD";2465.91;1;
"QY449AA";"Wireless Keyboard And Mouse";"SHOP10";"EUR";2007.82;1;
"QY449AA";"Wireless Keyboard And Mouse";"SHOP10";"UAH";19968.94;1;
"D5A42EA";"14-b172ed";"SHOP10";"USD";3383.52;1;
"D5A42EA";"14-b172ed";"SHOP10";"EUR";2754.97;1;
"D5A42EA";"14-b172ed";"SHOP10";"UAH";27399.74;1;
"693362-091";"693362-091";"SHOP10";"USD";2962.02;1;
"693362-091";"693362-091";"SHOP10";"EUR";2411.77;1;
"693362-091";"693362-091";"SHOP10";"UAH";23986.44;1;
"WE790AA#ABB";"WE790AA";"SHOP10";"USD";2016.05;1;
"WE790AA#ABB";"WE790AA";"SHOP10";"EUR";1641.53;1;
"WE790AA#ABB";"WE790AA";"SHOP10";"UAH";16325.97;1;
"H2C21AA#ABB";"H2C21AA";"SHOP10";"USD";3210.71;1;
"H2C21AA#ABB";"H2C21AA";"SHOP10";"EUR";2614.26;1;
"H2C21AA#ABB";"H2C21AA";"SHOP10";"UAH";26000.33;1;
"NP900X4C-A02FR";"NP900X4C";"SHOP10";"USD";1976.66;1;
"NP900X4C-A02FR";"NP900X4C";"SHOP10";"EUR";1609.46;1;
"NP900X4C-A02FR";"NP900X4C";"SHOP10";"UAH";16006.99;1;
"D7B78EA";"p6-2469ef";"SHOP10";"USD";724.76;1;
"D7B78EA";"p6-2469ef";"SHOP10";"EUR";590.12;1;
"D7B78EA";"p6-2469ef";"SHOP10";"UAH";5869.11;1;
"NP900X4D-A02FR";"NP900X4D";"SHOP10";"USD";2961.46;1;
"NP900X4D-A02FR";"NP900X4D";"SHOP10";"EUR";2411.32;1;
"NP900X4D-A02FR";"NP900X4D";"SHOP10";"UAH";23981.90;1;
"598691-041";"598691-041";"SHOP10";"USD";1571.73;1;
"598691-041";"598691-041";"SHOP10";"EUR";1279.75;1;
"598691-041";"598691-041";"SHOP10";"UAH";12727.87;1;
"E6M39EA";"15-j028eo";"SHOP10";"USD";2370.47;1;
"E6M39EA";"15-j028eo";"SHOP10";"EUR";1930.11;1;
"E6M39EA";"15-j028eo";"SHOP10";"UAH";19196.07;1;
"E5K34EA";"15-j020eo";"SHOP10";"USD";1702.52;1;
"E5K34EA";"15-j020eo";"SHOP10";"EUR";1386.25;1;
"E5K34EA";"15-j020eo";"SHOP10";"UAH";13787.01;1;
"D2J73EA";"p6-2400ew";"SHOP10";"USD";710.43;1;
"D2J73EA";"p6-2400ew";"SHOP10";"EUR";578.45;1;
"D2J73EA";"p6-2400ew";"SHOP10";"UAH";5753.06;1;
"XP358AA#ABB";"XP358AA";"SHOP10";"USD";2355.26;1;
"XP358AA#ABB";"XP358AA";"SHOP10";"EUR";1917.73;1;
"XP358AA#ABB";"XP358AA";"SHOP10";"UAH";19072.90;1;
"XP357AA#ABB";"XP357AA";"SHOP10";"USD";558.56;1;
"XP357AA#ABB";"XP357AA";"SHOP10";"EUR";454.80;1;
"XP357AA#ABB";"XP357AA";"SHOP10";"UAH";4523.22;1;
"E3B19PA";"15-j005tu";"SHOP10";"USD";3332.24;1;
"E3B19PA";"15-j005tu";"SHOP10";"EUR";2713.22;1;
"E3B19PA";"15-j005tu";"SHOP10";"UAH";26984.48;1;
"D2G56EA";"15-b103ed Sleekbook";"SHOP10";"USD";2082.28;1;
"D2G56EA";"15-b103ed Sleekbook";"SHOP10";"EUR";1695.46;1;
"D2G56EA";"15-b103ed Sleekbook";"SHOP10";"UAH";16862.30;1;
"LB454AA#ABB";"LB454AA";"SHOP10";"USD";1866.58;1;
"LB454AA#ABB";"LB454AA";"SHOP10";"EUR";1519.83;1;
"LB454AA#ABB";"LB454AA";"SHOP10";"UAH";15115.56;1;
"E4A14EA";"15-j012eo";"SHOP10";"USD";1454.58;1;
"E4A14EA";"15-j012eo";"SHOP10";"EUR";1184.37;1;
"E4A14EA";"15-j012eo";"SHOP10";"UAH";11779.19;1;
"E0K11UA";"15-j031nr";"SHOP10";"USD";2089.59;1;
"E0K11UA";"15-j031nr";"SHOP10";"EUR";1701.41;1;
"E0K11UA";"15-j031nr";"SHOP10";"UAH";16921.50;1;
"D2G52EA";"14-b108ed";"SHOP10";"USD";2910.51;1;
"D2G52EA";"14-b108ed";"SHOP10";"EUR";2369.83;1;
"D2G52EA";"14-b108ed";"SHOP10";"UAH";23569.31;1;
"D4L71EA";"TouchSmart 15-b107ed Sleekbook";"SHOP10";"USD";801.38;1;
"D4L71EA";"TouchSmart 15-b107ed Sleekbook";"SHOP10";"EUR";652.51;1;
"D4L71EA";"TouchSmart 15-b107ed Sleekbook";"SHOP10";"UAH";6489.58;1;
"BR376AA#ABB";"BR376AA";"SHOP10";"USD";2038.18;1;
"BR376AA#ABB";"BR376AA";"SHOP10";"EUR";1659.55;1;
"BR376AA#ABB";"BR376AA";"SHOP10";"UAH";16505.18;1;
"LR918AA#ABB";"LR918AA";"SHOP10";"USD";504.69;1;
"LR918AA#ABB";"LR918AA";"SHOP10";"EUR";410.93;1;
"LR918AA#ABB";"LR918AA";"SHOP10";"UAH";4086.98;1;
"H4A12AA";"p6-2378";"SHOP10";"USD";3422.65;1;
"H4A12AA";"p6-2378";"SHOP10";"EUR";2786.83;1;
"H4A12AA";"p6-2378";"SHOP10";"UAH";27716.62;1;
"D7B62EA";"p6-2440el";"SHOP10";"USD";2413.16;1;
"D7B62EA";"p6-2440el";"SHOP10";"EUR";1964.87;1;
"D7B62EA";"p6-2440el";"SHOP10";"UAH";19541.77;1;
"S26341-F103-L863";"Q802";"SHOP10";"USD";2896.81;1;
"S26341-F103-L863";"Q802";"SHOP10";"EUR";2358.68;1;
"S26341-F103-L863";"Q802";"SHOP10";"UAH";23458.37;1;
"XP355AA#ABB";"XP355AA";"SHOP10";"USD";1569.81;1;
"XP355AA#ABB";"XP355AA";"SHOP10";"EUR";1278.19;1;
"XP355AA#ABB";"XP355AA";"SHOP10";"UAH";12712.32;1;
"OCETC4SCANNER";"Océ TC4 scanner";"SHOP10";"USD";571.58;1;
"OCETC4SCANNER";"Océ TC4 scanner";"SHOP10";"EUR";465.40;1;
"OCETC4SCANNER";"Océ TC4 scanner";"SHOP10";"UAH";4628.65;1;
"D2P71EA";"p6-2421eom";"SHOP10";"USD";1401.80;1;
"D2P71EA";"p6-2421eom";"SHOP10";"EUR";1141.39;1;
"D2P71EA";"p6-2421eom";"SHOP10";"UAH";11351.78;1;
"OCETDS600";"Océ TDS600 Productive Scanner";"SHOP10";"USD";2583.20;1;
"OCETDS600";"Océ TDS600 Productive Scanner";"SHOP10";"EUR";2103.32;1;
"OCETDS600";"Océ TDS600 Productive Scanner";"SHOP10";"UAH";20918.75;1;
"D7A46EA";"p6-2400ec";"SHOP10";"USD";1795.43;1;
"D7A46EA";"p6-2400ec";"SHOP10";"EUR";1461.90;1;
"D7A46EA";"p6-2400ec";"SHOP10";"UAH";14539.39;1;
"D1M24EA#ABH";"15-b198ed";"SHOP10";"USD";3118.31;1;
"D1M24EA#ABH";"15-b198ed";"SHOP10";"EUR";2539.03;1;
"D1M24EA#ABH";"15-b198ed";"SHOP10";"UAH";25252.07;1;
"D7A49EA";"p6-2403ec";"SHOP10";"USD";1830.49;1;
"D7A49EA";"p6-2403ec";"SHOP10";"EUR";1490.44;1;
"D7A49EA";"p6-2403ec";"SHOP10";"UAH";14823.31;1;
"D5A56EA#ABH";"TouchSmart 15-b177ed Sleekbook";"SHOP10";"USD";3020.55;1;
"D5A56EA#ABH";"TouchSmart 15-b177ed Sleekbook";"SHOP10";"EUR";2459.43;1;
"D5A56EA#ABH";"TouchSmart 15-b177ed Sleekbook";"SHOP10";"UAH";24460.41;1;
"XQ500AA#ABB";"XQ500AA";"SHOP10";"USD";806.96;1;
"XQ500AA#ABB";"XQ500AA";"SHOP10";"EUR";657.05;1;
"XQ500AA#ABB";"XQ500AA";"SHOP10";"UAH";6534.76;1;
"D5A55EA#ABH";"15-b172ed";"SHOP10";"USD";586.36;1;
"D5A55EA#ABH";"15-b172ed";"SHOP10";"EUR";477.43;1;
"D5A55EA#ABH";"15-b172ed";"SHOP10";"UAH";4748.34;1;
"D5A57EA#ABH";"15-b171sd";"SHOP10";"USD";3435.24;1;
"D5A57EA#ABH";"15-b171sd";"SHOP10";"EUR";2797.08;1;
"D5A57EA#ABH";"15-b171sd";"SHOP10";"UAH";27818.57;1;
"QY449AT#B13";"QY449AT";"SHOP10";"USD";879.97;1;
"QY449AT#B13";"QY449AT";"SHOP10";"EUR";716.50;1;
"QY449AT#B13";"QY449AT";"SHOP10";"UAH";7126.00;1;
"QY776AT#B13";"USB Keyboard";"SHOP10";"USD";2620.90;1;
"QY776AT#B13";"USB Keyboard";"SHOP10";"EUR";2134.02;1;
"QY776AT#B13";"USB Keyboard";"SHOP10";"UAH";21224.05;1;
"D7C63EA";"p6-2444el";"SHOP10";"USD";2049.34;1;
"D7C63EA";"p6-2444el";"SHOP10";"EUR";1668.64;1;
"D7C63EA";"p6-2444el";"SHOP10";"UAH";16595.56;1;
"D4L71EA#ABH";"TouchSmart 15-b107ed Sleekbook";"SHOP10";"USD";2970.40;1;
"D4L71EA#ABH";"TouchSmart 15-b107ed Sleekbook";"SHOP10";"EUR";2418.59;1;
"D4L71EA#ABH";"TouchSmart 15-b107ed Sleekbook";"SHOP10";"UAH";24054.30;1;
"D4L72EA#ABH";"TouchSmart 15-b105ed Sleekbook";"SHOP10";"USD";2650.47;1;
"D4L72EA#ABH";"TouchSmart 15-b105ed Sleekbook";"SHOP10";"EUR";2158.10;1;
"D4L72EA#ABH";"TouchSmart 15-b105ed Sleekbook";"SHOP10";"UAH";21463.51;1;
"D7C09EA";"p6-2427eg";"SHOP10";"USD";2780.07;1;
"D7C09EA";"p6-2427eg";"SHOP10";"EUR";2263.62;1;
"D7C09EA";"p6-2427eg";"SHOP10";"UAH";22513.01;1;
"D2G56EA#ABH";"15-b103ed Sleekbook";"SHOP10";"USD";2587.21;1;
"D2G56EA#ABH";"15-b103ed Sleekbook";"SHOP10";"EUR";2106.59;1;
"D2G56EA#ABH";"15-b103ed Sleekbook";"SHOP10";"UAH";20951.23;1;
"D2L54EA";"p6-2426ep";"SHOP10";"USD";2309.50;1;
"D2L54EA";"p6-2426ep";"SHOP10";"EUR";1880.47;1;
"D2L54EA";"p6-2426ep";"SHOP10";"UAH";18702.33;1;
"PT43GE-02N028EN";"R940-1FF";"SHOP10";"USD";1640.39;1;
"PT43GE-02N028EN";"R940-1FF";"SHOP10";"EUR";1335.66;1;
"PT43GE-02N028EN";"R940-1FF";"SHOP10";"UAH";13283.88;1;
"D7C40EA";"p6-2432eo";"SHOP10";"USD";2302.96;1;
"D7C40EA";"p6-2432eo";"SHOP10";"EUR";1875.14;1;
"D7C40EA";"p6-2432eo";"SHOP10";"UAH";18649.37;1;
"D7C56EA";"p6-2459ef";"SHOP10";"USD";884.49;1;
"D7C56EA";"p6-2459ef";"SHOP10";"EUR";720.18;1;
"D7C56EA";"p6-2459ef";"SHOP10";"UAH";7162.60;1;
"E4Y00PA";"15-j030tx";"SHOP10";"USD";916.40;1;
"E4Y00PA";"15-j030tx";"SHOP10";"EUR";746.16;1;
"E4Y00PA";"15-j030tx";"SHOP10";"UAH";7421.01;1;
"8683B003";"ScanFront 330";"SHOP10";"USD";2554.32;1;1277.16
"8683B003";"ScanFront 330";"SHOP10";"EUR";2079.81;1;1039.91
"8683B003";"ScanFront 330";"SHOP10";"UAH";20684.88;1;10342.44
"PT534E-03U01EFR";"R950-178";"SHOP10";"USD";2034.88;1;
"PT534E-03U01EFR";"R950-178";"SHOP10";"EUR";1656.86;1;
"PT534E-03U01EFR";"R950-178";"SHOP10";"UAH";16478.46;1;
"LV290AA#ABB";"Wireless Classic Desktop";"SHOP10";"USD";1712.93;1;
"LV290AA#ABB";"Wireless Classic Desktop";"SHOP10";"EUR";1394.72;1;
"LV290AA#ABB";"Wireless Classic Desktop";"SHOP10";"UAH";13871.31;1;
"E6A53EA";"15-j006ss";"SHOP10";"USD";2698.51;1;
"E6A53EA";"15-j006ss";"SHOP10";"EUR";2197.21;1;
"E6A53EA";"15-j006ss";"SHOP10";"UAH";21852.53;1;
"XA965AA#ABB";"XA965AA#ABB";"SHOP10";"USD";3270.86;1;
"XA965AA#ABB";"XA965AA#ABB";"SHOP10";"EUR";2663.24;1;
"XA965AA#ABB";"XA965AA#ABB";"SHOP10";"UAH";26487.42;1;
"D7C87EA";"p6-2472ev";"SHOP10";"USD";1899.55;1;
"D7C87EA";"p6-2472ev";"SHOP10";"EUR";1546.67;1;
"D7C87EA";"p6-2472ev";"SHOP10";"UAH";15382.56;1;
"D7A23EA";"p6-2470ev";"SHOP10";"USD";2970.49;1;
"D7A23EA";"p6-2470ev";"SHOP10";"EUR";2418.67;1;
"D7A23EA";"p6-2470ev";"SHOP10";"UAH";24055.03;1;
"XA964AA#ABB";"XA964AA#ABB";"SHOP10";"USD";2662.47;1;
"XA964AA#ABB";"XA964AA#ABB";"SHOP10";"EUR";2167.87;1;
"XA964AA#ABB";"XA964AA#ABB";"SHOP10";"UAH";21560.68;1;
"D7A16EA";"p6-2410ev";"SHOP10";"USD";1679.00;1;
"D7A16EA";"p6-2410ev";"SHOP10";"EUR";1367.10;1;
"D7A16EA";"p6-2410ev";"SHOP10";"UAH";13596.54;1;
"KY619AA#ABB";"KY619AA";"SHOP10";"USD";2337.14;1;
"KY619AA#ABB";"KY619AA";"SHOP10";"EUR";1902.97;1;
"KY619AA#ABB";"KY619AA";"SHOP10";"UAH";18926.16;1;
"H3T50AA#AC3";"H3T50AA";"SHOP10";"USD";509.48;1;
"H3T50AA#AC3";"H3T50AA";"SHOP10";"EUR";414.83;1;
"H3T50AA#AC3";"H3T50AA";"SHOP10";"UAH";4125.77;1;
"D7C04EA";"p6-2465eb";"SHOP10";"USD";1601.75;1;
"D7C04EA";"p6-2465eb";"SHOP10";"EUR";1304.20;1;
"D7C04EA";"p6-2465eb";"SHOP10";"UAH";12970.97;1;
"D1M24EA";"15-b198ed";"SHOP10";"USD";1231.48;1;
"D1M24EA";"15-b198ed";"SHOP10";"EUR";1002.71;1;
"D1M24EA";"15-b198ed";"SHOP10";"UAH";9972.53;1;
"7871C6G";"HS22V";"SHOP10";"USD";3184.75;1;
"7871C6G";"HS22V";"SHOP10";"EUR";2593.13;1;
"7871C6G";"HS22V";"SHOP10";"UAH";25790.11;1;
"GT-P5100GRA";"2 10.1";"SHOP10";"USD";1373.81;1;686.91
"GT-P5100GRA";"2 10.1";"SHOP10";"EUR";1118.60;1;559.3
"GT-P5100GRA";"2 10.1";"SHOP10";"UAH";11125.11;1;5562.56
"PSK01E-01H01NEN";"L630-166";"SHOP10";"USD";2631.92;1;
"PSK01E-01H01NEN";"L630-166";"SHOP10";"EUR";2142.99;1;
"PSK01E-01H01NEN";"L630-166";"SHOP10";"UAH";21313.29;1;
"D7C59EA";"p6-2439ef";"SHOP10";"USD";1636.93;1;
"D7C59EA";"p6-2439ef";"SHOP10";"EUR";1332.84;1;
"D7C59EA";"p6-2439ef";"SHOP10";"UAH";13255.86;1;
"PT23LE-00M00EFR";"Z930-12Q";"SHOP10";"USD";1389.21;1;
"PT23LE-00M00EFR";"Z930-12Q";"SHOP10";"EUR";1131.14;1;
"PT23LE-00M00EFR";"Z930-12Q";"SHOP10";"UAH";11249.82;1;
"DT528AT#B13";"USB Standard Keyboard";"SHOP10";"USD";679.59;1;
"DT528AT#B13";"USB Standard Keyboard";"SHOP10";"EUR";553.34;1;
"DT528AT#B13";"USB Standard Keyboard";"SHOP10";"UAH";5503.32;1;
"D2Z09EA#ABH";"14-b102ed";"SHOP10";"USD";1045.14;1;
"D2Z09EA#ABH";"14-b102ed";"SHOP10";"EUR";850.99;1;
"D2Z09EA#ABH";"14-b102ed";"SHOP10";"UAH";8463.54;1;
"H1D34AA#ABB";"X4000";"SHOP10";"USD";3176.42;1;
"H1D34AA#ABB";"X4000";"SHOP10";"EUR";2586.34;1;
"H1D34AA#ABB";"X4000";"SHOP10";"UAH";25722.65;1;
"D4M23EA#ABH";"14-b106ed";"SHOP10";"USD";548.07;1;274.04
"D4M23EA#ABH";"14-b106ed";"SHOP10";"EUR";446.26;1;223.13
"D4M23EA#ABH";"14-b106ed";"SHOP10";"UAH";4438.27;1;2219.14
"E0M21UA";"15-j010us";"SHOP10";"USD";2473.33;1;
"E0M21UA";"15-j010us";"SHOP10";"EUR";2013.86;1;
"E0M21UA";"15-j010us";"SHOP10";"UAH";20029.03;1;
"D2G52EA#ABH";"14-b108ed";"SHOP10";"USD";687.23;1;
"D2G52EA#ABH";"14-b108ed";"SHOP10";"EUR";559.56;1;
"D2G52EA#ABH";"14-b108ed";"SHOP10";"UAH";5565.19;1;
"SVE1513H1EB";"SVE1513H1E";"SHOP10";"USD";2932.71;1;
"SVE1513H1EB";"SVE1513H1E";"SHOP10";"EUR";2387.91;1;
"SVE1513H1EB";"SVE1513H1E";"SHOP10";"UAH";23749.09;1;
"D5A42EA#ABH";"14-b172ed";"SHOP10";"USD";919.46;1;
"D5A42EA#ABH";"14-b172ed";"SHOP10";"EUR";748.65;1;
"D5A42EA#ABH";"14-b172ed";"SHOP10";"UAH";7445.79;1;
"D4L57EA";"m6-1223ed";"SHOP10";"USD";3343.09;1;
"D4L57EA";"m6-1223ed";"SHOP10";"EUR";2722.05;1;
"D4L57EA";"m6-1223ed";"SHOP10";"UAH";27072.34;1;
"D6Z90EA";"p6-2463eg";"SHOP10";"USD";543.60;1;
"D6Z90EA";"p6-2463eg";"SHOP10";"EUR";442.62;1;
"D6Z90EA";"p6-2463eg";"SHOP10";"UAH";4402.07;1;
"SVT1313M1ES";"SVT1313M1E";"SHOP10";"USD";2280.68;1;
"SVT1313M1ES";"SVT1313M1E";"SHOP10";"EUR";1857.00;1;
"SVT1313M1ES";"SVT1313M1E";"SHOP10";"UAH";18468.95;1;
"D1N70EA";"11-g033ed";"SHOP10";"USD";3403.33;1;
"D1N70EA";"11-g033ed";"SHOP10";"EUR";2771.10;1;
"D1N70EA";"11-g033ed";"SHOP10";"UAH";27560.17;1;
"19653";"Yvi Retractable Mouse - blue";"SHOP10";"USD";1466.30;1;
"19653";"Yvi Retractable Mouse - blue";"SHOP10";"EUR";1193.91;1;
"19653";"Yvi Retractable Mouse - blue";"SHOP10";"UAH";11874.10;1;
"D1M22EA";"11-g005ed";"SHOP10";"USD";2775.80;1;
"D1M22EA";"11-g005ed";"SHOP10";"EUR";2260.15;1;
"D1M22EA";"11-g005ed";"SHOP10";"UAH";22478.43;1;
"19652";"Yvi Retractable Mouse - white";"SHOP10";"USD";2110.63;1;
"19652";"Yvi Retractable Mouse - white";"SHOP10";"EUR";1718.54;1;
"19652";"Yvi Retractable Mouse - white";"SHOP10";"UAH";17091.88;1;
"D5N98EA";"m6-1221ed";"SHOP10";"USD";720.29;1;
"D5N98EA";"m6-1221ed";"SHOP10";"EUR";586.48;1;
"D5N98EA";"m6-1221ed";"SHOP10";"UAH";5832.91;1;
"D5N98EA#ABH";"m6-1221ed";"SHOP10";"USD";2288.65;1;
"D5N98EA#ABH";"m6-1221ed";"SHOP10";"EUR";1863.49;1;
"D5N98EA#ABH";"m6-1221ed";"SHOP10";"UAH";18533.49;1;
"D7C95EA";"p6-2449ef";"SHOP10";"USD";2859.57;1;
"D7C95EA";"p6-2449ef";"SHOP10";"EUR";2328.35;1;
"D7C95EA";"p6-2449ef";"SHOP10";"UAH";23156.80;1;
"D1M22EA#ABH";"11-g005ed";"SHOP10";"USD";2914.88;1;
"D1M22EA#ABH";"11-g005ed";"SHOP10";"EUR";2373.39;1;
"D1M22EA#ABH";"11-g005ed";"SHOP10";"UAH";23604.70;1;
"8073B003";"DR-G1130";"SHOP10";"USD";2082.52;1;
"8073B003";"DR-G1130";"SHOP10";"EUR";1695.65;1;
"8073B003";"DR-G1130";"SHOP10";"UAH";16864.25;1;
"8074B003";"DR-G1100";"SHOP10";"USD";1182.62;1;
"8074B003";"DR-G1100";"SHOP10";"EUR";962.93;1;
"8074B003";"DR-G1100";"SHOP10";"UAH";9576.86;1;
"D7B90EA";"p6-2437eg";"SHOP10";"USD";2416.12;1;
"D7B90EA";"p6-2437eg";"SHOP10";"EUR";1967.28;1;
"D7B90EA";"p6-2437eg";"SHOP10";"UAH";19565.74;1;
"90NLEC512N31D55D551Y";"G75VX-CV012H";"SHOP10";"USD";2591.48;1;
"90NLEC512N31D55D551Y";"G75VX-CV012H";"SHOP10";"EUR";2110.07;1;
"90NLEC512N31D55D551Y";"G75VX-CV012H";"SHOP10";"UAH";20985.81;1;
"QA184AA#ABB";"X7000";"SHOP10";"USD";1062.73;1;
"QA184AA#ABB";"X7000";"SHOP10";"EUR";865.31;1;
"QA184AA#ABB";"X7000";"SHOP10";"UAH";8605.99;1;
"D7S53EA";"p6-2432eom";"SHOP10";"USD";2998.41;1;
"D7S53EA";"p6-2432eom";"SHOP10";"EUR";2441.40;1;
"D7S53EA";"p6-2432eom";"SHOP10";"UAH";24281.12;1;
"D7C27EA";"p6-2450eo";"SHOP10";"USD";1707.92;1;
"D7C27EA";"p6-2450eo";"SHOP10";"EUR";1390.64;1;
"D7C27EA";"p6-2450eo";"SHOP10";"UAH";13830.74;1;
"A0X35AA#ABB";"X4000";"SHOP10";"USD";2304.31;1;
"A0X35AA#ABB";"X4000";"SHOP10";"EUR";1876.24;1;
"A0X35AA#ABB";"X4000";"SHOP10";"UAH";18660.30;1;
"D7C32EA";"p6-2466eo";"SHOP10";"USD";2815.92;1;
"D7C32EA";"p6-2466eo";"SHOP10";"EUR";2292.81;1;
"D7C32EA";"p6-2466eo";"SHOP10";"UAH";22803.32;1;
"A0X36AA#ABB";"X5000";"SHOP10";"USD";2948.51;1;
"A0X36AA#ABB";"X5000";"SHOP10";"EUR";2400.77;1;
"A0X36AA#ABB";"X5000";"SHOP10";"UAH";23877.03;1;
"7875K1G";"HS23";"SHOP10";"USD";1353.11;1;
"7875K1G";"HS23";"SHOP10";"EUR";1101.75;1;
"7875K1G";"HS23";"SHOP10";"UAH";10957.48;1;
"H3Z79AA";"p6-2390";"SHOP10";"USD";912.92;1;
"H3Z79AA";"p6-2390";"SHOP10";"EUR";743.33;1;
"H3Z79AA";"p6-2390";"SHOP10";"UAH";7392.83;1;
"D7A05EA";"p6-2408es";"SHOP10";"USD";560.95;1;
"D7A05EA";"p6-2408es";"SHOP10";"EUR";456.74;1;
"D7A05EA";"p6-2408es";"SHOP10";"UAH";4542.57;1;
"D2M34EA";"p6-2400es";"SHOP10";"USD";2549.54;1;
"D2M34EA";"p6-2400es";"SHOP10";"EUR";2075.92;1;
"D2M34EA";"p6-2400es";"SHOP10";"UAH";20646.17;1;
"D6Z84EA";"p6-2405es";"SHOP10";"USD";3322.26;1;
"D6Z84EA";"p6-2405es";"SHOP10";"EUR";2705.09;1;
"D6Z84EA";"p6-2405es";"SHOP10";"UAH";26903.66;1;
"D7B56EA";"p6-2461er";"SHOP10";"USD";1877.71;1;
"D7B56EA";"p6-2461er";"SHOP10";"EUR";1528.89;1;
"D7B56EA";"p6-2461er";"SHOP10";"UAH";15205.70;1;
"18296241";"EB1012P-B058E";"SHOP10";"USD";962.72;1;
"18296241";"EB1012P-B058E";"SHOP10";"EUR";783.88;1;
"18296241";"EB1012P-B058E";"SHOP10";"UAH";7796.11;1;
"18296242";"EB1012P-B058E";"SHOP10";"USD";962.72;1;
"18296242";"EB1012P-B058E";"SHOP10";"EUR";783.88;1;
"18296242";"EB1012P-B058E";"SHOP10";"UAH";7796.11;1;
"XE500T1C-H02DE";"XE500T1C";"SHOP10";"USD";2664.40;1;
"XE500T1C-H02DE";"XE500T1C";"SHOP10";"EUR";2169.44;1;
"XE500T1C-H02DE";"XE500T1C";"SHOP10";"UAH";21576.31;1;
"D7A67EA";"p6-2465ez";"SHOP10";"USD";2139.41;1;
"D7A67EA";"p6-2465ez";"SHOP10";"EUR";1741.98;1;
"D7A67EA";"p6-2465ez";"SHOP10";"UAH";17324.94;1;
"90-XB2Y00MU00000";"GX850";"SHOP10";"USD";1953.94;1;
"90-XB2Y00MU00000";"GX850";"SHOP10";"EUR";1590.96;1;
"90-XB2Y00MU00000";"GX850";"SHOP10";"UAH";15823.01;1;
"D7C71EA";"p6-2427eb";"SHOP10";"USD";3441.85;1;
"D7C71EA";"p6-2427eb";"SHOP10";"EUR";2802.46;1;
"D7C71EA";"p6-2427eb";"SHOP10";"UAH";27872.10;1;
"E1S09EA";"15-j001eo";"SHOP10";"USD";2344.60;1;
"E1S09EA";"15-j001eo";"SHOP10";"EUR";1909.05;1;
"E1S09EA";"15-j001eo";"SHOP10";"UAH";18986.57;1;
"WZ972AA#ABB";"WZ972AA";"SHOP10";"USD";1608.97;1;
"WZ972AA#ABB";"WZ972AA";"SHOP10";"EUR";1310.07;1;
"WZ972AA#ABB";"WZ972AA";"SHOP10";"UAH";13029.44;1;
"WD746EA";"ProBook 6550b";"SHOP10";"USD";644.21;1;
"WD746EA";"ProBook 6550b";"SHOP10";"EUR";524.54;1;
"WD746EA";"ProBook 6550b";"SHOP10";"UAH";5216.81;1;
"NP550P7C-T06FR";"NP550P7C";"SHOP10";"USD";2754.64;1;
"NP550P7C-T06FR";"NP550P7C";"SHOP10";"EUR";2242.92;1;
"NP550P7C-T06FR";"NP550P7C";"SHOP10";"UAH";22307.07;1;
"E0Z23EA";"15-j001er";"SHOP10";"USD";1402.18;1;
"E0Z23EA";"15-j001er";"SHOP10";"EUR";1141.70;1;
"E0Z23EA";"15-j001er";"SHOP10";"UAH";11354.85;1;
"PSCBXE-01U00LGR";"C850-1HL";"SHOP10";"USD";1164.64;1;
"PSCBXE-01U00LGR";"C850-1HL";"SHOP10";"EUR";948.29;1;
"PSCBXE-01U00LGR";"C850-1HL";"SHOP10";"UAH";9431.25;1;
"009A55-010R";"III Plus 9A55-C823";"SHOP10";"USD";1924.33;1;
"009A55-010R";"III Plus 9A55-C823";"SHOP10";"EUR";1566.85;1;
"009A55-010R";"III Plus 9A55-C823";"SHOP10";"UAH";15583.22;1;
"H4H39AA";"p6-2405tw";"SHOP10";"USD";3344.74;1;
"H4H39AA";"p6-2405tw";"SHOP10";"EUR";2723.39;1;
"H4H39AA";"p6-2405tw";"SHOP10";"UAH";27085.70;1;
"NP550P5C-T05FR";"550P5C";"SHOP10";"USD";870.17;1;
"NP550P5C-T05FR";"550P5C";"SHOP10";"EUR";708.52;1;
"NP550P5C-T05FR";"550P5C";"SHOP10";"UAH";7046.64;1;
"C3V08EA";"p6-2385eg";"SHOP10";"USD";2563.21;1;
"C3V08EA";"p6-2385eg";"SHOP10";"EUR";2087.05;1;
"C3V08EA";"p6-2385eg";"SHOP10";"UAH";20756.87;1;
"B400A-W3042G";"B400A-W3042G";"SHOP10";"USD";1780.41;1;
"B400A-W3042G";"B400A-W3042G";"SHOP10";"EUR";1449.67;1;
"B400A-W3042G";"B400A-W3042G";"SHOP10";"UAH";14417.76;1;
"D7A90EA";"p6-2400sj";"SHOP10";"USD";1144.47;1;
"D7A90EA";"p6-2400sj";"SHOP10";"EUR";931.86;1;
"D7A90EA";"p6-2400sj";"SHOP10";"UAH";9267.92;1;
"QY449AA#ABB";"Wireless Keyboard And Mouse";"SHOP10";"USD";2163.79;1;
"QY449AA#ABB";"Wireless Keyboard And Mouse";"SHOP10";"EUR";1761.83;1;
"QY449AA#ABB";"Wireless Keyboard And Mouse";"SHOP10";"UAH";17522.37;1;
"H4H36AA";"p6-2400tw";"SHOP10";"USD";1293.41;1;
"H4H36AA";"p6-2400tw";"SHOP10";"EUR";1053.14;1;
"H4H36AA";"p6-2400tw";"SHOP10";"UAH";10474.03;1;
"PSKG9E-00F006GR";"L850-1NR";"SHOP10";"USD";3493.52;1;
"PSKG9E-00F006GR";"L850-1NR";"SHOP10";"EUR";2844.54;1;
"PSKG9E-00F006GR";"L850-1NR";"SHOP10";"UAH";28290.52;1;
"D7B96EA";"p6-2475eo";"SHOP10";"USD";2322.51;1;
"D7B96EA";"p6-2475eo";"SHOP10";"EUR";1891.06;1;
"D7B96EA";"p6-2475eo";"SHOP10";"UAH";18807.69;1;
"D7D16EA";"p6-2445eg";"SHOP10";"USD";3002.17;1;
"D7D16EA";"p6-2445eg";"SHOP10";"EUR";2444.46;1;
"D7D16EA";"p6-2445eg";"SHOP10";"UAH";24311.57;1;
"D7D14EA";"p6-2443eg";"SHOP10";"USD";3419.44;1;
"D7D14EA";"p6-2443eg";"SHOP10";"EUR";2784.22;1;
"D7D14EA";"p6-2443eg";"SHOP10";"UAH";27690.63;1;
"FQ983AA#ABB";"FQ983AA#ABB";"SHOP10";"USD";1437.69;1;
"FQ983AA#ABB";"FQ983AA#ABB";"SHOP10";"EUR";1170.61;1;
"FQ983AA#ABB";"FQ983AA#ABB";"SHOP10";"UAH";11642.41;1;
"D2P46EA";"p6-2457ezm";"SHOP10";"USD";3224.48;1;
"D2P46EA";"p6-2457ezm";"SHOP10";"EUR";2625.47;1;
"D2P46EA";"p6-2457ezm";"SHOP10";"UAH";26111.84;1;
"594052-A41";"594052-A41";"SHOP10";"USD";3067.05;1;
"594052-A41";"594052-A41";"SHOP10";"EUR";2497.29;1;
"594052-A41";"594052-A41";"SHOP10";"UAH";24836.97;1;
"C5V26EA";"p6-2393ef";"SHOP10";"USD";1894.85;1;
"C5V26EA";"p6-2393ef";"SHOP10";"EUR";1542.85;1;
"C5V26EA";"p6-2393ef";"SHOP10";"UAH";15344.50;1;
"SVE1713G4EW";"SVE1713G4EW";"SHOP10";"USD";3205.97;1;
"SVE1713G4EW";"SVE1713G4EW";"SHOP10";"EUR";2610.40;1;
"SVE1713G4EW";"SVE1713G4EW";"SHOP10";"UAH";25961.95;1;
"PT53NE-00D00GIT";"Satellite Pro R950-15T";"SHOP10";"USD";1045.10;1;
"PT53NE-00D00GIT";"Satellite Pro R950-15T";"SHOP10";"EUR";850.95;1;
"PT53NE-00D00GIT";"Satellite Pro R950-15T";"SHOP10";"UAH";8463.22;1;
"D1N18EA";"Sleekbook 15-b119ss";"SHOP10";"USD";1235.19;1;
"D1N18EA";"Sleekbook 15-b119ss";"SHOP10";"EUR";1005.73;1;
"D1N18EA";"Sleekbook 15-b119ss";"SHOP10";"UAH";10002.57;1;
"D7B29EA";"p6-2496ea";"SHOP10";"USD";2920.73;1;
"D7B29EA";"p6-2496ea";"SHOP10";"EUR";2378.15;1;
"D7B29EA";"p6-2496ea";"SHOP10";"UAH";23652.07;1;
"17377469";"SVE1111M1E";"SHOP10";"USD";1902.60;1;
"17377469";"SVE1111M1E";"SHOP10";"EUR";1549.16;1;
"17377469";"SVE1111M1E";"SHOP10";"UAH";15407.25;1;
"17377470";"SVE1111M1E";"SHOP10";"USD";1902.60;1;
"17377470";"SVE1111M1E";"SHOP10";"EUR";1549.16;1;
"17377470";"SVE1111M1E";"SHOP10";"UAH";15407.25;1;
"17377471";"SVE1111M1E";"SHOP10";"USD";1902.60;1;
"17377471";"SVE1111M1E";"SHOP10";"EUR";1549.16;1;
"17377471";"SVE1111M1E";"SHOP10";"UAH";15407.25;1;
"35440";"ix4-200d Cloud Ed";"SHOP10";"USD";3353.00;1;
"35440";"ix4-200d Cloud Ed";"SHOP10";"EUR";2730.12;1;
"35440";"ix4-200d Cloud Ed";"SHOP10";"UAH";27152.59;1;
"D7C76EA";"p6-2433el";"SHOP10";"USD";2260.59;1;
"D7C76EA";"p6-2433el";"SHOP10";"EUR";1840.64;1;
"D7C76EA";"p6-2433el";"SHOP10";"UAH";18306.26;1;
"E6A54EA";"15-j007ss";"SHOP10";"USD";2644.86;1;
"E6A54EA";"15-j007ss";"SHOP10";"EUR";2153.53;1;
"E6A54EA";"15-j007ss";"SHOP10";"UAH";21418.08;1;
"D7A47EA";"p6-2401ec";"SHOP10";"USD";1675.09;1;
"D7A47EA";"p6-2401ec";"SHOP10";"EUR";1363.91;1;
"D7A47EA";"p6-2401ec";"SHOP10";"UAH";13564.88;1;
"D7A48EA";"p6-2402ec";"SHOP10";"USD";2127.31;1;
"D7A48EA";"p6-2402ec";"SHOP10";"EUR";1732.12;1;
"D7A48EA";"p6-2402ec";"SHOP10";"UAH";17226.96;1;
"D7B32EA";"p6-2469ea";"SHOP10";"USD";562.32;1;
"D7B32EA";"p6-2469ea";"SHOP10";"EUR";457.86;1;
"D7B32EA";"p6-2469ea";"SHOP10";"UAH";4553.67;1;
"XV422AA";"XV422AA";"SHOP10";"USD";3468.94;1;
"XV422AA";"XV422AA";"SHOP10";"EUR";2824.52;1;
"XV422AA";"XV422AA";"SHOP10";"UAH";28091.48;1;
"D7B28EA";"p6-2493eg";"SHOP10";"USD";2780.27;1;
"D7B28EA";"p6-2493eg";"SHOP10";"EUR";2263.78;1;
"D7B28EA";"p6-2493eg";"SHOP10";"UAH";22514.63;1;
"LX729AA";"LX729AA";"SHOP10";"USD";2851.86;1;
"LX729AA";"LX729AA";"SHOP10";"EUR";2322.08;1;
"LX729AA";"LX729AA";"SHOP10";"UAH";23094.36;1;
"DT528AL#ABB";"USB (Bulk Pack) Standard Keyboard";"SHOP10";"USD";1350.73;1;
"DT528AL#ABB";"USB (Bulk Pack) Standard Keyboard";"SHOP10";"EUR";1099.81;1;
"DT528AL#ABB";"USB (Bulk Pack) Standard Keyboard";"SHOP10";"UAH";10938.21;1;
"NP3530EC-A01IT";"NP3530EC";"SHOP10";"USD";985.37;1;
"NP3530EC-A01IT";"NP3530EC";"SHOP10";"EUR";802.32;1;
"NP3530EC-A01IT";"NP3530EC";"SHOP10";"UAH";7979.53;1;
"PSC09E-01Q00CEN";"C650-1KL";"SHOP10";"USD";2964.45;1;
"PSC09E-01Q00CEN";"C650-1KL";"SHOP10";"EUR";2413.75;1;
"PSC09E-01Q00CEN";"C650-1KL";"SHOP10";"UAH";24006.12;1;
"D7B27EA";"p6-2489ea";"SHOP10";"USD";1936.96;1;
"D7B27EA";"p6-2489ea";"SHOP10";"EUR";1577.13;1;
"D7B27EA";"p6-2489ea";"SHOP10";"UAH";15685.50;1;
"E6M96EA";"15-j004er";"SHOP10";"USD";600.97;1;
"E6M96EA";"15-j004er";"SHOP10";"EUR";489.33;1;
"E6M96EA";"15-j004er";"SHOP10";"UAH";4866.66;1;
"BO70001";"BO70001";"SHOP10";"USD";1289.67;1;
"BO70001";"BO70001";"SHOP10";"EUR";1050.09;1;
"BO70001";"BO70001";"SHOP10";"UAH";10443.75;1;
"E1S88EA";"15-j003eo";"SHOP10";"USD";1709.52;1;
"E1S88EA";"15-j003eo";"SHOP10";"EUR";1391.95;1;
"E1S88EA";"15-j003eo";"SHOP10";"UAH";13843.69;1;