sku guid;attr code;attr value;display en;display ru;display uk
"SVS1313R9EB";"1766";"black";"black";"черный";"чорний"
"SVS1313R9EB";"46";"black";"black";"черный";"чорний"
"SVE1513O9ESI";"1766";"grey";"grey";"серый";"сірий"
"SVE1513O9ESI";"46";"grey";"grey";"серый";"сірий"
"SGP311DEAB";"1766";"black";"black";"черный";"чорний"
"SGP311DEAB";"46";"black";"black";"черный";"чорний"
"SGP321E2";"1766";"black";"black";"черный";"чорний"
"SGP321E2";"46";"black";"black";"черный";"чорний"
"SGP312DEAW";"1766";"white";"white";"белый";"білий"
"SGP312DEAW";"46";"white";"white";"белый";"білий"
"E8P93EA-ABH";"11379";"1.6";"1.6 GHz";"1,6 ГГц";"1,6 ГГц"
"E8P97EA-ABH";"11379";"1.5";"1.5 GHz";"1,5 ГГц";"1,5 ГГц"
"H5G17EA";"11441";"HDD";"HDD";"HDD";"HDD"
"H5G17EA";"3318";"500";"500 GB";"500 ГБ";"500 ГБ"
"H5G21EA";"11441";"HDD";"HDD";"HDD";"HDD"
"H5G21EA";"3318";"500";"500 GB";"500 ГБ";"500 ГБ"
"H5G24EA";"11441";"SSD";"SSD";"SSD";"SSD"
"H5G24EA";"3318";"180";"180 GB";"180 ГБ";"180 ГБ"
"H5G30EA";"11441";"SSD";"SSD";"SSD";"SSD"
"H5G30EA";"3318";"256";"256 GB";"256 ГБ";"256 ГБ"
"910-002-741";"1766";"Black";"Black";"Черный";"Чорний"
"910-002-742";"1766";"Red";"Red";"Красный";"Червоний"
"910-002-743";"1766";"Blue";"Blue";"Синий";"Синій"
"910-002-744";"1766";"White";"White";"Белый";"Білий"