name;EN;RU;UK;description;EN;RU;UK
"Laptops";"Laptops";"мобильные рабочие станции";"мобільні робочі станції";"Laptops";"Laptops";"мобильные рабочие станции";"мобільні робочі станції"
"PCs/Workstations";"PCs/Workstations";"ПК/рабочие станции";"ПК/робочі станції";"PCs/Workstations";"PCs/Workstations";"ПК/рабочие станции";"ПК/робочі станції"
"Servers";"Servers";"серверы";"сервери";"Servers";"Servers";"серверы";"сервери"
"Keyboards & Desktops";"Keyboards & Desktops";"клавиатури";"клавіатури";"Keyboards & Desktops";"Keyboards & Desktops";"клавиатури";"клавіатури"
"Mice";"Mice";"компьютерные мышки";"комп'ютерні миші";"Mice";"Mice";"компьютерные мышки";"комп'ютерні миші"
"Tablets";"Tablets";"планшеты";"планшети";"Tablets";"Tablets";"планшеты";"планшети"
"Storage Servers";"Storage Servers";"серверы хранения и NAS сервера";"сервери зберігання і NAS сервери";"Storage Servers";"Storage Servers";"серверы хранения и NAS сервера";"сервери зберігання і NAS сервери"
