association code;product code;associated product code;rank
"accessories";"C5A60EA";"H5E92EA";0
"accessories";"C5A60EA";"19733";1
"accessories";"E4Z29ET";"QY776AA-B15";0
"accessories";"E4Z29ET";"19829";1
"up";"C5A60EA";"F2P27UA";0
"up";"C5A60EA";"F9G11EA-ABH";1
"cross";"E4Z29ET";"CA020D3020MT11HSW";0
"cross";"E4Z29ET";"J4C96AA";1
"buywiththis";"C5A60EA";"910-002";0
"buywiththis";"C5A60EA";"SM-T111NDWANEE";1
"buywiththis";"E4Z29ET";"G1K29AA";0
"buywiththis";"E4Z29ET";"VFYZQ5840M80A2ES";1