sku code;model;warehouse code;qty in stock
"C5A60EA";"6570b";"Main";141
"H5E92EA";"900 G1";"Main";455
"AM379A";"Integrity BL870c i4 c3000 Server Blade";"Main";944
"AT101A";"Integrity rx2800 i4 Rack Optimized Server";"Main";835
"AM378A";"Integrity BL870c i4 c7000 Server Blade";"Main";161
"663600-B22";"ProLiant SL454x 2x Node Chassis";"Main";374
"SVS1313R9EB";"SVS1313R9E";"Main";532
"SVE1513O9ESI";"SVE1513O9E";"Main";151
"H5E92EA-ABH";"900 G1";"Main";979
"C5A66EA";"6570b";"Main";703
"C5A56EA-ABH";"ProBook 6475b Notebook PC";"Main";629
"C5A61EA-ABH";"ProBook 6570b Notebook PC";"Main";670
"C5A66EA-ABH";"6570b";"Main";879
"H5E57EA-ABH";"ProBook 6470b Notebook PC";"Main";537
"NT-L16EE-002";"Tab B1 16GB WiFi";"Main";514
"DT528AT-B13";"USB Standard Keyboard";"Main";171
"H5E56EA";"6470b";"Main";0
"H5E74EA";"6570b";"Main";786
"H5E77ET";"6570b";"Main";184
"721546-041";"ML310e Gen8";"Main";859
"721546-051";"ProLiant ML310e Gen8 G2020 2GB-U Non-hot Plug LFF 350W PS Server";"Main";856
"7147D4G";"3690 X5";"Main";282
"H5F24EA";"ProBook 6470b Notebook PC";"Main";434
"664646-B23";"ProLiant SL4545 G7 Tray 3x Node Server";"Main";815
"LY542EA-ABB";"8470w";"Main";412
"QY776AT-ABB";"USB Keyboard";"Main";264
"H5F23EA-ABH";"6470b";"Main";929
"E0H92AA-ABB";"7 2800 Tablet";"Main";24
"SGP311DEAB";"Z";"Main";181
"SGP321E2";"Z";"Main";239
"SGP312DEAW";"Z";"Main";84
"E0P94AA-ABB";"7 2801 Tablet";"Main";235
"SGP312E1AB-CE3";"Z 32GB Wi-Fi";"Main";465
"D0M18B";"Vertica DL380p Gen8 V16 Server";"Main";0
"663600-B23";"ProLiant SL454x 3x Node Chassis";"Main";425
"664644-B23-0D1";"ProLiant SL4540 Gen8 Tray 3x Node Server";"Main";695
"SGP312E4AB";"Z";"Main";0
"H5F77EA";"900 G1";"Main";50
"NT-L1CEG-001";"A1-810";"Main";152
"2583F2U";"3250 M4";"Main";125
"NT-L1JEH-005";"W3-810 64GB";"Main";882
"H5F87EA";"900";"Main";212
"H5F58EA";"900 G1";"Main";0
"NT-L1CEE-004";"A1-810 16GB Wi-Fi";"Main";0
"E2T66EA";"10-h000sa";"Main";917
"E4A07EA";"TouchSmart 15-j003ed";"Main";216
"H5F59EA";"ElitePad 900 G1 Tablet";"Main";235
"E3Z77EA-ABH";"11-e000ed";"Main";832
"GT-P5210ZWA";"3 10.1";"Main";652
"E2T58EA-ABH";"17-e004ed";"Main";66
"712317-421";"MicroServer Gen8";"Main";254
"712329-421";"ML310e Gen8 v2";"Main";0
"DT527A";"PS/2 Standard Keyboard";"Main";822
"H5F58EA-ABH";"900 G1";"Main";489
"712329-031";"ProLiant ML310e Gen8 v2 E3-1220v3 1P 4GB-U B120i 350W PS Svr";"Main";238
"724146-425";"ProLiant MicroSvr Gen8 G1610T 1P 4GB-U B120i NHP SATA 1TB LFF 150W PS Svr/GO";"Main";205
"726043-425";"ProLiant DL320e Gen8 v2 E3-1230v3 1P 4GB-U NHP 2 LFF 300W PS Server/GO";"Main";601
"724160-045";"ML310e Gen8";"Main";0
"GT-P5210ZWAPHN";"3 10.1";"Main";583
"GT-P5210ZWALUX";"3 10.1";"Main";967
"NT-L1VEH-001";"B1-710 16GB WiFi";"Main";0
"H5F86EA-ABH";"900";"Main";391
"631348-B21-0D1";"USB BFR with PVC Free ES Keyboard/Mouse Kit";"Main";472
"NT-L1VEE-004";"B1-710 16GB WiFi";"Main";978
"ME302C-A1-BL";"ME302C-A1-BL";"Main";195
"ME302C-A1-WH";"ME302C-A1-WH";"Main";833
"SGP312A1W";"32GB Wi-Fi";"Main";269
"910-003913";"M560";"Main";283
"E8P93EA-ABH";"15-n002ed";"Main";870
"E8P97EA-ABH";"15-n056ed";"Main";0
"GT-P5210MKAPHN";"3 10.1";"Main";218
"GT-P5210MKA";"3 10.1";"Main";972
"730651-421";"ProLiant ML10 G2130 1P 2GB-U B110i 300W PS Entry Server";"Main";0
"H5G18ET";"840 G1";"Main";157
"H5G28ET";"840";"Main";0
"F0B18A";"ProLiant DL385p Gen8 6376 1P 8GB-R 460W PS Server/TV";"Main";75
"E2A60UT";"230 MT";"Main";128
"GT-P5210GNA";"3 10.1";"Main";3
"910-003883";"M560";"Main";110
"H5G17EA";"840 G1";"Main";215
"H5G21EA";"840 G1";"Main";275
"H5G24EA";"840 G1";"Main";707
"H5G30EA";"840 G1";"Main";938
"GT-P5210MKALUX";"3 10.1";"Main";65
"AM377A-0D1";"Integrity BL860c i4 Server Blade";"Main";348
"733733-421";"DL360p Gen8";"Main";236
"709942-421";"DL380p Gen8";"Main";337
"709943-421";"DL380p Gen8";"Main";3
"724082-B21";"ProLiant BL460c Gen8 E5-2670v2 2P 64GB-R P220i/512 FBWC Server";"Main";949
"724086-B21";"BL460c Gen8";"Main";149
"724087-B21";"BL460c Gen8";"Main";976
"724088-B21";"BL460c Gen8";"Main";182
"733738-421";"DL360p Gen8";"Main";349
"736958-421";"ML350p Gen8";"Main";192
"736968-031";"ProLiant ML350p Gen8 E5-2650v2 2P 16GB-R P420i/2GB FBWC 8 SFF 750W RPS Server";"Main";710
"736958-051";"ProLiant ML350p Gen8 E5-2620v2 1P 8GB-R P420i/512 FBWC 8 SFF 460W PS Server";"Main";321
"736947-041";"ML350p Gen8";"Main";357
"736968-041";"ML350p Gen8";"Main";778
"736982-425";"ProLiant ML350p Gen8 E5-2620v2 2.1GHz 6-core 1P 8GB-R P420i/512 2x300GB SFF 460W PS Svr/GO";"Main";305
"F2V71EA-ABH";"15-n014ed";"Main";924
"F4T69EA-ABH";"15-n008ed";"Main";0
"F4T76EA-ABH";"15-n077ed";"Main";964
"F2T52EA-ABH";"15-n076ed";"Main";517
"F2T59EA-ABH";"17-e075ed";"Main";210
"E8P84EA";"15-n050ed";"Main";179
"F2T52EA";"15-n076ed";"Main";469
"F2T59EA";"17-e075ed";"Main";0
"SVT1312V1RS";"SVT1312V1R";"Main";373
"SVS1513V9RB";"SVS1513V9R";"Main";763
"SVS1513M1RW";"SVS1513M1R";"Main";111
"F2U76EA";"17-j120ed Leap Motion TS SE";"Main";565
"E3W30UT";"840 G1";"Main";815
"F2P22UT";"840 G1";"Main";277
"469-4355";"12 (9q33)";"Main";723
"469-4356";"12 (9q33)";"Main";503
"H5G26ET";"840 G1";"Main";71
"E6D77AT";"USB SmartCard CCID Keyboard";"Main";871
"H5G17EA-ABH";"840 G1";"Main";457
"H5G19EA-ABH";"840 G1";"Main";870
"H5G21EA-ABH";"840 G1";"Main";348
"H5G26EA-ABH";"840 G1";"Main";500
"H5G30EA-ABH";"840 G1";"Main";320
"H5G32EA-ABH";"840 G1";"Main";568
"H5G29EA";"840 G1";"Main";106
"H5G32EA";"840 G1";"Main";457
"E4Z29ET";"6305 SFF";"Main";119
"H5G16EA";"840 G1";"Main";804
"H5G18EA";"840 G1";"Main";382
"F1N25EA";"840 G1";"Main";637
"H5G19EA";"840 G1";"Main";837
"H5G26EA";"840 G1";"Main";154
"735151-B21";"BL460c Gen8";"Main";96
"F1R88AW";"840 G1";"Main";284
"NT-L29EE-008";"A3-A10 16 GB WiFi";"Main";941
"D4T10AW-AKD-H4F20AA-ABB";"900 G1";"Main";757
"D4T15AA-AKD-H4F20AA-ABB";"ElitePad 900 G1 Tablet";"Main";731
"F4T66EA";"13-p100ed x2";"Main";684
"E2A60UTABA";"230 MT";"Main";343
"H5F74EA";"840 G1";"Main";582
"NS-MKIT100";"NS-MKIT100";"Main";244
"F2P26UT";"840 G1";"Main";149
"F4U47EA-ABH";"10-e001ed";"Main";650
"F1N76EA";"900 G1";"Main";587
"733644-425";"DL380p Gen8";"Main";117
"H5G60EA";"645 G1";"Main";459
"H5G64EA";"640 G1";"Main";95
"H5G66EA";"640 G1";"Main";550
"H5G77EA";"650";"Main";842
"H5G79EA";"650 G1";"Main";152
"736974-425";"ML350p Gen8";"Main";414
"737287-425";"ProLiant DL360p Gen8 E5-2620v2 1P 8GB-R P420i/1GB FBWC 460W PS Server/TV";"Main";0
"712327-051";"ProLiant ML310e Gen8 v2 i3-4130 1P 2GB-U NHP 4 LFF 350W PS Entry Svr";"Main";274
"F4W53EA";"7 Plus 4200eg";"Main";112
"F2P27UA";"840 G1";"Main";147
"H5G74ET";"650 G1";"Main";352
"H5G75ET";"650 G1";"Main";778
"PT330E-0VF03JCE";"R930-1MM";"Main";380
"H5G77EA-ABH";"650";"Main";247
"F4X12EA";"10 HD 3500eg";"Main";832
"E3U25UT";"405 G1 MT";"Main";853
"E3U25UTABA";"405 G1 MT";"Main";745
"H5G78EA";"650 G1";"Main";0
"H5G22EA-ABH";"840 G1";"Main";0
"H5G23EA-ABH";"840 G1";"Main";301
"H5G18EA-ABH";"840 G1";"Main";122
"NT-L0KEH-005";"W510";"Main";543
"H5G81EA-ABH";"650 G1";"Main";315
"H5G69EA-ABH";"640 G1";"Main";12
"F1R88AW-ABH";"840 G1";"Main";9
"F1R92AW-ABH";"840 G1";"Main";825
"F1R86AW-ABH";"840 G1";"Main";0
"H5G29EA-ABH";"840 G1";"Main";921
"H5G28EA-ABH";"840 G1";"Main";667
"H5G25EA-ABH";"840 G1";"Main";284
"H5G24EA-ABH";"840 G1";"Main";469
"H5F74EA-ABH";"840 G1";"Main";633
"NT-L31EH-005";"W4-820";"Main";670
"F5B81EA-ABH";"11-e100ed";"Main";0
"F5C00EA";"15-n200ed";"Main";267
"F5C10EA";"15-n210ed";"Main";673
"F5C10EA-ABH";"15-n210ed";"Main";290
"F9G11EA-ABH";"15-n213ed";"Main";450
"F5C12EA";"15-n212ed";"Main";164
"F5C32EA";"17-j100ed";"Main";515
"F5C32EA-ABH";"17-j100ed";"Main";524
"G1F24PA";"840 G1";"Main";480
"F1N62EA";"900 G1";"Main";130
"F1N64EA";"ElitePad 900 G1 Tablet";"Main";84
"F9G12EA";"15-n215ed";"Main";300
"NP940X3G-K03FR";"NP940X3G";"Main";606
"748209-425";"ProLiant DL380e Gen8 E5-2407v2 1P 8GB-R SATA 1TB 460W PS Server/TV";"Main";949
"19733";"Isotto Wired Mini Mouse";"Main";99
"SM-T111NDWANEE";"3 7.0 Lite";"Main";558
"747089-421";"DL360e Gen8";"Main";227
"747090-421";"DL360e Gen8";"Main";0
"747767-421";"DL380e Gen8";"Main";0
"747769-421";"DL380e Gen8";"Main";554
"740899-031";"ProLiant ML350e Gen8 v2 E5-2407 1P 4GB-U B120i 460W PS Base Server";"Main";446
"90NB0391-M01050";"K95VB-YZ075H";"Main";695
"NT-L3JEE-005";"B1-720";"Main";145
"NT-L2AEE-010";"A3-A11";"Main";882
"NT-L0MEH-014";"W510";"Main";868
"D3J20LT-ABM-LA";"6305 SFF";"Main";793
"GT-P5200MKAXEO";"3 10.1";"Main";997
"SM-T520ZWALUX";"Pro 10.1";"Main";0
"F8Q86EA";"17-j106sg";"Main";828
"SM-T520NZWAPHN";"Pro 10.1";"Main";801
"SM-T520NZKAPHN";"Pro 10.1";"Main";128
"20A8002FUK";"X1 Carbon";"Main";658
"20A8002GUK";"X1 Carbon";"Main";0
"20A8002HGE";"X1 Carbon";"Main";735
"F1N62EA-ABH";"900 G1";"Main";312
"F1N49EA";"900 G1";"Main";0
"H6P82EA";"ElitePad 900 G1 Tablet";"Main";337
"NT-L3WEE-002";"A1-830";"Main";702
"728547-421";"DL580";"Main";868
"SGP512E1AW-EC5";"Z2";"Main";385
"G6X12AW";"1000 G2";"Main";191
"732341-421";"ProLiant DL560 Gen8 E5-4610v2 2P 32GB-R Hot Plug SFF 1200W RPS Server";"Main";472
"F4Q34EA";"ProDesk 400 G1 Small Form Factor PC";"Main";905
"G6X12AW-ABH";"1000 G2";"Main";544
"G2E68EA-ABB";"7 6101en VoiceTab";"Main";819
"VFYZQ7040M87B1ES";"Q704";"Main";75
"VFYZQ5840M80A2ES";"Q584";"Main";229
"G2E67EA";"6 6001en VoiceTab";"Main";95
"G1K29AA";"G1K29AA";"Main";207
"70B0000EUX";"RD640";"Main";186
"E2A60UTRABA";"230 MT";"Main";978
"E4Z29ETABU-MFC00007";"6305 SFF";"Main";772
"E4Z29ETABU";"6305 SFF";"Main";110
"J4C95AA";"Chromebox";"Main";167
"J4C96AA";"Chromebox";"Main";0
"F1Q78EA-ABH";"1000 G2";"Main";314
"SGP511B2AB-EC5";"Z2 FIFA";"Main";399
"F1Q70EA";"1000 G2";"Main";533
"F1Q75EA";"1000 G2";"Main";659
"F1Q72EA";"1000 G2";"Main";67
"VFYZP0720PXSA1CZ";"P720 E85+";"Main";977
"J6T84AW-ABH";"1000 G2";"Main";92
"J6T92AW-ABH";"1000 G2";"Main";16
"E3U25UTRABA";"405 G1 MT";"Main";384
"TABLET-S100SILVER";"TABLET-S100SILVER";"Main";174
"TABLET-UN100BLACK";"TABLET-UN100BLACK";"Main";0
"768748-371";"ProLiant ML310e Gen8 v2 i3-4150 1P 2GB-U B120i Non-hot Plug 350W PS Entry Server";"Main";33
"768645-421";"ProLiant DL320e Gen8 v2 E3-1241v3 1P 8GB-U P222 Hot Plug 4 SFF Perf Svr";"Main";483
"768638-AA1";"ProLiant DL320e Gen8 v2 G3240 1P 2GB-U Non-hot Plug 2 LFF Entry Server";"Main";245
"768752-425";"ProLiant ML310e Gen8 v2 i3-4150 1P 4GB-U B120i Non-hot Plug 350W PS Server/TV";"Main";996
"768729-041";"ProLiant ML310e Gen8 v2 E3-1241v3 1P 8GB-U B120i 460W PS Performance Server";"Main";477
"768729-051";"ProLiant ML310e Gen8 v2 E3-1241v3 1P 8GB-U B120i 460W PS Performance Server";"Main";765
"768748-031";"ProLiant ML310e Gen8 v2 i3-4150 1P 2GB-U B120i Non-hot Plug 350W PS Entry Server";"Main";885
"768729-371";"ProLiant ML310e Gen8 v2 E3-1241v3 1P 8GB-U B120i 460W PS Performance Server";"Main";984
"768748-041";"ProLiant ML310e Gen8 v2 i3-4150 1P 2GB-U B120i Non-hot Plug 350W PS Entry Server";"Main";515
"768748-421";"ProLiant ML310e Gen8 v2 i3-4150 1P 2GB-U B120i Non-hot Plug 350W PS Entry Server";"Main";943
"768748-051";"ProLiant ML310e Gen8 v2 i3-4150 1P 2GB-U B120i Non-hot Plug 350W PS Entry Server";"Main";590
"57329724";"515";"Main";990
"M11BB-NR040S";"M11BB-NR040S";"Main";478
"QY776AA-B15";"USB Keyboard for PC";"Main";938
"70B0000ESP";"RD640";"Main";643
"19829";"Evo Advanced Laser Mouse";"Main";496
"SM-T531NYKASER";"Galaxy Tab 4 10.1\" 3G";"Main";130
"PDW0AE-00900PEN";"WT8-B-102";"Main";979
"VFYZW5300W28A1IT";"W530";"Main";38
"E2A60UTR";"230 MT";"Main";84
"E3U25UTR";"405 G1 MT";"Main";212
"PDW0BE-00600TEN";"WT10-A";"Main";323
"VFYZP0520P27A1IT";"P520 E85+";"Main";85
"VFYZP0920PXP81IT";"P920 E85+";"Main";428
"VFYZQ0520P73A1IT";"Q520";"Main";775
"VFYZW5300W28B1IT";"W530";"Main";863
"70B0000ERU";"RD640";"Main";126
"CA012D3020MT11HSW";"3020 MT";"Main";836
"CA023D3020MT11HSW";"3020 MT";"Main";110
"CA004D3020MT11HSW";"3020 MT";"Main";934
"CA020D3020MT11HSW";"3020 MT";"Main";3
"70CK9000WWAK4";"EMC px4-400r 8TB";"Main";702
"70CK9000WWAK1";"EMC px4-400r 4TB";"Main";638
"70CK9000WWAK2";"EMC px4-400r 8TB";"Main";0
"70CK9000WWAK3";"EMC px4-400r 12TB";"Main";369
"70CK9000WWAK5";"EMC px4-400r 12TB";"Main";0
"J0F20ET";"800 G1 SFF";"Main";705
"J4C96AA-ABH";"Chromebox";"Main";67
"J4C98AA-ABH";"Chromebox";"Main";449
"G0K55AV";"EliteDesk 705 G1 Base Model Small Form Factor PC";"Main";831
"G0K54AV";"EliteDesk 705 G1 Base Model Microtower PC";"Main";305
"J8Q17EA";"ElitePad 1000 G2 Tablet";"Main";200
"J8Q20EA";"ElitePad 1000 G2 Tablet";"Main";837
"J8Q14EA";"ElitePad 1000 G2 Tablet";"Main";28
"57326147";"H535";"Main";863
"D5S20EA-ABB";"400 G1 SFF";"Main";486
"A70CV-AT4501";"A70CV.AT4501";"Main";365
"D3J20LT";"6305 SFF";"Main";116
"A70CV-AH450P";"A70CV.AH450P";"Main";834
"A70CH-AH4511";"A70CH.AH4511";"Main";0
"A75CV-AH4301";"A75CV.AH4301";"Main";0
"XE3000TC-EG1CN";"XE3000TC";"Main";870
"XE300TZC-K01CL";"XE300TZC";"Main";997
"XE5100TC-EG1CN";"XE5100TC";"Main";630
"XE700T1C-G02MY";"Tab 7";"Main";640
"XE7100TC-EG1CN";"Tab 7";"Main";535
"NT-L3WAA-003";"A1-830-1838";"Main";343
"E7Q32US";"600 G1";"Main";334
"CA019D3020SFF11HSW";"3020 MT";"Main";616
"SM010D3020MT11HSW1";"3020 MT";"Main";742
"SM016D3020MT11HSW1";"3020 MT";"Main";290
"910-002-741";"M187";"Main";300
"910-002-742";"M187";"Main";300
"910-002-743";"M187";"Main";300
"910-002-744";"M187";"Main";300