producttype;viewgroupname;arributes;guid
противобликовые и защитные фильтры;Технические характеристики;Примечание к размерам (брит.),Диагональ экрана,Код UNSPSC,Анти-бликовый,Примечание к размерам (метрич.),Количество в одной коробке,Исходные данные листов,;1927869614;
противобликовые и защитные фильтры;Экран;Форматное соотношение,Совместимость,;-552189908;
противобликовые и защитные фильтры;Системные требования;;-1503402050;
противобликовые и защитные фильтры;Вес и размеры;Широкоэкранный,Вec,Совместимость размера экрана,Размер,Высота,Вес,Ширина,Размеры (ШхГхВ),Ширина,Высота,;684790637;
противобликовые и защитные фильтры;Цвет;Цвет продукта,;1783086157;
противобликовые и защитные фильтры;Данные об упаковке;Вес упаковки,Высота упаковки,Вес упаковки,Глубина коробки,Размеры упаковки (ШхГхВ),Ширина коробки,Размеры упаковки (ШхГхВ),;820840796;
противобликовые и защитные фильтры;Материал;Материал,;-349874914;
ноутбуки;Технические характеристики;Тип интерфейса Blu-ray,Количество поддерживаемых процессоров,Материал корпуса,Материал чехла,Время доступа,Время запуска,Типы дисков (воспроизведение),Цвет продукта,Среднее время ожидания,Ширина полосы частот,Поддерживаемые типы носителей,Опции хранения,Тип памяти,Время поиска,Поддерживаемые интерфейсы жесткого диска,Чипсет,Примечание по операционной системе,Формат,Позиционирование на рынке,Встроенный флоппи-дисковод,Тип BIOS,Скорость передачи данных,;2090741898;
ноутбуки;Процессор;Частота шины процессора,Производитель материнской платы,Системная шина,Внутренняя кэш-память,Чипсет материнской платы,L3 кэш-память,Со-процессор,Максимальная частота Turbo Boost,Микропроцессор материнской платы,Архитектура материнской платы,Модель процессора,Тактовая частота процессора,Внешняя кэш-память,Сокет процессора,L2 кэш-память,Количество ядер процессора,Технология процессора,Южный мост материнской платы,Напряжение ядра процессора (режим батареи),Семейство процессоров,;1118558462;
ноутбуки;Диск;Производитель флоппи-дисковода,Интерфейс жесткого диска,Контроллер дисковой подсистемы,Раздел жесткого диска,Скорость вращения шпинделя,Количество установленных накопителей SSD,Защита жесткого диска,Фактор чередования секторов жесткого  диска,Емкость жесткого диска,Высота жесткого диска,Число установленных жестких дисков,Количество пластин жесткого диска,Объем SSD-диска,Флоппи-дисковод,Буфер жесткого диска (PIO режим 4),Размеры флоппи-дисковода (ШхГхВ),Контроллер жёсткого диска,Буфер жесткого диска (Ultra ATA режим 2),Тип носителя памяти,Буфер жесткого диска (PIO режим 4),Размер жесткого диска,Носители, поддерживаемые флоппи-дисководом,Флоппи-дисковод,Производитель жесткого диска,Интерфейс SSD,Тип жесткого диска,Жесткий диск для ПК или ноутбука?,Максимальная скорость передачи данных флоппи-дисковода,Полный объем хранения,Частота вращения флоппи-дисковода,;-366268819;
ноутбуки;Память;Разметка памяти,Слоты памяти,Тип внутренней памяти,Тактовая частота памяти,Максимальная внутренняя память,Производитель внутренней памяти,Увеличение объёма памяти,Intel Turbo память,Размеры модуля расширения внутренней памяти,Число свободных слотов расширения внутренней памяти,Оперативная память,Максимальный объем RAM (64 бит),Слоты для памяти (доступные),Скорость доступа к внутренней памяти,;510421822;
ноутбуки;Оптический привод;Скорость DVD+RW,Максимальная скорость CD/DVD,Скорость чтения BD-ROM,Скорость пакетной передачи данных CD/DVD-привода в режиме multiword DMA,Скорость записи CD-R,Среднее время полного цикла доступа CD-ROM привода,Скорость записи BD-R,Скорость DVD-R,Скорость записи двухслойного DVD-диска,Скорость записи HD DVD-ROM,Скорость записи DVD-RAM,Скорость перезаписи CD,Скорость передачи DVD-привода,Скорость чтения DVD-RAM,Скорость чтения двухслойного DVD+R,Скорость записи DVD-RW,DVD DMA мультирежим (DMA режим 1),Скорость записи CD,Скорость чтения DVD+RW,Скорость пакетной передачи данных DVD-ROM (PIO mode 4),Скорость чтения DVD,Размер буфера CD/DVD,Скорость чтения двустороннего DVD-диска,Скорость записи DVD+R,Скорость передачи CD-RW/DVD-ROM,Скорость чтения CD-RW,Скорость передачи данных DVD (непрерывный режим),Скорость повторной записи DVD,Скорость записи DVD+RW,Скорость передачи данных DVD-ROM DMA single mode (DMA mode 2),Скорость DVD-RW,Скорость чтения двухслойного DVD-R,Скорость записи двухслойного DVD+R,Labelflash,Носители, поддерживаемые CD-ROM приводом,CD-RW/DVD-ROM-привод съемный,DVD,Скорость чтения DVD-R,Среднее время произвольного позиционирования DVD-ROM-привода (режим CD-ROM ),Среднее время произвольного позиционирования CD-ROM привода(режим CD-ROM ),Скорость чтения HD DVD-ROM,Совместимость DVD привода,Скорость чтения BD-R,Скорость чтения CD,Тип DVD-привода,Формат диска, соответствующий приводу,Скорость вращения CD/DVD-привода,Поддерживаемые типы дисков,Cкорость записи BD-R DL,Тип интерфейса DVD,Скорость чтения DVD-RW,Технология LightScribe,Скорость передачи данных DVD-ROM  (непрерывный режим),Скорость чтения BD-RE,CD-ROM DMA мульти-режим (DMA режим 1),Максимальная скорость CD-привода,Среднее время произвольного позиционирования DVD-ROM-привода,Скорость чтения CD-R,Скорость передачи данных CD-ROM DMA single mode (DMA mode 2),Интерфейс CD-RW/DVD-ROM,Интерфейс оптического привода,Скорость чтения DVD+R,Скорость пакетной передачи данных CD/DVD-привода в режиме DMA,Производитель CD/DVD-привода,Скорость DVD+R,CD-ROM drive transport,Скорость записи двухслойного DVD-R,Тип оптического привода,Перемещение DVD-ROM-привода,Тип интерфейса CD-ROM,Скорость записи CD-RW,Скорость записи DVD,Скорость записи BD-RE,Скорость пакетной передачи данных CD-ROM  (PIO mode 4),Скорость пакетной передачи данных CD/DVD-привода в режиме UDMA,Скорость записи DVD-R,;-783998238;
ноутбуки;Экран;Размер точки,Сенсорный экран,Яркость LCD  (сетевой адаптер, полу яркий),Производитель экрана,Яркость дисплея,Разрешение экрана,Уровни 1-8 яркости ЖКД,Форматное соотношение,Яркость LCD  (сетевой адаптер, яркий),Глянцевый дисплей,Full HD,Яркость LCD (сетевой адаптер, сверх яркий),Время отклика подъём/падение,Контрастность (типичная),Сенсорная технология,Яркость LCD (батарея, сверх яркий),Диагональ экрана,Эквивалент разрешения дисплея (режим 3D),Яркость LCD (батарея, яркий),Дисплей,Количество цветов экрана,LED подсветка,Яркость LCD (батарея, полу яркий),3D совместимость,;1553715920;
ноутбуки;Аудио;Прямой трехмерный звук аудиосистемы,Производитель аудиосистемы,Мощность динамика,Аудио входит в комплектацию,Встроенный микрофон,Производитель колонок,Аудиосистема,Порты аудиосистемы,Звуковые драйверы,Полный дуплекс аудиосистемы,Максимальная частота выборки аудиосистемы,Встроенный сабвуфер,Число встроенных динамиков,Поддерживаемые звуковые стандарты,Поддерживаемые форматы аудио,Прямой звук аудиосистемы,;1527190647;
ноутбуки;Соединения;Разъем докстанции,Версия беспроводного соединения,Количество портов eSATA,Combo headphone/microphone port,ИК-порт,Микрофон, линейный вход,Интерфейсы адаптера ввода/вывода,Тип кабельной связи,Количество параллельных портов,Количество портов Thunderbolt,Разъем линейного выхода динамика / наушников,Производитель связи,Количество портов Mini VGA,Количество eSATA/USB 2.0 портов,Гнездо входа постоянного тока (DC),Тип портов ввода/вывода,Количество портов USB 2.0,Порт выхода S/PDIF,Число интерфейсов,Производитель кабельной связи,Количество последовательных портов,Порт S-Video,Количество портов DisplayPort,Количество micro HDMI портов,Количество портов USB 3.0,Количество портов FireWire,Порт ТВ-выхода,Порт DVI,Чипсет кабельной связи,Количество eSATA/USB 3.0 портов,Средства связи,Количество мini DisplayPort портов,Количество портов VGA (D-Sub),Количество HDMI портов,Количество портов PS/2,Разъем кабельной связи,Порты связи,Версия HDMI,Количество портов Ethernet LAN ( RJ-45),Порты ввода/вывода,Производитель беспроводной связи,Выходной коннектор графического адаптера,Свойства кабельной связи,;2023703440;
ноутбуки;Вес и размеры;Высота (спереди),Высота (спереди),Вес,Вес адаптера переменного тока,Вес CD/DVD,Высота (сзади),Высота (сзади),Вес привода устройства,Глубина,Высота,Высота,Ширина,Ширина,Глубина,;1417396753;
ноутбуки;Энергопитание;Особые свойства батареи,Внешний адаптер питания,Рассеиваемая мощность адаптера переменного тока,Время работы с дополнительной второй батареей,Автоматическое определение питания,Возобновление аварийного питания от аккумулятора после,Выходное напряжение адаптера переменного тока,Срок службы батареи в выключенном состоянии,Входное напряжение адаптера переменного тока,Выходной ток адаптера переменного тока,Возобновление аварийного питания от аккумулятора после,Управление питанием,Срок службы батареи во включенном состоянии,Рабочая характеристика батареи,Частота адаптера переменного тока,;321626973;
ноутбуки;Внешние условия;Высота над уровнем моря в нерабочем режиме,Вибрация в рабочем режиме,Ударопрочность с/без установленного CD-ROM-привода в нерабочем режиме,Максимальный тепловой градиент в нерабочем режиме,Диапазон относительной влажности при хранении,Вибрация с/без установленного CD-ROM-привода в нерабочем режиме,Ударная нагрузка в нерабочем режиме,Высота над уровнем моря в рабочем режиме,Диапазон рабочих температур,Диапазон температуры хранения,Ударопрочность с/без установленного CD-ROM-привода в рабочем режиме,Вибрация в нерабочем режиме,Максимальный тепловой градиент в рабочем режиме,Относительная влажность хранения (без образования конденсата),Вибрация с/без установленного CD-ROM-привода в рабочем режиме,Высота в нерабочем режиме,Рабочая высота,Ударная нагрузка в рабочем режиме,Диапазон относительной влажности при эксплуатации,;381888756;
ноутбуки;Клавиатура;Размер клавиш клавиатуры,Euro-клавиша клавиатуры,Подсветка,Цифровая клавиатура,Число клавиш клавиатуры,Нажатие клавиши клавиатуры,Количество клавиш управления курсором,Количество горячих клавиш,Раскладка клавиатуры,Производитель клавиатуры,Язык клавиатуры,Клавиши быстрого доступа,Манипулятор,Особые свойства клавиатуры,Клавиши Windows,Функциональные клавиши клавиатуры,Устойчивая к пролитию клавиатура,Полноразмерная клавиатура,Тип клавиатуры,;-1679010180;
ноутбуки;Сеть;Скорость сети,Чип модема,Поддержка беспроводной  сети,Подключение WLAN,Wireless Wide Area Network (WWAN),4G WiMAX,Версия Bluetooth,Тип WLAN,Модуль доступа к сети 3G,Готов к использованию UMTS,Беспроводная совместимость,Интегрированная беспроводная LAN, тип I/F микросхемы сети,Bluetooth,Скорость передачи данных Ethernet LAN,Подключение Ethernet,Производитель сетевого оборудования,Разъем сети,;-365884370;
ноутбуки;Видео;Графический адаптер BitBLT,Максимальное разрешение,Функция поддержки нескольких дисплеев,ТВ-тюнер, встроенный в графический адаптер,Максимальное количество цветов внутренних видеорежимов,Шина графического адаптера,Модель дискретного графического адаптера,Объём памяти дискретного графического адаптера,Характеристики видеоадаптера,2D графический акселератор,Объём памяти графического адаптера,Максимальная частота обновления видеорежимов (не чередующихся),Блок обработки треугольников,Графический адаптер с уменьшением мерцания на ТВ-выходе,Тактовая частота шины графического адаптера,Память встроенного графического адаптера,Количество дискретных графических адаптеров,Максимальное число цветов видеорежимов,Модель встроенного графического адаптера,Максимальная частота обновления внешних видеорежимов,Технология видеорежимов,Графический адаптер,Нечередующееся разрешение внешних видеорежимов с максимальной частотой регенерации,Тип памяти дискретного графического адаптера,3D графический акселератор,Свойства видеокарты,Максимальная частота обновления внешних видео режимов (не чередующихся),Поддержка графическим адаптером спецификации direct 3D,Разрешение видеоадаптера,Внешние видеорежимы графического адаптера,Тип отображения видео режимов,Разрешение видеорежимов,Поддержка графическим адаптером Open GL,Разрешение внешнего видеоадаптера,Семейство графического адаптера,;1528709895;
ноутбуки;Носители хранения данных;Встроенный кардридер,Совместимые карты памяти,Объем модуля памяти NAND,;-520089849;
ноутбуки;Данные об упаковке;Вес упаковки,Размеры упаковки (ШхГхВ),;-1030102728;
ноутбуки;Безопасность;TPM модуль,Слот кабельной блокировки,Восстановление жесткого диска,Защита паролем,Описание управления безопасностью,Сканер отпечатков пальцев,;99329621;
ноутбуки;Сертификаты;Wi-Fi сертифицировано,Cоответствие RoHS,Сертификация,EPEAT стандарт,Сертифицировано Energy Star,;504375301;
ноутбуки;Операционная система;Архитектура операционной системы,ПО для записи CD/DVD,ПО для CD-RW/DVD-ROM -плеера,Драйвера в комплекте,Альтернативная операционная система в комплекте,Поставляемое ПО,Операционная система,Загружаемое программное обеспечение,ПО - образование / справочники,ПО с ограниченным сроком использования,Продуктивность ПО,Предварительно установленное ПО,;-1853981656;
ноутбуки;Камера;Разрешение фотоаппарата,Встроенная камера,Скорость захвата видео,Вращающаяся вебкамера,Мегапиксели,;367250991;
ноутбуки;Содержимое упаковки;Гарантийная карточка,Инструкция,Мышь входит в комплектацию,Сумка в комплекте,Пульт дистанционного управления,Краткая инструкция пользователя,Поставляемые кабели,Сетевой адаптер в комплекте,;1312474361;
ноутбуки;Слоты расширения;Тип слота CardBus PCMCIA,Количество слотов CardBus PCMCIA,Слот SmartCard,ExpressCard слот,;-178290239;
ноутбуки;Батарея;Емкость батареи,Технология батареи,Напряжение батареи,Время подзарядки батареи,Время работы батареи (макс),Емкость батареи,Количество элементов аккумулятора,;-892326275;
ноутбуки;Особенности;Intel Anti-Theft Technology,Intel visual technologies,Intel Rapid Start Technology,Intel vPro Technology,Тип TV-тюнера,Intel My WiFi Technology,Intel Turbo Boost Technology,Беспроводное подключение дисплея,Intel Identity Protection Technology,Встроенный TV-тюнер,Intel Smart Response Technology,Intel Hyper-Threading Technology,Intel Smart Connect Technology,;435842312;
ноутбуки;Прочие свойства;Тип аудиоадаптера,Тип разъема,Ширина коробки,Тип модема,Совместимые операционные системы,Тип,Шина памяти,Количество внешних упаковок,Примечание к размерам (брит.),Подключение микрофона,Подключения спереди/сбоку,Объем видеопамяти,Описание управления конфигурированием,Среднее время доступа жесткого диска,Минимальные системные требования,Композитный видео выход,Гарантия,Время перезарядки батареи (вкл),Диапазон рабочих температур,Скорость передачи CD-ROM (непрерывный режим),Сеть передачи данных,Размер диагонали экрана (метрич.),Вес,Регулятор громкости,Размеры (ШхГхВ),Встроенные порты для сети,Toshiba EasyGuard,EAN/UPC/GTIN (внешняя картонная упаковка),Разрешение основной камеры,Датчик ориентации,Беспроводная технология,Поддержка BIOS Plug and Play,Сервис провайдер,Технические особенности,Интерфейс,Композитный видео вход,Радиус действия Bluetooth ®,Класс энергоэффективности,Емкость памяти,Время непрерывного воспроизведения аудио,Время доступа к памяти,Скорость модема,Внешний дисплей,Всего (в наличии) слотов и заливов,Память BIOS,Среднее время прямого доступа CD-ROM привода,Драйверы для оптических приводов,Длина кабеля,Примечание к блоку питания,Свойства управления,Максимальный объем флеш-карты,Рабочая высота,Видимая область экрана (ГхВ),Размер памяти BIOS,Вторая камера,Тип упаковки,Примечание к размерам (метрич.),Внутренний модем,BitBLT,Количество продуктов в комплекте,Тип корпуса,Электронный компас,Вес брутто упаковки,Высота SSD накопителя,Мультимедийные возможности,Компенсация движения,Относительная влажность,Световой индикатор,Тип контроллера,Поддерживаемые приложения,Тип Ethernet интерфейса,Варианты док-станций,Ширина внешней упаковки (см),Описание памяти,GSM модуль,Беспроводная передача,Чип безопасности,Тип сети,Потребляемая мощность,Устройства с несколькими отсеками,USB порт,Просмотр времени,Объём буфера,Задние порты,Plug & Play,Toshiba EasyMedia,Максимальная высота хранения,Байтов на сектор,Поддерживаемые сетевые протоколы,Порт входа TV,Стандартный объем памяти,Тип интерфейса,Автофокусировка,Тип беспроводной опции,Скорость передачи привода,Технологии Dolby,Глубина коробки,Видео-RAM,Тип сетевого соединения,Мегапиксели второй камеры,Включення при надходженні дзвінка на модем (WOR),Разрешение,Число секторов на дорожке,Производитель,Электронная почта,Тип модулей памяти,Размеры (ШхГхВ),Поддержка SIM карт,Вход видео,Дополнительные принадлежности,Система аналогового формата сигнала,Светловой сенсор,Время перезарядки батареи (выкл),L2 кэш-память,Совместимость с носителями для чтения/записи,Скорость передачи DVD-ROM (непрерывный режим),Разрешение основной камеры,Сервисы включённые в обслуживание,Число слотов,Антенна,BIOS ACPI,Размер дисплея (ГхВ),Вход HDMI,Тип подачи питания,Версия операционной системы,Беспроводной стандарт,Вариант размещения на поверхности,Качество звука,Модернизация процессора,Аппаратура в комплекте,Видеокарта,Всемирная AC совместимость,Вход линии,Поддерживаемые протоколы,Регулятор громкости,Максимальная высота доставки,Количество портов Micro-USB 2.0,Порт репликатор NetDock,Форматы ТВ-тюнера,Производитель процессора,Порты модема (RJ-11),Съемный,EAN/UPC/GTIN (упаковка),Эффективные мегапиксели (фото),Исходные данные листов,Контроллер LAN,Опциональные функции,Поддержка BIOS VESA,RAMDAC графического адаптера,Тип опции,Мультимедиа,Размер памяти BIOS,Одновременный внешний дисплей,Освещение клавиатуры,Тип расширения,Вес нетто упаковки,Свивка кабеля,CardDock,HD-ready,Тип апгрейда,Системное управление BIOS,Сертифицированная операционная система,Графический интерфейс адаптера,Напряжение ядра процессора (переменный ток),Средства защиты,Флэш-память,Улучшеное управление электропитанием BIOS,Флэш-память,Размер,Вес нетто внешней упаковки,Требования к питанию,Код UNSPSC,Количество портов Mini-USB 2.0,Совместимость,Версия беспроводного соединения,Фиксированная скорость сети,Возобновление аварийного питания от аккумулятора после,Потребляемая мощность (режим ожидания),Вec,Количество mini HDMI портов,Примечание по задним портам,Минимальный объём ОЗУ,Максимальная емкость жесткого диска,Количество портов USB 1.1,Высота упаковки,Максимальное количество цветов (макс. видео ОЗУ),Вес с батареей,Функция Wake-on-LAN,Разрешение внутреннего видеорежима,USB материнская плата,Сухой вес упаковки,Разрешение видеокарты,Примечание по стандартному объему памяти,Подключение наушников,Размер памяти BIOS,Эргономичность,Максимальная высота эксплуатации,Количество типов расширения,Обмен мгновенными сообщениями,Горячие клавиши,Поддержка BIOS DPMS,Минимальный объём жесткого диска,Подсветка дисплея,Пароль для защиты жесткого диска,Тип батареек,Сенсор рассеяного света,Особые свойства,Панель управления,Casework,Среднее время прямого доступа  DVD-ROM-приводу,Топология сети,Тип отсеков,Сухой вес внешней упаковки,Сигналы тревоги,Высота внешней упаковки (см),Слоты расширения,Производитель BIOS,QosmioEngine,Примечание по видеокарте,Скорость передачи данных,Тип контроллера жестких дисков,Характеристики сети,Встроенный графический адаптер (UMA/GMA),Дистанционное управление мультимедийным центром,Наличие модели,Функции для энергосбережения:,Встроенные колонки,Количество головок жесткого диска,Скорость чтения DVD-ROM,Тип SIM карты,Максимальная скорость привода,Формат материнской платы,Вес брутто (внешняя картонная упаковка),Поддерживаемые форматы изображения,Отсеки для приводов,Совместимые процессоры,Гарантия,A-GPS функция,Флеш-ROM BIOS,Соответствие промышленным стандартам,Форматы сжатия видео,Адаптер SelectBay,Описание веб-камеры,Время поиска track to track (чтение/запись),Функция GPS,Беспроводные функции,Технология системной памяти,Максимальная скорость передачи данных WLAN,Колонки,Поддержка BIOS DDC,Станция расширения,Спецификации Ethernet,Длина внешней упаковки (см),Функции безопасности,;116704500;
манипуляторы/устройства ввода данных;Технические характеристики;Длина кабеля,Время поиска,Описание настольных принадлежностей,Интерфейс,Совместимость с носителями для чтения/записи,Порты ввода/вывода,Раскладка клавиатуры,Вес упаковки,Совместимость устройства с носителями,Скорость привода,Потребляемая мощность,Описание устройства ввода,Скорость передачи привода,Время доступа,Код UNSPSC,Функциональные клавиши,Объём буфера,Совместимость,Размеры упаковки (ШхГхВ),Емкость памяти,Вес,Постоянная скорость передачи данных,Совместимость с Mac,Клавиши,Минимальные системные требования,Рекомендуемые требования к системе,Размеры (ШхГхВ),Совместимые операционные системы,Исходные данные листов,;-1593880065;
продление гарантийных обязательств;Технические характеристики;Ключевые преимущества,Технические особенности,Поддержка телефона,Количество лет,Время отклика,Размер,Уровень обслуживания,Код UNSPSC,Минимальная цена оборудования,Сервисы включённые в обслуживание,Страна закупки,Совместимость,Максимальная стоимость оборудования,Поддержка на сайте,Размеры (ШхГхВ),Тип,Следующий рабочий день (NBD),Время ремонта,Вec,Географическое покрытие,Страна происхождения,Диапазон действия страховки,Постановления и условия,Исключения,Глубина,Вес,Гарантия,Ширина,Активация,Время обслуживания (дни x часы),Исходные данные листов,;1446262885;
продление гарантийных обязательств;Лицензия;Количество лицензий,;-1782671256;
продление гарантийных обязательств;Системные требования;Платформа,;629014709;
продление гарантийных обязательств;Вес и размеры;Высота,;-1047588266;
продление гарантийных обязательств;Данные об упаковке;Вес упаковки,Высота упаковки,Длина упаковки,Ширина коробки,Высота коробки,Глубина коробки (дюймы),Ширина коробки,Вес упаковки,;-2099842029;
продление гарантийных обязательств;Операционная система;Совместимые операционные системы,;918701123;
беспроводные презентеры;Технические характеристики;Порты ввода/вывода,Материал,Совместимость,Вес,Размеры,Bluetooth,Совместимые операционные системы,Станция для подзарядки главного устройства,Цвет,Совместимость с Mac,Размеры (ШхГхВ),Содержание,Клавиши,Минимальные системные требования,Гарантия,Внешние размеры (ШхГхВ),Исходные данные листов,;1852360100;
беспроводные презентеры;Экран;Диагональ экрана,Разрешение экрана,Дисплей,;-1406074506;
беспроводные презентеры;Системные требования;Поддерживаемые операционные системы Linux,Поддерживаемые операционные системы Windows,Поддерживаемые операционные системы Mac,;-294049484;
беспроводные презентеры;Соединения;Полоса частот,Дальность действия (беспроводная),Версия Bluetooth,Беспроводная технология,;945507498;
беспроводные презентеры;Вес и размеры;Размеры (ШхГхВ),Вес,;-1352471881;
беспроводные презентеры;Энергопитание;Технология батареи,Тип батареек,Число поддерживаемых батарей,;1846725635;
беспроводные презентеры;Внешние условия;Диапазон рабочих температур,;1417855002;
беспроводные презентеры;Цвет;Цвет продукта,;92973507;
беспроводные презентеры;Носители хранения данных;Совместимые карты памяти,Встроенный кардридер,Максимальный объем флеш-карты,;1052844705;
беспроводные презентеры;Данные об упаковке;Вес упаковки,Размеры упаковки (ШхГхВ),;2100310098;
беспроводные презентеры;Сертификаты;Сертификация,Cоответствие RoHS,;1440039467;
беспроводные презентеры;Операционная система;;-4363070;
беспроводные презентеры;Содержимое упаковки;Руководство пользователя,Поставляемый ресивер,Батарейки в комплекте,Объем карты памяти в комплекте,Футляр для транспортировки,Карта памяти в комплекте,;-428975841;
беспроводные презентеры;Особенности;Цвет лазерной указки,Функции презентера,Технология определения движения,Plug & Play,Трэкбол,Количество кнопок,Вкл/Выкл переключатель,Прокрутка,Индикатор уровня заряда батареи,Светодиодные индикаторы,Таймер,;1371506478;
беспроводные презентеры;Приемник;Тип ресивера,Интерфейс беспроводного ресивера,;-1667391925;
клавиатуры и десктопы;Технические характеристики;Описание устройства ввода,Материал,Функциональные клавиши клавиатуры,Максимальная температура при эксплуатации,Размеры основного отсека (ШхГхВ),Вес тары,Размеры Master Carton (ШхГхВ),Цвет продукта,Особые свойства,Гарантия,Исходные данные листов,Вес,Bluetooth,Внешние размеры (ШхГхВ),Цифровая клавиатура,Требует полку,Дополнительные принадлежности,Количество в одной коробке,Внешние размеры (ШхГхВ),Технические особенности,Максимальное рабочее расстояние,Требования к питанию,Периферийные/интерфейсные устройства,Код UNSPSC,Сервисы включённые в обслуживание,Другие особенности,Индикатор состояния батареи,Число коробок на паллету,Описание настольных принадлежностей,Вec,Характеристики дизайна,Светодиодные индикаторы,Порты ввода/вывода,Количество продуктов в комплекте,12 NC-код,Длина кабеля,Защита от брызг,Вес брутто,Особые свойства батареи,Размеры,Функции клавиатуры,Внутренний,Цвет,EAN/UPC/GTIN,Размеры (ШхГхВ),Содержание,Технология подключения,;-1018996867;
клавиатуры и десктопы;Системные требования;Поддерживаемые операционные системы Windows,Минимальный процессор,Необходим привод CD-ROM,Поддерживаемые операционные системы Mac,Тактовая частота процессора,Минимальный объём жесткого диска,Минимальный объём ОЗУ,Поддерживаемые операционные системы Linux,Требуется USB,;-675786291;
клавиатуры и десктопы;Соединения;Версия Bluetooth,Количество портов USB 2.0,Микрофон, линейный вход,Дальность действия (беспроводная),Полоса частот,Длина кабеля,Разъем линейного выхода динамика / наушников,;-497110909;
клавиатуры и десктопы;Вес и размеры;Вес приемника,Размеры клавиатуры (ШхГхВ),Размеры мыши (ШхГхВ),Вес клавиатуры,Вес мыши,Размеры приемника (ШхГхВ),;1340296254;
клавиатуры и десктопы;Энергопитание;Количество батареек мышки,Автовыключение,Технология батареи,Количество батареек клавиатуры,Тип источника питания,Тип батареек,Емкость батареи,Время работы батареи (макс),Встроенная батарея,Тип батареи мышки,Емкость батареи,Тип батареи клавиатуры,Потребление тока,Число поддерживаемых батарей,;244526474;
клавиатуры и десктопы;Внешние условия;Диапазон относительной влажности при хранении,Диапазон относительной влажности при эксплуатации,Диапазон рабочих температур,Диапазон температуры хранения,;-697246751;
клавиатуры и десктопы;Клавиатура;Раскладка клавиатуры,Горячие клавиши,Стиль клавиатуры,Регулировка высоты клавиатуры,Устойчивая к пролитию клавиатура,Язык клавиатуры,Устройства, встроенные в клавиатуру,Подушка для запястья,Число клавиш клавиатуры,Гибкая клавиатура,Формат клавиатуры,Интерфейс устройства,Цель,Рекомендованное применение,Програмируемые горячие клавиши,;95142767;
клавиатуры и десктопы;Устройство ввода;;-1442287135;
клавиатуры и десктопы;Данные об упаковке;Размеры упаковки (ШхГхВ),Тип упаковки,Вес упаковки,;-1725781205;
клавиатуры и десктопы;Сертификаты;Сертификация,Cоответствие RoHS,;-331458190;
клавиатуры и десктопы;Индикация/сигналы;;-1533894837;
клавиатуры и десктопы;Операционная система;Поставляемое ПО,;-386099877;
клавиатуры и десктопы;Внутренняя картонная упаковка;Вес нетто внутренней упаковки,;1909886857;
клавиатуры и десктопы;Внешняя картонная упаковка;Ширина внешней упаковки,Вес брутто (внешняя упаковка),Количество внешних упаковок,EAN/UPC/GTIN (внешняя картонная упаковка 2),Сухой вес внешней упаковки,Высота внешней упаковки (см),Ширина внешней упаковки,Длина внешней упаковки,Вес тары (внешняя упаковка),EAN/UPC/GTIN (внешняя картонная упаковка),Высота внешней упаковки,Вес нетто внешней упаковки,Высота внешней упаковки,Вес брутто (внешняя картонная упаковка),Вес нетто внешней упаковки,Длина внешней упаковки,Ширина внешней упаковки (см),Количество (внешняя картонная упаковка 2),Длина внешней упаковки (см),;-1436109457;
клавиатуры и десктопы;Содержимое упаковки;Руководство пользователя,Батарейки в комплекте,Интерфейс адаптеры, которые поставляются,Поставляемый ресивер,Поставляемые кабели,Сетевой адаптер в комплекте,;1221278054;
клавиатуры и десктопы;Особенности;Вытяжной кабель,Дисплей в комплекте,Подсветка,Совместимые карты памяти,Plug & Play,Направления прокрутки,Цвет подсветки,Издание игры,Расцветка покрытия,Внутрення память,Встроенный кардридер,Эргономический дизайн,Количество колесиков прокрутки,Перезаряжающийся,Защитные возможности,Дисплей,;-399991179;
клавиатуры и десктопы;Прочие свойства;Длина упаковки,EAN/UPC/GTIN (упаковка),Ширина коробки,Совместимые операционные системы,Глубина коробки,Минимальные системные требования,Количество каналов,Вес нетто упаковки,Размер,Манипулятор,Совместимость,Ширина,Глубина,Встроенный тачпад,Вес брутто упаковки,Высота упаковки,Высота,Глубина,Сухой вес упаковки,Высота,Ширина,;-962431007;
клавиатуры и десктопы;Приемник;Тип ресивера,Интерфейс беспроводного ресивера,"Объединяющий" приемник,;-676715420;
клавиатуры и десктопы;Мышь;Резиновые ручки,Количество кнопок,Разрешительная способность движения,Программируемые кнопки мыши,Технология определения движения,Прокрутка,Настраиваемый вес,Работает на любой поверхности,Функции кнопок,Тип прокрутки,Мышь входит в комплектацию,;1064564950;
компьютерные ТВ-тюнеры;Технические характеристики;Технические особенности,Digital Satellite Equipment Control (DiSEqC),Personal Video Recorder (PVR) входит в комплектацию,Plug & Play,Число тюнеров,Календарь,Чипсет,Размеры Master Carton (ШхГхВ),Цвет продукта,Языки экранных меню,Исходные данные листов,Модуляция,Поддержка субтитров,Родительский контроль,Требует полку,Электронный гид телепрограмм,Экранное меню (OSD),Содержание,Мультиканальный просмотр,Timeshift,;-422523159;
компьютерные ТВ-тюнеры;Диск;;1183637004;
компьютерные ТВ-тюнеры;Системные требования;Минимальный объём жесткого диска,Минимальный процессор,Минимальный объём ОЗУ,;853461561;
компьютерные ТВ-тюнеры;Аудио;Аудио декодеры,;-1965336392;
компьютерные ТВ-тюнеры;Соединения;Композитный видео вход,USB порт,Количество портов DVI-D,Порт DVI,Тип интерфейса,HDMI,Вход S-Video,Выход S-Video,Аудио (Л,П) вход,Композитный видео выход,Количество портов Ethernet LAN ( RJ-45),Количество портов FM антенны,Линейные входы (RCA),Количество антенных портов (75 Ом),Количество портов DVI-I,Количество портов VGA (D-Sub),Вход линии,Количество SCART портов,;-2050981905;
компьютерные ТВ-тюнеры;Вес и размеры;Размеры (ШхГхВ),Вес,;1126970706;
компьютерные ТВ-тюнеры;Энергопитание;Потребляемая мощность,Потребляемая мощность (режим ожидания),Внешний адаптер питания,Потребление тока,Питание через USB,Частота входного сигнала,Входное напряжение,;31200926;
компьютерные ТВ-тюнеры;Внешние условия;Диапазон относительной влажности при хранении,Диапазон относительной влажности при эксплуатации,Диапазон рабочих температур,Диапазон температуры хранения,;455331829;
компьютерные ТВ-тюнеры;Сеть;;1184021453;
компьютерные ТВ-тюнеры;Цвет;;1184167112;
компьютерные ТВ-тюнеры;Видео;Скорость захвата видео,Функция записи видео,Максимальное разрешение,Картинка-в-картинке,Разрешение видеозахвата,Форматное соотношение,Поддерживаемые разрешения,Поддерживаемые видеоформаты,3D совместимость,Система аналогового формата сигнала,;-1963817144;
компьютерные ТВ-тюнеры;Носители хранения данных;Совместимые карты памяти,Встроенный кардридер,;-1514882778;
компьютерные ТВ-тюнеры;Данные об упаковке;Размеры упаковки (ШхГхВ),Вес упаковки,;774131351;
компьютерные ТВ-тюнеры;TV-тюнер;Диапазон настройки,Тип TV-тюнера,Пульт дистанционного управления,Количество каналов,Пропускная способность канала,Внутренний,;1949259168;
компьютерные ТВ-тюнеры;Телетекст;Функция телетекста,Стандарты телетекста,Телетекст,;-1251015924;
компьютерные ТВ-тюнеры;Сертификаты;EPEAT стандарт,Сертифицировано Energy Star,Сертификация,Cоответствие RoHS,;-1256818810;
компьютерные ТВ-тюнеры;Индикация/сигналы;Светодиодные индикаторы,;-2007441825;
компьютерные ТВ-тюнеры;Операционная система;Поддерживаемые операционные системы Windows,Поддерживаемые операционные системы Linux,Другие поддерживаемые операционные системы,Поддерживаемые операционные системы Mac,;1143147975;
компьютерные ТВ-тюнеры;Радио;FM диапазон,AM диапазон,Поддерживаемые диапазоны радио,Предварительно установленное количество станций,;-1951126085;
компьютерные ТВ-тюнеры;Содержимое упаковки;Руководство пользователя,Поставляемые кабели,Батарейки в комплекте,Инструкция,;1409155962;
компьютерные ТВ-тюнеры;Антена;;-801011902;
компьютерные ТВ-тюнеры;Форматы файлов;Поддерживаемые форматы изображения,Поддерживаемый видеоформат,Поддерживаемые форматы аудио,;1433198;
компьютерные ТВ-тюнеры;Прочие свойства;Количество предпрасматриваемых каналов,Требования к питанию,FM радио,Вход аудио,Ширина коробки,Совместимые операционные системы,Выход аудио,Длина кабеля,Глубина коробки,Глубина,Версия языка,Минимальные системные требования,Тип файла,Порты ввода/вывода,Высота упаковки,Количество в паллете,Высота,Тип антенны,Удаленное администрирование,Поставляемое ПО,Вход видео,Характеристики сети,Частотный диапазон,Тип разъема антенны,Ширина,;190147573;
лицензии/обновления ПО;Технические характеристики;Количество символов в номере,Технические особенности,Поддерживаемые браузеры,Требования к питанию,Защита данных и приложений,Уровень обслуживания,Код UNSPSC,Форматы файла к сканнерам,Полнодуплексный режим,Поддерживаемые типы носителей,Предварительные требования клиента,Версия ПО,Страна происхождения,Панель управления,Поддерживаемые бизнес приложения,Предварительные требования по аппаратному обеспечению,64-битные вычисления,Тип контроллера RAID,Время восстановления,Исходные данные листов,Управление производительностью,Характеристики репликации,Диагностика,Воздушный поток,Предварительные требования по установке на сервер,Средства связи,Платформа,Customs code,Свойства рабочего процесса,Поддерживаемые приложения,Точка восстановления,Совместимые продукты,Поставляемое ПО,Максимальная пропускная способность порта,Основная версия ПО,Расстояние отображения,Число поддерживаемых устройств,;636046676;
лицензии/обновления ПО;Диск;Емкость жесткого диска,;1218182839;
лицензии/обновления ПО;Лицензия;Срок действия лицензии (месяцев),Тип лицензии,Опции лицензирования программного обеспечения,Срок действия лицензии (лет),Тип ПО,Тип лицензии программного обеспечения,Количество лицензий,Срок действия лицензии (дней),;1776769815;
лицензии/обновления ПО;Системные требования;Минимальный объём жесткого диска (сервер),Совместимые операционные системы,Минимальная скорость процессора,Минимальные системные требования,Минимальный объём жесткого диска,CD/DVD-ROM необходим,Минимальный процессор,Минимальный объём ОЗУ,Minimum processor family,Минимальный процессор (сервер),Совместимая среда для комплектующих,Рекомендуемый объем жесткого диска,Рекомендуемый процессор,Рекомендуемый объем памяти,Минимальная оперативная память (сервер),;1411724516;
лицензии/обновления ПО;Соединения;Порты ввода/вывода,;-1648282534;
лицензии/обновления ПО;Вес и размеры;Размер,Вec,Размеры (ШхГхВ),Вес,;2100274439;
лицензии/обновления ПО;Энергопитание;Источник питания,;1004504659;
лицензии/обновления ПО;Внешние условия;Относительная влажность хранения (без образования конденсата),Рабочая высота,Диапазон относительной влажности при хранении,Относительная влажность,Диапазон относительной влажности при эксплуатации,Диапазон рабочих температур,Диапазон температуры хранения,Высота в нерабочем режиме,;-502651286;
лицензии/обновления ПО;Сеть;Ширина полосы частот,Поддерживаемые протоколы,;1218567288;
лицензии/обновления ПО;Данные об упаковке;Ширина коробки,Тип упаковки,Глубина коробки,Вес упаковки,Высота упаковки,Объем упаковки,;1556834306;
лицензии/обновления ПО;Операционная система;Поддерживаемые операционные системы Windows,Поддерживаемые операционные системы Mac,;1701410930;
лицензии/обновления ПО;Язык;Версия языка,;1218986545;
лицензии/обновления ПО;Внутренняя картонная упаковка;Глубина внутренней упаковки,Вес нетто внутренней упаковки,Вес брутто (внутренняя упаковка),Объем внутренней упаковки,Ширина внутренней упаковки,Высота внутренней упаковки,Количество (внутренняя упаковка),;1087518290;
лицензии/обновления ПО;Внешняя картонная упаковка;Вес нетто внешней упаковки,Объем внешней упаковки,Количество внешних упаковок,Вес брутто (внешняя картонная упаковка),Глубина внешней упаковки,Ширина внешней упаковки,Высота внешней упаковки,;218934086;
сканеры;Технические характеристики;Совместимые карты памяти,Длина упаковки,Качество сканирования (ч/б, высшее),Индивидуальные размеры,Ширина коробки,Освещение,Рекоммендуемая плотность носителей,Страна происхождения,Скорость симплекс сканирования (ч/б),Опциональный вес продукта (брит),Вес упаковки,Описание управления конфигурированием,Загружаемое программное обеспечение,Качество сканирования (цвет, обычное),Масштабирование изображения / диапазон увеличения,Скорость дуплекс сканирования (цвет.),Исходные данные листов,Тип пленки,Возможность цветного копирования,Опциональные функции,Эмиссии звукового давления,Поддерживаемые размеры бумаги (автоподатчик бумаги),Размеры (ШхГхВ),Отказ от улучшеного разрешения сканирования (длинный),Качество сканирования (ч/б, черновой),Содержимое коробки,Максимальное число копий,Качество печати (цвет, высшее качество),Качество сканирования (цвет, черновой),Тип апгрейда,Стандарт цветового пространства,Минимальная область сканирования,Характеристики принтера,Технические особенности,Скорость копирования (обычное кач., ч/б, A4),Качество копирования (цвет, черновое качество),Размер,Максимальная вместимость выходного лотка,Требования к питанию,Допустимое число устанавливаемых друг на друга паллет,Код UNSPSC,Эмиссии мощности звука,Класс энергоэффективности,Совместимость,Примечания подсистемы копирования,Число слоев в паллете,Подсистема сканирования (примечание),Линейная скорость сканирования (брит),Скорость сканирования (цвет. фото 4x6),Вec,Скорость симплекс сканирования (цвет.),Размер оптического сенсора,Масштабирование копии,Рекомендуемые носители,Функции кнопок,Максимальная область сканирования,Отказ от улучшеного разрешения сканирования (краткий),Опции двусторонней печати,Плотность носителей (Автоподатчик бумаги, брит),Функции цифровой отправки,Ключевые преимущества,Качество печати (цвет, обычное качество),Опциональный вес продукта (метр),Минимальная область сканирования (Автоподатчик бумаги),Высота упаковки,Толщина носителя (брит.),Минимальная толщина носителей (брит),Допустимое число устанавливаемых друг на друга коробок (упаковок),Рабочий цикл,Адаптер для прозрачных плёнок (слайд-приставка),Версия TWAIN,Максимальная плотность носителя (Автоподатчик листов, брит),Скорость сканирования (ADF, A4),Динамический диапазон,Обращение с носителями,Поддержка удаленного сетевого принтера,Масштабируемое разрешение,Потребляемая мощность (выкл.),Максимальная ширина носителя (брит),Скорость сканирования (негатив),Объём буфера,Разрешение при копировании (черная графика),Разрешение копирования (текст),Качество сканирования (цвет, высшее),Технология печати,Максимальное разрешения сканирования,Скорость линейного сканирования (метрическая),Скорость сканирования (ч/б рисунок),Потребляемая мощность (режим экономии энергии),Провайдеры интернет факсов,Источник питания,Качество копирования (ч/б, черновое качество),Тип батареек,Особые свойства,Панель управления,Размеры упаковки (ШхГхВ),Вес поддона,Поддержка формата Exifprint,Драйвера в комплекте,Скорость сканирования (ADF),Разрешение копирования (цвет. текст и графика),Тревога на хосте,Минимальная плотность документа (Автоподатчик бумаги брит),Скорость дуплекс сканирования (ч/б),Скорость копирования (выс. кач., ч/б, A4),Описание управления безопасностью,Тип жесткого диска,Скорость копирования (выс. кач., цвет., A4),Примечание к скорости сканирования,Емкость жесткого диска,Размер в открытом виде (ДхШхГ),Разрешение,Двустороннее сканирование с Автоподатчика бумаги,Качество печати (ч/б, высшее качество),Скорость копирования (обычное кач., цвет., A4),Число коробок на паллету,Поддерживаемые типы носителей,Многозадачность AIO,Возможность отправки на e-mail,Тип подачи питания,Тип клавиатуры,Функции,Качество печати (цвет, черновое качество),Поддерживаемые форматы изображения,Время сканирования,Качество сканирования (ч/б, обычное),Эмиссия звукового давления (режим ожидания),Обновления драйвера,Интервал плотностей,Функции сканера,Точность линий,Сервис и поддержка,Максимальная ширина бумаги,Максимальная внутренняя память,Услуги (пакет поддержки),Размеры,Customs code,Настройки копировального аппарата,Минимальная толщина носителей (метр),Шаги установки,Эмиссия звуковой мощности (режим ожидания),Максимальная область сканирования (Автоподатчик бумаги),;1343672500;
сканеры;Процессор;Тактовая частота процессора,Встроенный процессор,;1583183764;
сканеры;Память;Оперативная память,Слоты памяти,;-1749859224;
сканеры;Экран;Сенсорный экран,Диагональ экрана,Разрешение экрана,Дисплей,;-874501018;
сканеры;Системные требования;Совместимые операционные системы,Минимальные системные требования,Минимальный процессор,Рекомендуемые требования к системе Macintosh,Рекомендуемые требования к системе,Минимальный объём ОЗУ,Требуется USB,Минимальные системные требования для Macintosh,Совместимость с Mac,Минимальный объём жесткого диска,;34652228;
сканеры;Соединения;Отправить в другое приложение,Стандартные интерфейсы,Опциональное соединение,Отправить на ПК,Отправить на принтер,Порты ввода/вывода,Интерфейс совместимости TWAIN,;-752781382;
сканеры;Вес и размеры;Примечание к размерам (брит.),Вес,Вес главной упаковки,Примечание к размерам (метрич.),Глубина,Опциональные размеры продукта (метрич.),Высота,Опциональные размеры продукта (брит.),Вес,Ширина,Ширина коробки,Максимальные размеры (ШхГхВх),Глубина коробки (дюймы),Размеры (ШхГхВ),Вес поддона,Размеры поддона (ШхГхВ),Высота коробки,;-361749081;
сканеры;Входная емкость;Стандартная вместимость на входе,Емкость автоподатчика бумаги,;1481638297;
сканеры;Форматы носителей;Формат Legal,Формат Letter,ISO A-форматы (А0…А9),ISO B-форматы (B0…B9),;-1137705155;
сканеры;Сканирование;Улучшеное разрешение сканирования,Скорость сканирования автоматического податчика бумаги (ч/б, A3),Разрешение вывода,Скорость сканирования дуплексного атоподатчика (ч /б, А4),Скорость сканирования автоматического податчика бумаги (цвет, A3),Скорость сканирования,Выходная глубина цвета,Установка системы скоростей сканирования,Разрешение оптического сканирования,Размер рабочей поверхности сканера,Глубина входного цвета,Скорость сканирования дуплексного атоподатчика (ч/б, A3),Минимальный размер сканирования,Режимы ввода при сканировании,Скорость планшетного сканирования (ч/б, A3),Источник света,Оптическая плотность (Dmax),Цветное сканирование,Скорость сканирования автоматического податчика бумаги (ч/б, A4),Скорость сканирования дуплексного атоподатчика (цвет, A4),Двустороннее сканирование,Скорость планшетного сканирования (ч/б, A4),Максимальная длина листов,Сканировать в,Форматы файла к сканнерам,Скорость сканирования дуплексного атоподатчика (цвет, A3),Плотность сканируемых носителей,Сканирование плёнок (негативов),Скорость сканирования (OCR, A4),Скорость сканирования автоматического податчика бумаги (цвет, A4),Максимальный размер сканирования,Ежедневная нагрузка (макс),Шкала уровней серого цвета,Тип сенсора,Скорость в режиме предварительного просмотра,Тип сканнера,;1534608614;
сканеры;Копирование;Максимальная скорость копирования  (ч/б, A4),;-1850458809;
сканеры;Факс;Поддерживаемые решения по сетевому пользованию факсом,Поддержка решений факсимильной передачи через интернет,Отправить на факс (через интернет),;248607021;
сканеры;Энергопитание;Частота входного сигнала,Входное напряжение,Потребляемая мощность (режим ожидания),Управление питанием,Потребляемая мощность,;-1457518861;
сканеры;Внешние условия;Максимальный рабочий диапазон температур (Т-Т),Диапазон рабочих температур,Относительная влажность хранения (без образования конденсата),Рекомендуемый диапазон относительной влажности,Диапазон относительной влажности при хранении,Диапазон относительной влажности при эксплуатации,Диапазон рабочих температур,Рекомендуемый диапазон температур при эксплуатации,Диапазон температуры хранения,;19726090;
сканеры;Прочность;Производительность для формата Letter (макс),Месячный рабочий цикл (макс),;1619111846;
сканеры;Сеть;Свивка кабеля,Поддержка сети,Отправить на электронный адрес (Digital Sender),Примечание о скорости подачи Digital Sender,Поддерживаемые сетевые протоколы,Характеристики сети,ПО для удаленного управления,;248522712;
сканеры;Цвет;Цвет продукта,Технология цветной печати,;248668371;
сканеры;Уровень шума;Уровень шума при сканировании,;-309846026;
сканеры;Обработка бумаги;Типы носителей сканирования,Минимальная область сканирования (Автоподатчик бумаги),Скорость подачи (ч/б),Стандартные размеры носителей,Скорость подачи (цвет.),Обнаружение многолистовой подачи,Максимальная область сканирования (Автоподатчик бумаги),Управление бумагой,Вес носителей для автоподатчика бумаги,Скорость подачи (цвет. фото),;1369130493;
сканеры;Данные об упаковке;Количество в паллете,Размеры поддона (ШхГхВ),Вес упаковки,Количество в главной упаковке,Размеры упаковки (ШхГхВ),Размеры Master Carton (ШхГхВ),Размеры Larger Master Carton  (ШхГхВ),Объем упаковки,Количество в упаковке,;-1260237982;
сканеры;Безопасность;Безопасность,;-927893505;
сканеры;Сертификаты;Сертификация,Электромагнитная совместимость,Сертифицировано Energy Star,;332691739;
сканеры;Операционная система;Поддерживаемые операционные системы Windows,Драйверы сканирования,Поддерживаемые серверные операционные системы,Другие поддерживаемые операционные системы,Поддерживаемые операционные системы Mac,Поставляемое ПО,Поддерживаемые операционные системы Linux,;324338642;
сканеры;Внешняя картонная упаковка;Количество внешних упаковок,Ширина внешней упаковки,Высота внешней упаковки,Вес нетто внешней упаковки,Объем внешней упаковки,Вес брутто (внешняя картонная упаковка),Глубина внешней упаковки,;926559910;
графические планшеты;Технические характеристики;Интерфейс,Plug & Play,Угол наклона,Цвет продукта,Светодиодные индикаторы,Исходные данные листов,Порты ввода/вывода,Оперативная память,Содержание,;564123966;
графические планшеты;Экран;Размер точки,Количество цветов экрана,Время отклика,Яркость,Дисплей,Угол обзора,Контрастность (типичная),;-2059951716;
графические планшеты;Системные требования;Поддерживаемые операционные системы Windows,Минимальный объём жесткого диска,CD/DVD-ROM необходим,Минимальный процессор,Минимальный объём ОЗУ,Поддерживаемые операционные системы Linux,Требуется USB,Поддерживаемые операционные системы Mac,;-821725106;
графические планшеты;Соединения;Длина кабеля,Версия Bluetooth,Количество портов USB 2.0,Диапазон частот,Количество портов DVI-I,Количество портов VGA (D-Sub),Дальность действия (беспроводная),;1532023876;
графические планшеты;Вес и размеры;Вес планшета,Размеры мыши (ШхГхВ),Размеры пера (Длина х Диаметр),Вес мыши,Размеры (ШхГхВ),Вес пера,;-370015011;
графические планшеты;Энергопитание;Потребляемая мощность,Время работы батареи (макс),Потребляемая мощность,Технология батареи,Тип батареек,Питание через USB,Частота входного сигнала,Число поддерживаемых батарей,Время работы в режиме ожидания,Входное напряжение,;-1465784791;
графические планшеты;Данные об упаковке;Размеры упаковки (ШхГхВ),Тип упаковки,Вес упаковки,;584678892;
графические планшеты;Сертификаты;Сертификация,Cоответствие RoHS,;-1852789295;
графические планшеты;Операционная система;Поставляемое ПО,;-532038692;
графические планшеты;Содержимое упаковки;Поставляемые кабели,Количество насадок для пера,Батарейки в комплекте,Зарядное устройство включено,Интерфейс адаптеры, которые поставляются,Держатель пера,Поставляемый ресивер,Краткая инструкция пользователя,Стенд для планшета,Пинцет для пополнения,;-168902971;
графические планшеты;Планшет;Количество програмируемых клавиш,Количество сенсорных колец,Диагональ,Разрешение,Интерфейс устройства,Рабочая зона,Форматное соотношение,Максимальная рабочая зона (ШхГ),Максимальная высота чтения,Функциональные клавишы планшета,Тип ввода планшета,Кнопки планшета,Количество горячих клавиш,Технология подключения,;840459880;
графические планшеты;Перо;Точность пера,Резиновые ручки,Вращение,Скорость передачи (перо),Беспроводное перо,Рабочая зона пера (шхг),Перо входит в комплектацию,Перо без батарейки,Уровни давления,Разрешение ввода (перо),Количество кнопок в пере,;-759608616;
графические планшеты;Особенности;Может использоваться как коврик для мыши,Tool ID,Совместимые карты памяти,Встроенный кардридер,Ластик,Прозрачный лист,Встроенная полость для хранения пера,Переключение широкоформатного/стандартного режимов,;-1921322284;
графические планшеты;Прочие свойства;Формат,Требования к питанию,Рабочая площадь (ШхГ),Количество кнопок,Совместимые операционные системы,Минимальные системные требования,Планшет входит к комплектацию,;400917696;
графические планшеты;Приемник;Тип ресивера,Интерфейс беспроводного ресивера,;648299621;
графические планшеты;Мышь;Точность мыши,Разрешительная способность движения,Функции кнопок,Формат,Количество кнопок в мышке,Мышь входит в комплектацию,Прокрутка,;-759676585;
графические планшеты;Сенсорное управление;Скорость доклада (касание),Сенсорная рабочая зона (шхг),Разрешение ввода (касание),Точность (касание),;-909200348;
компьютерные мышки;Технические характеристики;Чувствительность наушников,Потребляемая мощность,Материал,Вес нетто внутренней упаковки,Plug & Play,Максимальная температура при эксплуатации,Размеры основного отсека (ШхГхВ),Вес тары,Упаковочный материал,Размеры Master Carton (ШхГхВ),Цвет продукта,Гарантия,Особые свойства,Тип коннектора,Исходные данные листов,Формат,Функциональные клавиши,Вес,Рекомендуемые требования к системе,Станция для подзарядки главного устройства,Внешние размеры (ШхГхВ),Требует полку,Частота входного сигнала,Количество в одной коробке,Внешние размеры (ШхГхВ),Полоса частот,Технические особенности,Интерфейс,Требования к питанию,Максимальное рабочее расстояние,Периферийные/интерфейсные устройства,Код UNSPSC,Сервисы включённые в обслуживание,Другие особенности,Рабочая частота,Полное сопротивление,Описание настольных принадлежностей,Вec,Вариант размещения на поверхности,Разрешение датчика изображения,Светодиодные индикаторы,Количество продуктов в комплекте,12 NC-код,Длина кабеля,Вес брутто,Особые свойства батареи,Размеры,Цвет,Количество (внешняя картонная упаковка 2),Количество кнопок,Чувствительность микрофона,Технология,EAN/UPC/GTIN,Размеры (ШхГхВ),Клавиши,Содержание,Технология подключения,;-651341804;
компьютерные мышки;Системные требования;Минимальный процессор,Тактовая частота процессора,Минимальный объём жесткого диска,Минимальный объём ОЗУ,Требуется USB,;-1068349532;
компьютерные мышки;Соединения;Версия Bluetooth,Диапазон частот,Дальность действия (беспроводная),Длина кабеля,;-253577446;
компьютерные мышки;Вес и размеры;Вес приемника,Размеры мыши (ШхГхВ),Вес мыши,Размеры приемника (ШхГхВ),;-2049037753;
компьютерные мышки;Энергопитание;Источник питания,Автовыключение,Технология батареи,Время подзарядки батареи,Тип батареек,Время работы батареи (макс),Потребление тока,Число поддерживаемых батарей,;1150159763;
компьютерные мышки;Внешние условия;Диапазон относительной влажности при хранении,Диапазон рабочих температур,Диапазон относительной влажности при эксплуатации,Диапазон температуры хранения,;2032950186;
компьютерные мышки;Устройство ввода;Количество кнопок,Разрешительная способность движения,Технология определения движения,Прокрутка,Интерфейс устройства,Цель,Тип прокрутки,Рекомендованное применение,;1589439288;
компьютерные мышки;Данные об упаковке;Размеры упаковки (ШхГхВ),Тип упаковки,Вес упаковки,;-224515390;
компьютерные мышки;Сертификаты;Сертификация,Cоответствие RoHS,;-1371855429;
компьютерные мышки;Операционная система;Поддерживаемые операционные системы Windows,Поддерживаемые операционные системы Mac,Поставляемое ПО,Поддерживаемые операционные системы Linux,;-778663118;
компьютерные мышки;Внешняя картонная упаковка;Ширина внешней упаковки,Вес брутто (внешняя упаковка),Количество внешних упаковок,EAN/UPC/GTIN (внешняя картонная упаковка 2),Сухой вес внешней упаковки,Высота внешней упаковки (см),Ширина внешней упаковки,Длина внешней упаковки,Вес тары (внешняя упаковка),EAN/UPC/GTIN (внешняя картонная упаковка),Высота внешней упаковки,Вес нетто внешней упаковки,Высота внешней упаковки,Вес брутто (внешняя картонная упаковка),Вес нетто внешней упаковки,Длина внешней упаковки,Ширина внешней упаковки (см),Длина внешней упаковки (см),;-1068454394;
компьютерные мышки;Содержимое упаковки;Руководство пользователя,Батарейки в комплекте,Поставляемый ресивер,Дополнительные принадлежности,Чехол,Поставляемые кабели,Сетевой адаптер в комплекте,;515878063;
компьютерные мышки;Особенности;Вытяжной кабель,Резиновые ручки,Освещение,Направления прокрутки,Программируемые кнопки мыши,Настраиваемый вес,Работает на любой поверхности,Издание игры,Встроенная цифровая клавиатура,Расцветка покрытия,Внутрення память,Эргономический дизайн,Количество колесиков прокрутки,Функции кнопок,Перезаряжающийся,Дисплей,;-1440388418;
компьютерные мышки;Прочие свойства;Длина упаковки,EAN/UPC/GTIN (упаковка),Ширина коробки,Совместимые операционные системы,Глубина коробки,Минимальные системные требования,Количество портов USB 2.0,Вес нетто упаковки,Максимальная входная мощность,Размер,Манипулятор,Совместимость,Ширина,Выходная мощность,Глубина,Вес брутто упаковки,Высота упаковки,Высота,Глубина,Сухой вес упаковки,Высота,Ширина,;1767765930;
компьютерные мышки;Приемник;Тип ресивера,Интерфейс беспроводного ресивера,"Объединяющий" приемник,;668787899;
подставки и крепления для ЖК-панелей;Технические характеристики;Расстояние от стены (мин),Сборка,Количество опорных точек,Размер,SPS (система защиты экрана),Количество полок в комплекте,Сервисы включённые в обслуживание,Минимальное расстояние до потолка,Максимальная температура при эксплуатации,Дополнительные варианты цветового оформления,СНГ,Минимальное расстояние по горизонтали,Ноги,Описание настольных принадлежностей,Тип крепления,Резиновые прокладки,Максимальная ширина,Переключатель (кнопка) включения/выключения,Страна происхождения,Advancis™,Максимальное расстояние от пола (этажа),Готовые,Ящики,Максимальная количество полок,Толщина верхней пластины,Характеристики дизайна,Глубина внешней упаковки,Регулировка по высоте,Гарантия,Регулируемые полки,Исходные данные листов,Минимальное расстояние до пола,Дополнительные цвета,Колеса,Воздушный поток,Высота,Количество в паллете,Резиновые ножки,Высота интерфейса,Выдвижной,Максимальное расстояние до пола,Вес,Рекомендуемая цена продажи,SMM (Smart Movement Mechanism),Ширина внешней упаковки,Поддержка покатого потолока,Варианты док-станций,Диапазон относительной влажности при эксплуатации,Максимальное расстояние по горизонтали,Количество устройств,Регулируемая глубина,Цвет,Ширина интерфейса,Вертикальное расстояние (макс),Защитное стекло,Максимальное расстояние до потолка,Расстояние от стены (макс),Минимальный вес,Максимальный размер,Высота внешней упаковки,Подвижной,Тип винта,Линия продуктов,Количество вентиляторов,Количество в одной коробке,Минимальный размер,;1672948647;
подставки и крепления для ЖК-панелей;Экран;Максимальный размер экрана,Установка интерфейса,Совместимость размера экрана,Совместимость,Максимальный вес (емкость),Крепление VESA,Минимальная совместимость от размера экрана,;-1323073645;
подставки и крепления для ЖК-панелей;Системные требования;Совместимые операционные системы,Минимальные системные требования,;-2147414665;
подставки и крепления для ЖК-панелей;Соединения;Поставляемые кабели,Количество портов USB 2.0,;-1362880339;
подставки и крепления для ЖК-панелей;Вес и размеры;Диаметр вентилятора,Высота (макс),Толщина,Вec,Длина,Вес (макс),Вес брутто,Толщина полки,Глубина,Глубина (макс),Вес нетто,Размеры (ШхГхВ),Высота,Вес,Вес (мин),Вес нетто,Ширина,;481819604;
подставки и крепления для ЖК-панелей;Энергопитание;Потребляемая мощность,Рабочее напряжение,;-613950176;
подставки и крепления для ЖК-панелей;Внешние условия;Диапазон рабочих температур,;-1059586569;
подставки и крепления для ЖК-панелей;Цвет;Цвет продукта,;-42896378;
подставки и крепления для ЖК-панелей;Уровень шума;Уровень шума,;1795575849;
подставки и крепления для ЖК-панелей;Данные об упаковке;Размеры упаковки (ШхГхВ),Тип упаковки,Вес тары,Вес упаковки,;1356482901;
подставки и крепления для ЖК-панелей;Сертификаты;Сертификация,Безопасность,;-1400506744;
подставки и крепления для ЖК-панелей;Характеристики управления;Дистанционно управляемый,;764576092;
подставки и крепления для ЖК-панелей;Эргономика;Вращение,Угол поворота,Угол наклона,Вращение вокруг оси,Регулировка высоты,Подъем (лифт),Шарнирное соединение,Диапазон панорамирования,;-1802262146;
подставки и крепления для ЖК-панелей;Содержимое упаковки;Гвозди в комплекте,Содержание,;-2012782468;
подставки и крепления для ЖК-панелей;Материал;Материал,;-557152169;
