name;EN;RU;UK;DE;description;EN;RU;UK;DE
"Laptops";"Laptops";"мобильные рабочие станции";"мобільні робочі станції";"Notebooks";"Laptops";"Laptops";"мобильные рабочие станции";"мобільні робочі станції";"Notebooks"
"PCs/Workstations";"PCs/Workstations";"ПК/рабочие станции";"ПК/робочі станції";"PCs/Workstations";"PCs/Workstations";"PCs/Workstations";"ПК/рабочие станции";"ПК/робочі станції";"PCs/Workstations"
"Servers";"Servers";"серверы";"сервери";"Server";"Servers";"Servers";"серверы";"сервери";"Server"
"Keyboards & Desktops";"Keyboards & Desktops";"клавиатури";"клавіатури";"Tastaturen";"Keyboards & Desktops";"Keyboards & Desktops";"клавиатури";"клавіатури";"Tastaturen"
"Mice";"Mice";"компьютерные мышки";"комп'ютерні миші";"Mäuse";"Mice";"Mice";"компьютерные мышки";"комп'ютерні миші";"Mäuse"
"Media Presenters";"Media Presenters";"беспроводные презентеры";"бездротовi презентери";"Medien Präsentierer";"Media Presenters";"Media Presenters";"беспроводные презентеры";"бездротовi презентери";"Medien Präsentierer"
"Toners & Laser Cartridges";"Toners & Laser Cartridges";"тонеры и картриджи для лазерных принтеров";"тонер і картриджі для лазерних принтерів";"Tonerkassetten";"Toners & Laser Cartridges";"Toners & Laser Cartridges";"тонеры и картриджи для лазерных принтеров";"тонер і картриджі для лазерних принтерів";"Tonerkassetten"
"Warranty & Support Extensions";"Warranty & Support Extensions";"продление гарантийных обязательств";"подовження гарантійних забов'язань";"Garantieverlängerungen";"Warranty & Support Extensions";"Warranty & Support Extensions";"продление гарантийных обязательств";"подовження гарантійних забов'язань";"Garantieverlängerungen"
"Software Licenses/Upgrades";"Software Licenses/Upgrades";"лицензии/обновления ПО";"ліцензії/оновлення ПЗ";"Software-Lizenzen und Upgrades";"Software Licenses/Upgrades";"Software Licenses/Upgrades";"лицензии/обновления ПО";"ліцензії/оновлення ПЗ";"Software-Lizenzen und Upgrades"
"Tablets";"Tablets";"планшеты";"планшети";"Tablets";"Tablets";"Tablets";"планшеты";"планшети";"Tablets"
"Storage Servers";"Storage Servers";"серверы хранения и NAS сервера";"сервери зберігання і NAS сервери";"Speicher";"Storage Servers";"Storage Servers";"серверы хранения и NAS сервера";"сервери зберігання і NAS сервери";"Speicher"
