sku code;model;warehouse code;qty in stock
"701423-L31";"701423-L31";"Main";929
"920-005048";"G105";"Main";93
"U0AV3E";"4year 24x7 6-Hour Call-to-repair CDMR WS460c Collaborative Supp";"Main";0
"RN10200-100EUS---2X-ST2000VN000";"ReadyNAS 102";"Main";966
"RN10200-100EUS---2X-ST2000VX000";"ReadyNAS 102";"Main";22
"RN10200-100EUS---2X-ST3000VN000";"ReadyNAS 102";"Main";0
"RN10200-100EUS---2X-ST3000VX000";"ReadyNAS 102";"Main";719
"RN10200-100EUS---2X-ST4000VN000";"ReadyNAS 102";"Main";567
"RN31200-100EUS---2X-ST2000VN000";"ReadyNAS 312";"Main";841
"90-XB3B00MU00010";"GX1000";"Main";717
"E5J21AA";"K4000";"Main";577
"H6S54AAE";"1y SecureDoc WinEntr Supp 5K+ E-LTU";"Main";811
"H6S51AAE";"1y SecureDoc WinEntr Supp 1-499 E-LTU";"Main";551
"RN31200-EUS100-2X1TB";"ReadyNAS 312";"Main";541
"RN31200-EUS100-2X2TB";"ReadyNAS 312";"Main";765
"RN31200-EUS100-2X3TB";"ReadyNAS 312";"Main";0
"RN31200-EUS100-2X4TB";"ReadyNAS 312";"Main";146
"H6S52AAE";"1y SecureDoc WinEntr Supp 500-999 E-LTU";"Main";301
"H6S53AAE";"1y SecureDoc WinEntr Supp 1K-4999 E-LTU";"Main";843
"H6S55AAE";"3y SecureDoc WinEntr Supp 1-499 E-LTU";"Main";715
"H6S56AAE";"3y SecureDoc WinEntr Supp 500-999 E-LTU";"Main";854
"H6S57AAE";"3y SecureDoc WinEntr Supp 1K-4999 E-LTU";"Main";990
"H6S58AAE";"3y SecureDoc WinEntr Supp 5K+ E-LTU";"Main";0
"H6S59AAE";"1y SecureDocWinEntr RenSupp 1-499 E-LTU";"Main";0
"H7A18AAE";"1y SecureDocWinEntr RenSupp 500-999 E-LTU";"Main";154
"H7A19AAE";"1y SecureDocWinEntr RenSupp 1K-4999 E-LTU";"Main";879
"H7A20AAE";"1y SecureDocWinEntr Ren Supp 5K+ E-LTU";"Main";937
"H7A21AAE";"1y 24x7 SecureDoc WinEnt Supp 1K-4999 E-LTU";"Main";893
"H7A22AAE";"1y 24x7 SecureDoc WinEnt Supp 5K+ E-LTU";"Main";625
"H7A23AAE";"3y 24x7 SecureDoc WinEnt Supp 1K-4999 E-LTU";"Main";0
"H7A24AAE";"3y 24x7 SecureDoc WinEnt Supp 5K+ E-LTU";"Main";967
"H7A25AAE";"1y 24x7 SecDoc WinEnt RenSupp 1K-4999 E-LTU";"Main";765
"H7A26AAE";"1y 24x7 SecDoc WinEnt RenewSupp 5K+ E-LTU";"Main";795
"H7A27AAE";"1y SecureDoc WinEnt nonHP Supp 1-499 E-LTU";"Main";135
"H7A28AAE";"1y SecureDoc WinEnt nonHP Supp 500-999 E-LTU";"Main";539
"H7A29AAE";"1y SecureDoc WinEnt nonHP Supp 1K-4999 E-LTU";"Main";467
"H7A30AAE";"1y SecureDoc WinEnt nonHP Supp 5K+ E-LTU";"Main";557
"H7A31AAE";"3y SecureDoc WinEnt nonHP Supp 1-499 E-LTU";"Main";319
"H7A32AAE";"3y SecureDoc WinEnt nonHP Supp 500-999 E-LTU";"Main";413
"H7A33AAE";"3y SecureDoc WinEnt nonHP Supp 1K-4999 E-LTU";"Main";510
"H7A34AAE";"3y SecureDoc WinEnt nonHP Supp 5K+ E-LTU";"Main";221
"H7A35AAE";"1y SecureDoc WinEnt nonHP RenSupp 1-499 E-LTU";"Main";240
"H7A36AAE";"1ySecDoc WinEnt nonHP RenSupp 500-999 E-LTU";"Main";849
"H7A37AAE";"1y SecDoc WinEnt nonHP RenSupp 1K-4999 E-LTU";"Main";328
"H7A38AAE";"1y SecDoc WinEnt nonHP RenSupp 5K+ E-LTU";"Main";0
"H7A39AAE";"1y 24x7 SecDoc WinEnt nonHP Supp 1K-4999 E-LTU";"Main";0
"H7A40AAE";"1y 24x7 SecDoc WinEnt nonHP Supp 5K+ E-LTU";"Main";544
"H7A41AAE";"3y 24x7 SecDoc WinEnt nonHP Supp 1K-4999 E-LTU";"Main";468
"H7A42AAE";"3y 24x7 SecDoc WinEnt nonHP Supp 5K+ E-LTU";"Main";0
"H7A43AAE";"1y 24x7 SecDoc WinEnt nonHP RenSupp 1K-4999 E-LTU";"Main";674
"H7A44AAE";"1y 24x7 SecDoc WinEnt nonHP RenSupp 5K+ E-LTU";"Main";521
"842022";"842022";"Main";904
"U1VA1E";"3y CDMR 4h 24x7 StoreOnce 6500 120TB ProactSVC";"Main";0
"NC00074347";"NeatSuite f/SMB v3.x, RNW, GOV, 27m, 5u, ML";"Main";649
"NC00074348";"NeatSuite f/SMB v3.x, RNW, GOV, 27m, 6-10u, ML";"Main";20
"NC00074349";"NeatSuite f/SMB v3.x, RNW, GOV, 27m, 11-25u, ML";"Main";387
"NC00074350";"NeatSuite f/SMB v3.x, RNW, GOV, 27m, 26-50u, ML";"Main";595
"NC00074351";"NeatSuite f/SMB v3.x, RNW, GOV, 27m, 51-100u, ML";"Main";654
"NC00074352";"NeatSuite f/SMB v3.x, RNW, GOV, 27m, 101-250u, ML";"Main";895
"NC00074365";"NeatSuite f/SMB v3.x, RNW, GOV, 28m, 5u, ML";"Main";723
"NC00074366";"NeatSuite f/SMB v3.x, RNW, GOV, 28m, 6-10u, ML";"Main";530
"NC00074367";"NeatSuite f/SMB v3.x, RNW, GOV, 28m, 11-25u, ML";"Main";880
"NC00074368";"NeatSuite f/SMB v3.x, RNW, GOV, 28m, 26-50u, ML";"Main";221
"NC00074369";"NeatSuite f/SMB v3.x, RNW, GOV, 28m, 51-100u, ML";"Main";424
"NC00074353";"NeatSuite f/SMB v3.x, RNW, 27m, 5u, ML";"Main";762
"NC00074354";"NeatSuite f/SMB v3.x, RNW, 27m, 6-10u, ML";"Main";212
"NC00074355";"NeatSuite f/SMB v3.x, RNW, 27m, 11-25u, ML";"Main";951
"NC00074356";"NeatSuite f/SMB v3.x, RNW, 27m, 26-50u, ML";"Main";636
"NC00074357";"NeatSuite f/SMB v3.x, RNW, 27m, 51-100u, ML";"Main";876
"NC00074344";"NeatSuite f/SMB v3.x, RNW, EDU, 27m, 26-50u, ML";"Main";228
"NC00074345";"NeatSuite f/SMB v3.x, RNW, EDU, 27m, 51-100u, ML";"Main";883
"NC00074346";"NeatSuite f/SMB v3.x, RNW, EDU, 27m, 101-250u, ML";"Main";817
"NC00074359";"NeatSuite f/SMB v3.x, RNW, EDU, 28m, 5u, ML";"Main";521
"NC00074360";"NeatSuite f/SMB v3.x, RNW, EDU, 28m, 6-10u, ML";"Main";138
"NC00074361";"NeatSuite f/SMB v3.x, RNW, EDU, 28m, 11-25u, ML";"Main";0
"NC00074362";"NeatSuite f/SMB v3.x, RNW, EDU, 28m, 26-50u, ML";"Main";959
"NC00074363";"NeatSuite f/SMB v3.x, RNW, EDU, 28m, 51-100u, ML";"Main";13
"NC00074364";"NeatSuite f/SMB v3.x, RNW, EDU, 28m, 101-250u, ML";"Main";94
"SGK-6010-GKCM1-DE";"Trigger-Z";"Main";255
"580-18171";"KB113";"Main";498
"ME181C-A1-BK";"ME181C-A1-BK";"Main";210
"ME181C-A1-WT";"ME181C-A1-WT";"Main";210
"MLT-P309E";"MLT-P309E";"Main";741
"4229786";"4229786";"Main";767
"4229809";"4229809";"Main";794
"U4JA0PE";"Foundation Care 1yr 9x5 NBD Exchange 350 Cld-Mngd AP";"Main";617
"U4JA1E";"Foundation Care 1yr 24x7 4h 355 Cld-Mngd AP";"Main";672
"U4JA2PE";"Foundation Care 1yr 9x5 NBD Exchange 365 Cld-Mngd AP";"Main";881
"U4JA3PE";"Foundation Care 1yr 9x5 NBD On-Site 350 Cld-Mngd AP";"Main";464
"U4JA4E";"Foundation Care 1yr 24x7 4h On-Site 355 Cld-Mngd AP";"Main";14
"U4JA5PE";"Foundation Care 1yr 9x5 NBD 350 Cld-Mngd AP";"Main";691
"U4JA6PE";"Proactive Care 1yr 24x7 4h 355 Cld-Mngd";"Main";738
"U4JA7PE";"Foundation Care 1yr 9x5 NBD On-Site 365 Cld-Mngd AP";"Main";844
"U4JA8PE";"Foundation Care 1yr 9x5 NBD On-Site 365 Cld-Mngd AP";"Main";720
"U4JA9PE";"Foundation Care 1yr 24x7 4h On-Site 350 Cld-Mngd AP";"Main";384
"M51AD-B08";"M51AD-B08";"Main";629
"G9D75UA";"15-r017dx";"Main";407
"PSKT4E-06Q008DU";"L50-B-1H1";"Main";610
"G9E06EA";"3500 G2 MT";"Main";485
"90XB0090-BMU000";"WT465";"Main";129
"SGK-6010-GKCL1-DE";"Trigger Z";"Main";684
"G9E20EA";"3500 G2 MT";"Main";571
"G9E22EA";"3500 G2 MT";"Main";409
"G9E14EA";"3500 G2 MT + W2072a";"Main";694
"X552EA-SX061HB";"X552EA-SX061HB";"Main";618
"X552EA-SX061HW";"X552EA-SX061HW";"Main";618
"ME301T-1A045A";"ME301T-1A045A";"Main";482
"90-XB2400KM000F0-B";"W3000B";"Main";276
"90-XB2400KM000F0-W";"W3000W";"Main";276
"90NB02F8-M07720";"P550LAV-XH51";"Main";0
"PT640U-06002R";"W50-A1510";"Main";684
"M11AD-US011S";"M11AD-US011S";"Main";0
"BU401LA-CZ127G";"BU401LA-CZ127G";"Main";685
"ME181C-A1-LB";"ME181C-A1-LB";"Main";629
"G751JM-BHI7N27";"G751JM-BHI7N27";"Main";972
"R1208WT2GS";"R1208WT2GS";"Main";993
"R1304WT2GS";"R1304WT2GS";"Main";37
"RN31400-100EUS---4X-ST2000VN001";"ReadyNAS 314";"Main";96
"RN31400-100EUS---4X-ST4000VN003";"ReadyNAS 314";"Main";479
"RN31400-100EUS---4X-ST2000VX000";"ReadyNAS 314";"Main";858
"RN31400-100EUS---4X-ST3000VX000";"ReadyNAS 314";"Main";614
"RN31400-100EUS---4X-ST4000VX000";"ReadyNAS 314";"Main";0
"RN31400-100EUS---4X-ST4000VX002";"ReadyNAS 314";"Main";88
"RN31400-100EUS---4X-ST4000NC000";"ReadyNAS 314";"Main";137
"RN31200-100EUS---2X-ST2000VN001";"ReadyNAS 312";"Main";888
"RN31200-100EUS---2X-ST4000VN003";"ReadyNAS 312";"Main";827
"RN31200-100EUS---2X-ST4000VX000";"ReadyNAS 312";"Main";403
"RN31200-100EUS---2X-ST4000VX002";"ReadyNAS 312";"Main";441
"RN31200-100EUS---2X-ST4000NC000";"ReadyNAS 312";"Main";363
"RN10200-100EUS---2X-ST2000VN001";"ReadyNAS 102";"Main";492
"RN10200-100EUS---2X-ST4000VN003";"ReadyNAS 102";"Main";401
"RN10200-100EUS---2X-ST4000VX000";"ReadyNAS 102";"Main";233
"RN10200-100EUS---2X-ST4000VX002";"ReadyNAS 102";"Main";826
"RN10200-100EUS---2X-ST4000NC000";"ReadyNAS 102";"Main";9
"RN10400-100EUS---4X-ST2000VN001";"RN10400-100EUS + 4X ST2000VN001";"Main";328
"RN10400-100EUS---4X-ST4000VN003";"RN10400-100EUS + 4X ST4000VN003";"Main";679
"RN10400-100EUS---4X-ST4000VX000";"RN10400-100EUS + 4X ST4000VX000";"Main";188
"RN10400-100EUS---4X-ST4000VX002";"RN10400-100EUS + 4X ST4000VX002";"Main";371
"RN10400-100EUS---4X-ST4000NC000";"RN10400-100EUS + 4X ST4000NC000";"Main";738
"90NL0731-M02900-W";"F205TA-BING-FD019BS-W";"Main";985
"90NL0731-M02900-B";"F205TA-BING-FD019BS-B";"Main";985
"59421631";"Z50-70";"Main";882
"CLT-K806S";"CLT-K806S";"Main";447
"59439467";"S8-50L";"Main";86
"PSPRBU-02R03L";"S55-B5148";"Main";652
"5463J2G";"x3550 M5";"Main";506
"U7VN7E";"3 year NBD DL120 Gen9 Foundation Care Service";"Main";899
"7450-0033";"7450";"Main";646
"3450-9730";"3450";"Main";350
"20C10026PB";"ThinkPad 10";"Main";850
"PSKTGE-01300MDU";"L50-B-2E4";"Main";513
"PSCL8E-00200GDU";"C70-B-33K";"Main";248
"PSKRYE-00200HDU";"L70-B-14Z";"Main";860
"H9W16EA";"820 G2";"Main";43
"DT-SXNEB-025";"TC-705";"Main";160
"20DF004UGE";"E550";"Main";146
"NX-MSQET-008";"V3-572G-57VUW";"Main";604
"PSKT4E-0MD008DU";"L50-B-1X5";"Main";51
"PSCNQE-00300LDU";"C70-B-33H";"Main";225
"G751JL-DS71";"G751JL-DS71";"Main";383
"TS-231---2X-ST2000VN000";"TS-231 + 2X ST2000VN000";"Main";849
"TS-231---2X-ST2000VN001";"TS-231 + 2X ST2000VN001";"Main";625
"TS-231---2X-ST3000VN000";"TS-231 + 2X ST3000VN000";"Main";254
"TS-231---2X-ST4000VN000";"TS-231 + 2X ST4000VN000";"Main";941
"TS-231---2X-ST4000VN003";"TS-231 + 2X ST4000VN003";"Main";811
"TS-231---2X-ST3000VX000";"TS-231 + 2X ST3000VX000";"Main";690
"TS-231---2X-ST4000NC000";"TS-231 + 2X ST4000NC000";"Main";398
"TS-231----2X-ST2000VN000";"TS-231+ + 2X ST2000VN000";"Main";79
"TS-231----2X-ST3000VN000";"TS-231+ + 2X ST3000VN000";"Main";33
"TS-231----2X-ST4000VN000";"TS-231+ + 2X ST4000VN000";"Main";752
"TS-231----2X-ST4000NC000";"TS-231+ + 2X ST4000NC000";"Main";0
"ANW15-5350SLV";"15";"Main";0
"PSPNVA-04100N";"P50t-B041";"Main";733
"SM-T533NYKAPHE";"SM-T533NYKAPHE";"Main";650
"59436025";"Z50-70";"Main";21
"G501JW-DS71";"G501JW-DS71";"Main";789
"DT-VM1EH-007";"X2632G";"Main";0
"80DU00ANGE";"Y70-70 Touch";"Main";949
"NT-L77AA-001";"B1-730-15EL";"Main";458
"NT-L75AA-001";"B1-730-111L";"Main";683
"NT-L76AA-001";"B1-730-12VL";"Main";566
"NT-MX3EB-007";"Switch 10 E";"Main";923
"NT-MX2EB-003";"Switch 10 E";"Main";533
"U8QH8E";"4 year 6 hour Call to Repair 1420-24G Switch Proactive Care Advanced Service";"Main";4
"DS215----2X-ST2000VN000";"DS215+";"Main";871
"DS215----2X-ST2000VN001";"DS215+";"Main";327
"DS215----2X-ST3000VN000";"DS215+";"Main";132
"DS215----2X-ST4000VN000";"DS215+";"Main";872
"DS215----2X-ST4000VN003";"DS215+";"Main";806
"DS215----2X-ST2000VX000";"DS215+";"Main";917
"DS215----2X-ST3000VX000";"DS215+";"Main";358
"DS215----2X-ST4000VX000";"DS215+";"Main";363
"DS215----2X-ST4000VX002";"DS215+";"Main";442
"10DS000HMX";"E73";"Main";477
"10DS000MMX";"E73";"Main";978
"10DU0004MX";"E73";"Main";584
"10DU0005MX";"E73";"Main";537
"10DU0006MX";"E73";"Main";72
"410020101";"Erazer X5379 E";"Main";631
"DT-VLUAA-001";"M2632G-G3250X";"Main";540
"DT-VLZAA-003";"X2632G-i34160X";"Main";141
"DT-VLZAA-002";"X2632G-G3250X";"Main";549
"7737-3979";"7737";"Main";760
"NX-EF1ET-009";"EX2508-C04F";"Main";792
"NX-EF1ET-012";"EX2508";"Main";660
"1T02NR0NL0";"TK-5140K";"Main";742
"1T02NSBNL0";"TK-5150M";"Main";823
"DT-SWZEG-005";"XC-703";"Main";703
"DT-SWZEG-004";"XC-703";"Main";497
"NT-G0MEG-002";"SW3-013-194T";"Main";359
"PSCJGE-00400NU3";"C50-A-1JV";"Main";91
"90NB0481-M02440";"F551MA-SX112H";"Main";805
"NX-MRWSI-002";"ES1-512-C3X9";"Main";997
"NX-G0YEG-001";"R3-131T-C1TR";"Main";87
"VFYZE0420P2331GB-3YNBD";"E420 E85+";"Main";488
"VFYZE0420P35S1GB-3YNBD";"E420 E85+";"Main";633
"VFYZE0420P43AOGB-5YOS";"E420 E85+";"Main";529
"VFYZE0420P2331GB-3YOS";"E420 E85+";"Main";269
"VFYZE0420P2331GB-24";"E420 E85+";"Main";806
"VFYZE0420P35S1GB-24";"E420 E85+";"Main";600
"VFYZE0420P2331GB-21-5";"E420 E85+";"Main";622
"VFYZE0420P35S1GB-21-5";"E420 E85+";"Main";828
"VFYZE0420P451OGB-3YNBD";"E420 E85+";"Main";290
"VFYZE0420P43AOGB-21-5";"E420 E85+";"Main";222
"VFYZE0420P43AOGB-5YNBD";"E420 E85+";"Main";406
"VFYZE0420P451OGB-5YNBD";"E420 E85+";"Main";693
"VFYZE0420P451OGB-3YOS";"E420 E85+";"Main";497
"VFYZP0420P2331GB-21-5";"P420 E85+";"Main";521
"VFYZE0420P43AOGB-3YNBD";"E420 E85+";"Main";68
"VFYZE0420P35S1GB-3YOS";"E420 E85+";"Main";553
"VFYZP0420P2331GB-5YOS";"P420 E85+";"Main";270
"VFYZE0420P35S1GB-5YNBD";"E420 E85+";"Main";571
"VFYZE0420P451OGB-21-5";"E420 E85+";"Main";23
"VFYZP0420P2331GB-5YNBD";"P420 E85+";"Main";91
"VFYZP0420P2331GB-3YNBD";"P420 E85+";"Main";741
"VFYZE0420P2331GB-5YNBD";"E420 E85+";"Main";704
"VFYZE0420P35S1GB-5YOS";"E420 E85+";"Main";304
"VFYZP0420P2331GB-24";"P420 E85+";"Main";930
"VFYZE0420P43AOGB-24";"E420 E85+";"Main";751
"VFYZE0420P451OGB-5YOS";"E420 E85+";"Main";784
"VFYZE0420P451OGB-24";"E420 E85+";"Main";33
"VFYZE0420P2331GB-5YOS";"E420 E85+";"Main";14
"VFYZP0420P2331GB-3YOS";"P420 E85+";"Main";665
"VFYZE0420P43AOGB-3YOS";"E420 E85+";"Main";680
"U8QV8E";"3 year 24x7 DL560 Gen9 with OneView Foundation Care Service";"Main";126
"NX-MUNET-002";"CB5-571-C4Y3";"Main";209
"TWV117140-BT-H47E";"11 Pro";"Main";537
"920-007131";"K400 Plus";"Main";0
"920-007132";"K400 Plus";"Main";584
"NX-G0YEH-012";"R3-131T-C7H3";"Main";742
"ANW15-5714SLV";"15";"Main";468
"ANW15-9286SLV";"15";"Main";573
"M32AD-US050S";"M32AD-US050S";"Main";499
"DT-SXHET-008";"TC-215";"Main";392
"N551JK-MH71";"N551JK-MH71";"Main";787
"DT-SXNET-055";"TC-705";"Main";0
"X552LDV-SX829H";"X552LDV-SX829H";"Main";914
"CAT7140W8P43BR023";"11 Pro";"Main";444
"CAT7140W8P44BR024";"11 Pro";"Main";963
"CAT7140W8P46BR026";"11 Pro";"Main";770
"CAT7140W8P47BR027";"11 Pro";"Main";732
"CAT7140W8P49BR029";"11 Pro";"Main";469
"CAT7140W8S41BR021";"11 Pro";"Main";986
"CAT7140W8S43BR023";"11 Pro";"Main";26
"PSVP3U-003003";"Radius P55W-B5112";"Main";0
"PSKVUU-004011";"Radius 11 L15W-B1302";"Main";657
"5-9413337E7";"A7600-F";"Main";924
"59434725";"A7-10F";"Main";299
"FNCWY01S";"3120";"Main";778
"DNCWYUE01S";"3120";"Main";823
"FNCWY02S";"3120";"Main";624
"DNCWYUE02S";"3120";"Main";647
"FNCWY01S1";"3120";"Main";350
"DNCWY03TS";"3120";"Main";877
"SM001CHB3120";"3120";"Main";0
"SM002CHB3120";"3120";"Main";587
"CA002CHB3120UK";"3120";"Main";871
"CA003CHB3120UK";"3120";"Main";288
"K9K47EA-UUG";"450 G2";"Main";760
"910-002-741";"M187";"Main";300
"910-002-742";"M187";"Main";300
"910-002-743";"M187";"Main";300
"910-002-744";"M187";"Main";300