product guid;model;category guid;category name
"17364346";"701423-L31";"194";"Keyboards & Desktops"
"18277242";"G105";"194";"Keyboards & Desktops"
"19303344";"4year 24x7 6-Hour Call-to-repair CDMR WS460c Collaborative Supp";"788";"Warranty & Support Extensions"
"19328389";"ReadyNAS 102";"932";"Storage Servers"
"19328390";"ReadyNAS 102";"932";"Storage Servers"
"19328391";"ReadyNAS 102";"932";"Storage Servers"
"19328392";"ReadyNAS 102";"932";"Storage Servers"
"19328393";"ReadyNAS 102";"932";"Storage Servers"
"19328412";"ReadyNAS 312";"932";"Storage Servers"
"19452873";"GX1000";"195";"Mice"
"19612895";"K4000";"194";"Keyboards & Desktops"
"19766314";"1y SecureDoc WinEntr Supp 5K+ E-LTU";"803";"Software Licenses/Upgrades"
"19803041";"1y SecureDoc WinEntr Supp 1-499 E-LTU";"803";"Software Licenses/Upgrades"
"20556871";"ReadyNAS 312";"932";"Storage Servers"
"20556872";"ReadyNAS 312";"932";"Storage Servers"
"20556873";"ReadyNAS 312";"932";"Storage Servers"
"20556874";"ReadyNAS 312";"932";"Storage Servers"
"20688666";"1y SecureDoc WinEntr Supp 500-999 E-LTU";"803";"Software Licenses/Upgrades"
"20688667";"1y SecureDoc WinEntr Supp 1K-4999 E-LTU";"803";"Software Licenses/Upgrades"
"20688668";"3y SecureDoc WinEntr Supp 1-499 E-LTU";"803";"Software Licenses/Upgrades"
"20688669";"3y SecureDoc WinEntr Supp 500-999 E-LTU";"803";"Software Licenses/Upgrades"
"20688670";"3y SecureDoc WinEntr Supp 1K-4999 E-LTU";"803";"Software Licenses/Upgrades"
"20688671";"3y SecureDoc WinEntr Supp 5K+ E-LTU";"803";"Software Licenses/Upgrades"
"20688672";"1y SecureDocWinEntr RenSupp 1-499 E-LTU";"803";"Software Licenses/Upgrades"
"20688673";"1y SecureDocWinEntr RenSupp 500-999 E-LTU";"803";"Software Licenses/Upgrades"
"20688674";"1y SecureDocWinEntr RenSupp 1K-4999 E-LTU";"803";"Software Licenses/Upgrades"
"20688675";"1y SecureDocWinEntr Ren Supp 5K+ E-LTU";"803";"Software Licenses/Upgrades"
"20688676";"1y 24x7 SecureDoc WinEnt Supp 1K-4999 E-LTU";"803";"Software Licenses/Upgrades"
"20688677";"1y 24x7 SecureDoc WinEnt Supp 5K+ E-LTU";"803";"Software Licenses/Upgrades"
"20688678";"3y 24x7 SecureDoc WinEnt Supp 1K-4999 E-LTU";"803";"Software Licenses/Upgrades"
"20688679";"3y 24x7 SecureDoc WinEnt Supp 5K+ E-LTU";"803";"Software Licenses/Upgrades"
"20688680";"1y 24x7 SecDoc WinEnt RenSupp 1K-4999 E-LTU";"803";"Software Licenses/Upgrades"
"20688681";"1y 24x7 SecDoc WinEnt RenewSupp 5K+ E-LTU";"803";"Software Licenses/Upgrades"
"20688682";"1y SecureDoc WinEnt nonHP Supp 1-499 E-LTU";"803";"Software Licenses/Upgrades"
"20688683";"1y SecureDoc WinEnt nonHP Supp 500-999 E-LTU";"803";"Software Licenses/Upgrades"
"20688684";"1y SecureDoc WinEnt nonHP Supp 1K-4999 E-LTU";"803";"Software Licenses/Upgrades"
"20688685";"1y SecureDoc WinEnt nonHP Supp 5K+ E-LTU";"803";"Software Licenses/Upgrades"
"20688686";"3y SecureDoc WinEnt nonHP Supp 1-499 E-LTU";"803";"Software Licenses/Upgrades"
"20688687";"3y SecureDoc WinEnt nonHP Supp 500-999 E-LTU";"803";"Software Licenses/Upgrades"
"20688688";"3y SecureDoc WinEnt nonHP Supp 1K-4999 E-LTU";"803";"Software Licenses/Upgrades"
"20688689";"3y SecureDoc WinEnt nonHP Supp 5K+ E-LTU";"803";"Software Licenses/Upgrades"
"20688690";"1y SecureDoc WinEnt nonHP RenSupp 1-499 E-LTU";"803";"Software Licenses/Upgrades"
"20688691";"1ySecDoc WinEnt nonHP RenSupp 500-999 E-LTU";"803";"Software Licenses/Upgrades"
"20688692";"1y SecDoc WinEnt nonHP RenSupp 1K-4999 E-LTU";"803";"Software Licenses/Upgrades"
"20688693";"1y SecDoc WinEnt nonHP RenSupp 5K+ E-LTU";"803";"Software Licenses/Upgrades"
"20688694";"1y 24x7 SecDoc WinEnt nonHP Supp 1K-4999 E-LTU";"803";"Software Licenses/Upgrades"
"20688695";"1y 24x7 SecDoc WinEnt nonHP Supp 5K+ E-LTU";"803";"Software Licenses/Upgrades"
"20688696";"3y 24x7 SecDoc WinEnt nonHP Supp 1K-4999 E-LTU";"803";"Software Licenses/Upgrades"
"20688697";"3y 24x7 SecDoc WinEnt nonHP Supp 5K+ E-LTU";"803";"Software Licenses/Upgrades"
"20688698";"1y 24x7 SecDoc WinEnt nonHP RenSupp 1K-4999 E-LTU";"803";"Software Licenses/Upgrades"
"20688699";"1y 24x7 SecDoc WinEnt nonHP RenSupp 5K+ E-LTU";"803";"Software Licenses/Upgrades"
"20765909";"842022";"375";"Toners & Laser Cartridges"
"21136068";"3y CDMR 4h 24x7 StoreOnce 6500 120TB ProactSVC";"788";"Warranty & Support Extensions"
"21872051";"NeatSuite f/SMB v3.x, RNW, GOV, 27m, 5u, ML";"803";"Software Licenses/Upgrades"
"21872052";"NeatSuite f/SMB v3.x, RNW, GOV, 27m, 6-10u, ML";"803";"Software Licenses/Upgrades"
"21872053";"NeatSuite f/SMB v3.x, RNW, GOV, 27m, 11-25u, ML";"803";"Software Licenses/Upgrades"
"21872054";"NeatSuite f/SMB v3.x, RNW, GOV, 27m, 26-50u, ML";"803";"Software Licenses/Upgrades"
"21872055";"NeatSuite f/SMB v3.x, RNW, GOV, 27m, 51-100u, ML";"803";"Software Licenses/Upgrades"
"21872056";"NeatSuite f/SMB v3.x, RNW, GOV, 27m, 101-250u, ML";"803";"Software Licenses/Upgrades"
"21872057";"NeatSuite f/SMB v3.x, RNW, GOV, 28m, 5u, ML";"803";"Software Licenses/Upgrades"
"21872058";"NeatSuite f/SMB v3.x, RNW, GOV, 28m, 6-10u, ML";"803";"Software Licenses/Upgrades"
"21872059";"NeatSuite f/SMB v3.x, RNW, GOV, 28m, 11-25u, ML";"803";"Software Licenses/Upgrades"
"21872060";"NeatSuite f/SMB v3.x, RNW, GOV, 28m, 26-50u, ML";"803";"Software Licenses/Upgrades"
"21872061";"NeatSuite f/SMB v3.x, RNW, GOV, 28m, 51-100u, ML";"803";"Software Licenses/Upgrades"
"21877253";"NeatSuite f/SMB v3.x, RNW, 27m, 5u, ML";"803";"Software Licenses/Upgrades"
"21877254";"NeatSuite f/SMB v3.x, RNW, 27m, 6-10u, ML";"803";"Software Licenses/Upgrades"
"21877255";"NeatSuite f/SMB v3.x, RNW, 27m, 11-25u, ML";"803";"Software Licenses/Upgrades"
"21877256";"NeatSuite f/SMB v3.x, RNW, 27m, 26-50u, ML";"803";"Software Licenses/Upgrades"
"21877257";"NeatSuite f/SMB v3.x, RNW, 27m, 51-100u, ML";"803";"Software Licenses/Upgrades"
"21885176";"NeatSuite f/SMB v3.x, RNW, EDU, 27m, 26-50u, ML";"803";"Software Licenses/Upgrades"
"21885177";"NeatSuite f/SMB v3.x, RNW, EDU, 27m, 51-100u, ML";"803";"Software Licenses/Upgrades"
"21885178";"NeatSuite f/SMB v3.x, RNW, EDU, 27m, 101-250u, ML";"803";"Software Licenses/Upgrades"
"21885179";"NeatSuite f/SMB v3.x, RNW, EDU, 28m, 5u, ML";"803";"Software Licenses/Upgrades"
"21885180";"NeatSuite f/SMB v3.x, RNW, EDU, 28m, 6-10u, ML";"803";"Software Licenses/Upgrades"
"21885181";"NeatSuite f/SMB v3.x, RNW, EDU, 28m, 11-25u, ML";"803";"Software Licenses/Upgrades"
"21885182";"NeatSuite f/SMB v3.x, RNW, EDU, 28m, 26-50u, ML";"803";"Software Licenses/Upgrades"
"21885183";"NeatSuite f/SMB v3.x, RNW, EDU, 28m, 51-100u, ML";"803";"Software Licenses/Upgrades"
"21885184";"NeatSuite f/SMB v3.x, RNW, EDU, 28m, 101-250u, ML";"803";"Software Licenses/Upgrades"
"21909331";"Trigger-Z";"194";"Keyboards & Desktops"
"22080486";"KB113";"194";"Keyboards & Desktops"
"22291171";"ME181C-A1";"897";"Tablets"
"23040616";"MLT-P309E";"375";"Toners & Laser Cartridges"
"23092425";"4229786";"375";"Toners & Laser Cartridges"
"23092427";"4229809";"375";"Toners & Laser Cartridges"
"23102673";"Foundation Care 1yr 9x5 NBD Exchange 350 Cld-Mngd AP";"788";"Warranty & Support Extensions"
"23102674";"Foundation Care 1yr 24x7 4h 355 Cld-Mngd AP";"788";"Warranty & Support Extensions"
"23102675";"Foundation Care 1yr 9x5 NBD Exchange 365 Cld-Mngd AP";"788";"Warranty & Support Extensions"
"23102676";"Foundation Care 1yr 9x5 NBD On-Site 350 Cld-Mngd AP";"788";"Warranty & Support Extensions"
"23102677";"Foundation Care 1yr 24x7 4h On-Site 355 Cld-Mngd AP";"788";"Warranty & Support Extensions"
"23102678";"Foundation Care 1yr 9x5 NBD 350 Cld-Mngd AP";"788";"Warranty & Support Extensions"
"23102679";"Proactive Care 1yr 24x7 4h 355 Cld-Mngd";"788";"Warranty & Support Extensions"
"23102680";"Foundation Care 1yr 9x5 NBD On-Site 365 Cld-Mngd AP";"788";"Warranty & Support Extensions"
"23102681";"Foundation Care 1yr 9x5 NBD On-Site 365 Cld-Mngd AP";"788";"Warranty & Support Extensions"
"23102682";"Foundation Care 1yr 24x7 4h On-Site 350 Cld-Mngd AP";"788";"Warranty & Support Extensions"
"23144615";"M51AD-B08";"153";"PCs/Workstations"
"23154677";"15-r017dx";"151";"Laptops"
"23212101";"L50-B-1H1";"151";"Laptops"
"23249153";"3500 G2 MT";"153";"PCs/Workstations"
"23306212";"WT465";"195";"Mice"
"23478617";"Trigger Z";"194";"Keyboards & Desktops"
"24217332";"3500 G2 MT";"153";"PCs/Workstations"
"24217333";"3500 G2 MT";"153";"PCs/Workstations"
"24217334";"3500 G2 MT + W2072a";"153";"PCs/Workstations"
"24229291";"X552EA-SX061H";"151";"Laptops"
"24229298";"ME301T-1A045A";"897";"Tablets"
"24351297";"W3000";"194";"Keyboards & Desktops"
"24482841";"P550LAV-XH51";"151";"Laptops"
"24548108";"W50-A1510";"151";"Laptops"
"24731863";"M11AD-US011S";"153";"PCs/Workstations"
"24854477";"BU401LA-CZ127G";"151";"Laptops"
"24866871";"ME181C-A1-LB";"897";"Tablets"
"24870333";"G751JM-BHI7N27";"151";"Laptops"
"24901808";"R1208WT2GS";"156";"Servers"
"24901810";"R1304WT2GS";"156";"Servers"
"24945713";"ReadyNAS 314";"932";"Storage Servers"
"24945714";"ReadyNAS 314";"932";"Storage Servers"
"24945715";"ReadyNAS 314";"932";"Storage Servers"
"24945716";"ReadyNAS 314";"932";"Storage Servers"
"24945717";"ReadyNAS 314";"932";"Storage Servers"
"24945718";"ReadyNAS 314";"932";"Storage Servers"
"24945719";"ReadyNAS 314";"932";"Storage Servers"
"24945720";"ReadyNAS 312";"932";"Storage Servers"
"24945721";"ReadyNAS 312";"932";"Storage Servers"
"24945722";"ReadyNAS 312";"932";"Storage Servers"
"24945723";"ReadyNAS 312";"932";"Storage Servers"
"24945724";"ReadyNAS 312";"932";"Storage Servers"
"24945735";"ReadyNAS 102";"932";"Storage Servers"
"24945736";"ReadyNAS 102";"932";"Storage Servers"
"24945737";"ReadyNAS 102";"932";"Storage Servers"
"24945738";"ReadyNAS 102";"932";"Storage Servers"
"24945739";"ReadyNAS 102";"932";"Storage Servers"
"24945740";"RN10400-100EUS + 4X ST2000VN001";"932";"Storage Servers"
"24945741";"RN10400-100EUS + 4X ST4000VN003";"932";"Storage Servers"
"24945742";"RN10400-100EUS + 4X ST4000VX000";"932";"Storage Servers"
"24945743";"RN10400-100EUS + 4X ST4000VX002";"932";"Storage Servers"
"24945744";"RN10400-100EUS + 4X ST4000NC000";"932";"Storage Servers"
"25067824";"F205TA-BING-FD019BS";"151";"Laptops"
"25153756";"Z50-70";"151";"Laptops"
"25178578";"CLT-K806S";"375";"Toners & Laser Cartridges"
"25544951";"S8-50L";"897";"Tablets"
"25864683";"S55-B5148";"151";"Laptops"
"25898236";"x3550 M5";"156";"Servers"
"25905644";"3 year NBD DL120 Gen9 Foundation Care Service";"788";"Warranty & Support Extensions"
"25914496";"7450";"151";"Laptops"
"25914514";"3450";"151";"Laptops"
"25920968";"ThinkPad 10";"897";"Tablets"
"25942527";"L50-B-2E4";"151";"Laptops"
"25942534";"C70-B-33K";"151";"Laptops"
"25942535";"L70-B-14Z";"151";"Laptops"
"25977809";"820 G2";"151";"Laptops"
"26050176";"TC-705";"153";"PCs/Workstations"
"26071738";"E550";"151";"Laptops"
"26083304";"V3-572G-57VU";"151";"Laptops"
"26093675";"L50-B-1X5";"151";"Laptops"
"26093685";"C70-B-33H";"151";"Laptops"
"26134274";"G751JL-DS71";"151";"Laptops"
"26220865";"TS-231 + 2X ST2000VN000";"932";"Storage Servers"
"26220866";"TS-231 + 2X ST2000VN001";"932";"Storage Servers"
"26220867";"TS-231 + 2X ST3000VN000";"932";"Storage Servers"
"26220868";"TS-231 + 2X ST4000VN000";"932";"Storage Servers"
"26220869";"TS-231 + 2X ST4000VN003";"932";"Storage Servers"
"26220870";"TS-231 + 2X ST3000VX000";"932";"Storage Servers"
"26220871";"TS-231 + 2X ST4000NC000";"932";"Storage Servers"
"26221044";"TS-231+ + 2X ST2000VN000";"932";"Storage Servers"
"26221045";"TS-231+ + 2X ST3000VN000";"932";"Storage Servers"
"26221046";"TS-231+ + 2X ST4000VN000";"932";"Storage Servers"
"26221047";"TS-231+ + 2X ST4000NC000";"932";"Storage Servers"
"26231617";"15";"151";"Laptops"
"26346688";"P50t-B041";"151";"Laptops"
"26463922";"SM-T533NYKAPHE";"897";"Tablets"
"26489066";"Z50-70";"151";"Laptops"
"26567872";"G501JW-DS71";"151";"Laptops"
"26923702";"X2632G";"153";"PCs/Workstations"
"26987991";"Y70-70 Touch";"151";"Laptops"
"27006298";"B1-730-15EL";"897";"Tablets"
"27006300";"B1-730-111L";"897";"Tablets"
"27006301";"B1-730-12VL";"897";"Tablets"
"27028320";"Switch 10 E";"151";"Laptops"
"27028322";"Switch 10 E";"151";"Laptops"
"27173859";"4 year 6 hour Call to Repair 1420-24G Switch Proactive Care Advanced Service";"788";"Warranty & Support Extensions"
"27210533";"DS215+";"932";"Storage Servers"
"27210534";"DS215+";"932";"Storage Servers"
"27210535";"DS215+";"932";"Storage Servers"
"27210536";"DS215+";"932";"Storage Servers"
"27210537";"DS215+";"932";"Storage Servers"
"27210538";"DS215+";"932";"Storage Servers"
"27210539";"DS215+";"932";"Storage Servers"
"27210540";"DS215+";"932";"Storage Servers"
"27210541";"DS215+";"932";"Storage Servers"
"27210813";"E73";"153";"PCs/Workstations"
"27210814";"E73";"153";"PCs/Workstations"
"27210815";"E73";"153";"PCs/Workstations"
"27210816";"E73";"153";"PCs/Workstations"
"27210817";"E73";"153";"PCs/Workstations"
"27214067";"Erazer X5379 E";"153";"PCs/Workstations"
"27216673";"M2632G-G3250X";"153";"PCs/Workstations"
"27216674";"X2632G-i34160X";"153";"PCs/Workstations"
"27216675";"X2632G-G3250X";"153";"PCs/Workstations"
"27260998";"7737";"151";"Laptops"
"27262605";"EX2508-C04F";"151";"Laptops"
"27262607";"EX2508";"151";"Laptops"
"27263020";"TK-5140K";"375";"Toners & Laser Cartridges"
"27263026";"TK-5150M";"375";"Toners & Laser Cartridges"
"27270480";"XC-703";"153";"PCs/Workstations"
"27270481";"XC-703";"153";"PCs/Workstations"
"27276447";"SW3-013-194T";"151";"Laptops"
"27279678";"C50-A-1JV";"151";"Laptops"
"28346248";"F551MA-SX112H";"151";"Laptops"
"28346504";"ES1-512-C3X9";"151";"Laptops"
"28350856";"R3-131T-C1TR";"151";"Laptops"
"28459912";"E420 E85+";"153";"PCs/Workstations"
"28459913";"E420 E85+";"153";"PCs/Workstations"
"28459914";"E420 E85+";"153";"PCs/Workstations"
"28459915";"E420 E85+";"153";"PCs/Workstations"
"28459918";"E420 E85+";"153";"PCs/Workstations"
"28459919";"E420 E85+";"153";"PCs/Workstations"
"28459920";"E420 E85+";"153";"PCs/Workstations"
"28459921";"E420 E85+";"153";"PCs/Workstations"
"28459937";"E420 E85+";"153";"PCs/Workstations"
"28459938";"E420 E85+";"153";"PCs/Workstations"
"28459941";"E420 E85+";"153";"PCs/Workstations"
"28459942";"E420 E85+";"153";"PCs/Workstations"
"28459943";"E420 E85+";"153";"PCs/Workstations"
"28459944";"P420 E85+";"153";"PCs/Workstations"
"28459945";"E420 E85+";"153";"PCs/Workstations"
"28460067";"E420 E85+";"153";"PCs/Workstations"
"28460070";"P420 E85+";"153";"PCs/Workstations"
"28460077";"E420 E85+";"153";"PCs/Workstations"
"28460078";"E420 E85+";"153";"PCs/Workstations"
"28460080";"P420 E85+";"153";"PCs/Workstations"
"28460101";"P420 E85+";"153";"PCs/Workstations"
"28460113";"E420 E85+";"153";"PCs/Workstations"
"28460121";"E420 E85+";"153";"PCs/Workstations"
"28460147";"P420 E85+";"153";"PCs/Workstations"
"28460149";"E420 E85+";"153";"PCs/Workstations"
"28460162";"E420 E85+";"153";"PCs/Workstations"
"28460164";"E420 E85+";"153";"PCs/Workstations"
"28460172";"E420 E85+";"153";"PCs/Workstations"
"28460178";"P420 E85+";"153";"PCs/Workstations"
"28460179";"E420 E85+";"153";"PCs/Workstations"
"28462107";"3 year 24x7 DL560 Gen9 with OneView Foundation Care Service";"788";"Warranty & Support Extensions"
"28472223";"CB5-571-C4Y3";"151";"Laptops"
"28486902";"11 Pro";"897";"Tablets"
"28496088";"K400 Plus";"194";"Keyboards & Desktops"
"28496089";"K400 Plus";"194";"Keyboards & Desktops"
"28500202";"R3-131T-C7H3";"151";"Laptops"
"28500247";"15";"151";"Laptops"
"28500248";"15";"151";"Laptops"
"28500280";"M32AD-US050S";"153";"PCs/Workstations"
"28500281";"TC-215";"153";"PCs/Workstations"
"28500296";"N551JK-MH71";"151";"Laptops"
"28500314";"TC-705";"153";"PCs/Workstations"
"28500321";"X552LDV-SX829H";"151";"Laptops"
"28500326";"11 Pro";"897";"Tablets"
"28500327";"11 Pro";"897";"Tablets"
"28500328";"11 Pro";"897";"Tablets"
"28500329";"11 Pro";"897";"Tablets"
"28500330";"11 Pro";"897";"Tablets"
"28500331";"11 Pro";"897";"Tablets"
"28500332";"11 Pro";"897";"Tablets"
"28500425";"Radius P55W-B5112";"151";"Laptops"
"28500452";"Radius 11 L15W-B1302";"151";"Laptops"
"28500457";"A7600-F";"897";"Tablets"
"28500502";"A7-10F";"897";"Tablets"
"28500525";"3120";"151";"Laptops"
"28500526";"3120";"151";"Laptops"
"28500527";"3120";"151";"Laptops"
"28500528";"3120";"151";"Laptops"
"28500529";"3120";"151";"Laptops"
"28500530";"3120";"151";"Laptops"
"28500577";"3120";"151";"Laptops"
"28500578";"3120";"151";"Laptops"
"28500579";"3120";"151";"Laptops"
"28500580";"3120";"151";"Laptops"
"28503109";"450 G2";"151";"Laptops"
"23143336";"M187";"195";"Mice"