association code;product code;associated product code;rank
"accessories";"K9K47EA-UUG";"90XB0090-BMU000";0
"accessories";"K9K47EA-UUG";"920-007131";1
"accessories";"DT-SXNEB-025";"SGK-6010-GKCM1-DE";0
"accessories";"DT-SXNEB-025";"90-XB3B00MU00010";1
"up";"H9W16EA";"3450-9730";0
"up";"H9W16EA";"ANW15-5714SLV";1
"cross";"K9K47EA-UUG";"NT-G0MEG-002";0
"cross";"K9K47EA-UUG";"90NB0481-M02440";1
"cross";"NT-L75AA-001";"CAT7140W8P46BR026";0
"cross";"NT-L75AA-001";"5-9413337E7";1
"buywiththis";"K9K47EA-UUG";"H6S53AAE";0
"buywiththis";"K9K47EA-UUG";"U4JA1E";1
"buywiththis";"H9W16EA";"U8QH8E";0
"buywiththis";"H9W16EA";"H7A28AAE";1