product guid;SKU code;model;brand;product type;barcode;name;EN;RU;UK;DE;description;EN;RU;UK;DE;availability;featured;tag
"17364346";"701423-L31";"701423-L31";;;;"701423-L31";"701423-L31";"701423-L31";"701423-L31";"701423-L31";;;;;;;;
"18277242";"920-005048";"G105";;;;"G105";"G105";"G105";"G105";"G105";;;;;;;;
"19303344";"U0AV3E";"4year 24x7 6-Hour Call-to-repair CDMR WS460c Collaborative Supp";;;;"4year 24x7 6-Hour Call-to-repair CDMR WS460c Collaborative Supp";"4year 24x7 6-Hour Call-to-repair CDMR WS460c Collaborative Supp";"4year 24x7 6-Hour Call-to-repair CDMR WS460c Collaborative Supp";"4year 24x7 6-Hour Call-to-repair CDMR WS460c Collaborative Supp";"4year 24x7 6-Hour Call-to-repair CDMR WS460c Collaborative Supp";;;;;;;;
"19328389";"RN10200-100EUS---2X-ST2000VN000";"ReadyNAS 102";;;;"ReadyNAS 102";"ReadyNAS 102";"ReadyNAS 102";"ReadyNAS 102";"ReadyNAS 102";;;;;;;;
"19328390";"RN10200-100EUS---2X-ST2000VX000";"ReadyNAS 102";;;;"ReadyNAS 102";"ReadyNAS 102";"ReadyNAS 102";"ReadyNAS 102";"ReadyNAS 102";;;;;;;;
"19328391";"RN10200-100EUS---2X-ST3000VN000";"ReadyNAS 102";;;;"ReadyNAS 102";"ReadyNAS 102";"ReadyNAS 102";"ReadyNAS 102";"ReadyNAS 102";;;;;;;;
"19328392";"RN10200-100EUS---2X-ST3000VX000";"ReadyNAS 102";;;;"ReadyNAS 102";"ReadyNAS 102";"ReadyNAS 102";"ReadyNAS 102";"ReadyNAS 102";;;;;;;;
"19328393";"RN10200-100EUS---2X-ST4000VN000";"ReadyNAS 102";;;;"ReadyNAS 102";"ReadyNAS 102";"ReadyNAS 102";"ReadyNAS 102";"ReadyNAS 102";;;;;;;;
"19328412";"RN31200-100EUS---2X-ST2000VN000";"ReadyNAS 312";;;;"ReadyNAS 312";"ReadyNAS 312";"ReadyNAS 312";"ReadyNAS 312";"ReadyNAS 312";;;;;;;;
"19452873";"90-XB3B00MU00010";"GX1000";;;;"GX1000";"GX1000";"GX1000";"GX1000";"GX1000";;;;;;;;
"19612895";"E5J21AA";"K4000";;;;"K4000";"K4000";"K4000";"K4000";"K4000";;;;;;;;
"19766314";"H6S54AAE";"1y SecureDoc WinEntr Supp 5K+ E-LTU";;;;"1y SecureDoc WinEntr Supp 5K+ E-LTU";"1y SecureDoc WinEntr Supp 5K+ E-LTU";"1y SecureDoc WinEntr Supp 5K+ E-LTU";"1y SecureDoc WinEntr Supp 5K+ E-LTU";"1y SecureDoc WinEntr Supp 5K+ E-LTU";;;;;;;;
"19803041";"H6S51AAE";"1y SecureDoc WinEntr Supp 1-499 E-LTU";;;;"1y SecureDoc WinEntr Supp 1-499 E-LTU";"1y SecureDoc WinEntr Supp 1-499 E-LTU";"1y SecureDoc WinEntr Supp 1-499 E-LTU";"1y SecureDoc WinEntr Supp 1-499 E-LTU";"1y SecureDoc WinEntr Supp 1-499 E-LTU";;;;;;;;
"20556871";"RN31200-EUS100-2X1TB";"ReadyNAS 312";;;;"ReadyNAS 312";"ReadyNAS 312";"ReadyNAS 312";"ReadyNAS 312";"ReadyNAS 312";;;;;;;;
"20556872";"RN31200-EUS100-2X2TB";"ReadyNAS 312";;;;"ReadyNAS 312";"ReadyNAS 312";"ReadyNAS 312";"ReadyNAS 312";"ReadyNAS 312";;;;;;;;
"20556873";"RN31200-EUS100-2X3TB";"ReadyNAS 312";;;;"ReadyNAS 312";"ReadyNAS 312";"ReadyNAS 312";"ReadyNAS 312";"ReadyNAS 312";;;;;;;;
"20556874";"RN31200-EUS100-2X4TB";"ReadyNAS 312";;;;"ReadyNAS 312";"ReadyNAS 312";"ReadyNAS 312";"ReadyNAS 312";"ReadyNAS 312";;;;;;;;
"20688666";"H6S52AAE";"1y SecureDoc WinEntr Supp 500-999 E-LTU";;;;"1y SecureDoc WinEntr Supp 500-999 E-LTU";"1y SecureDoc WinEntr Supp 500-999 E-LTU";"1y SecureDoc WinEntr Supp 500-999 E-LTU";"1y SecureDoc WinEntr Supp 500-999 E-LTU";"1y SecureDoc WinEntr Supp 500-999 E-LTU";;;;;;;;
"20688667";"H6S53AAE";"1y SecureDoc WinEntr Supp 1K-4999 E-LTU";;;;"1y SecureDoc WinEntr Supp 1K-4999 E-LTU";"1y SecureDoc WinEntr Supp 1K-4999 E-LTU";"1y SecureDoc WinEntr Supp 1K-4999 E-LTU";"1y SecureDoc WinEntr Supp 1K-4999 E-LTU";"1y SecureDoc WinEntr Supp 1K-4999 E-LTU";;;;;;;;
"20688668";"H6S55AAE";"3y SecureDoc WinEntr Supp 1-499 E-LTU";;;;"3y SecureDoc WinEntr Supp 1-499 E-LTU";"3y SecureDoc WinEntr Supp 1-499 E-LTU";"3y SecureDoc WinEntr Supp 1-499 E-LTU";"3y SecureDoc WinEntr Supp 1-499 E-LTU";"3y SecureDoc WinEntr Supp 1-499 E-LTU";;;;;;;;
"20688669";"H6S56AAE";"3y SecureDoc WinEntr Supp 500-999 E-LTU";;;;"3y SecureDoc WinEntr Supp 500-999 E-LTU";"3y SecureDoc WinEntr Supp 500-999 E-LTU";"3y SecureDoc WinEntr Supp 500-999 E-LTU";"3y SecureDoc WinEntr Supp 500-999 E-LTU";"3y SecureDoc WinEntr Supp 500-999 E-LTU";;;;;;;;
"20688670";"H6S57AAE";"3y SecureDoc WinEntr Supp 1K-4999 E-LTU";;;;"3y SecureDoc WinEntr Supp 1K-4999 E-LTU";"3y SecureDoc WinEntr Supp 1K-4999 E-LTU";"3y SecureDoc WinEntr Supp 1K-4999 E-LTU";"3y SecureDoc WinEntr Supp 1K-4999 E-LTU";"3y SecureDoc WinEntr Supp 1K-4999 E-LTU";;;;;;;;
"20688671";"H6S58AAE";"3y SecureDoc WinEntr Supp 5K+ E-LTU";;;;"3y SecureDoc WinEntr Supp 5K+ E-LTU";"3y SecureDoc WinEntr Supp 5K+ E-LTU";"3y SecureDoc WinEntr Supp 5K+ E-LTU";"3y SecureDoc WinEntr Supp 5K+ E-LTU";"3y SecureDoc WinEntr Supp 5K+ E-LTU";;;;;;;;
"20688672";"H6S59AAE";"1y SecureDocWinEntr RenSupp 1-499 E-LTU";;;;"1y SecureDocWinEntr RenSupp 1-499 E-LTU";"1y SecureDocWinEntr RenSupp 1-499 E-LTU";"1y SecureDocWinEntr RenSupp 1-499 E-LTU";"1y SecureDocWinEntr RenSupp 1-499 E-LTU";"1y SecureDocWinEntr RenSupp 1-499 E-LTU";;;;;;;;
"20688673";"H7A18AAE";"1y SecureDocWinEntr RenSupp 500-999 E-LTU";;;;"1y SecureDocWinEntr RenSupp 500-999 E-LTU";"1y SecureDocWinEntr RenSupp 500-999 E-LTU";"1y SecureDocWinEntr RenSupp 500-999 E-LTU";"1y SecureDocWinEntr RenSupp 500-999 E-LTU";"1y SecureDocWinEntr RenSupp 500-999 E-LTU";;;;;;;;
"20688674";"H7A19AAE";"1y SecureDocWinEntr RenSupp 1K-4999 E-LTU";;;;"1y SecureDocWinEntr RenSupp 1K-4999 E-LTU";"1y SecureDocWinEntr RenSupp 1K-4999 E-LTU";"1y SecureDocWinEntr RenSupp 1K-4999 E-LTU";"1y SecureDocWinEntr RenSupp 1K-4999 E-LTU";"1y SecureDocWinEntr RenSupp 1K-4999 E-LTU";;;;;;;;
"20688675";"H7A20AAE";"1y SecureDocWinEntr Ren Supp 5K+ E-LTU";;;;"1y SecureDocWinEntr Ren Supp 5K+ E-LTU";"1y SecureDocWinEntr Ren Supp 5K+ E-LTU";"1y SecureDocWinEntr Ren Supp 5K+ E-LTU";"1y SecureDocWinEntr Ren Supp 5K+ E-LTU";"1y SecureDocWinEntr Ren Supp 5K+ E-LTU";;;;;;;;
"20688676";"H7A21AAE";"1y 24x7 SecureDoc WinEnt Supp 1K-4999 E-LTU";;;;"1y 24x7 SecureDoc WinEnt Supp 1K-4999 E-LTU";"1y 24x7 SecureDoc WinEnt Supp 1K-4999 E-LTU";"1y 24x7 SecureDoc WinEnt Supp 1K-4999 E-LTU";"1y 24x7 SecureDoc WinEnt Supp 1K-4999 E-LTU";"1y 24x7 SecureDoc WinEnt Supp 1K-4999 E-LTU";;;;;;;;
"20688677";"H7A22AAE";"1y 24x7 SecureDoc WinEnt Supp 5K+ E-LTU";;;;"1y 24x7 SecureDoc WinEnt Supp 5K+ E-LTU";"1y 24x7 SecureDoc WinEnt Supp 5K+ E-LTU";"1y 24x7 SecureDoc WinEnt Supp 5K+ E-LTU";"1y 24x7 SecureDoc WinEnt Supp 5K+ E-LTU";"1y 24x7 SecureDoc WinEnt Supp 5K+ E-LTU";;;;;;;;
"20688678";"H7A23AAE";"3y 24x7 SecureDoc WinEnt Supp 1K-4999 E-LTU";;;;"3y 24x7 SecureDoc WinEnt Supp 1K-4999 E-LTU";"3y 24x7 SecureDoc WinEnt Supp 1K-4999 E-LTU";"3y 24x7 SecureDoc WinEnt Supp 1K-4999 E-LTU";"3y 24x7 SecureDoc WinEnt Supp 1K-4999 E-LTU";"3y 24x7 SecureDoc WinEnt Supp 1K-4999 E-LTU";;;;;;;;
"20688679";"H7A24AAE";"3y 24x7 SecureDoc WinEnt Supp 5K+ E-LTU";;;;"3y 24x7 SecureDoc WinEnt Supp 5K+ E-LTU";"3y 24x7 SecureDoc WinEnt Supp 5K+ E-LTU";"3y 24x7 SecureDoc WinEnt Supp 5K+ E-LTU";"3y 24x7 SecureDoc WinEnt Supp 5K+ E-LTU";"3y 24x7 SecureDoc WinEnt Supp 5K+ E-LTU";;;;;;;;
"20688680";"H7A25AAE";"1y 24x7 SecDoc WinEnt RenSupp 1K-4999 E-LTU";;;;"1y 24x7 SecDoc WinEnt RenSupp 1K-4999 E-LTU";"1y 24x7 SecDoc WinEnt RenSupp 1K-4999 E-LTU";"1y 24x7 SecDoc WinEnt RenSupp 1K-4999 E-LTU";"1y 24x7 SecDoc WinEnt RenSupp 1K-4999 E-LTU";"1y 24x7 SecDoc WinEnt RenSupp 1K-4999 E-LTU";;;;;;;;
"20688681";"H7A26AAE";"1y 24x7 SecDoc WinEnt RenewSupp 5K+ E-LTU";;;;"1y 24x7 SecDoc WinEnt RenewSupp 5K+ E-LTU";"1y 24x7 SecDoc WinEnt RenewSupp 5K+ E-LTU";"1y 24x7 SecDoc WinEnt RenewSupp 5K+ E-LTU";"1y 24x7 SecDoc WinEnt RenewSupp 5K+ E-LTU";"1y 24x7 SecDoc WinEnt RenewSupp 5K+ E-LTU";;;;;;;;
"20688682";"H7A27AAE";"1y SecureDoc WinEnt nonHP Supp 1-499 E-LTU";;;;"1y SecureDoc WinEnt nonHP Supp 1-499 E-LTU";"1y SecureDoc WinEnt nonHP Supp 1-499 E-LTU";"1y SecureDoc WinEnt nonHP Supp 1-499 E-LTU";"1y SecureDoc WinEnt nonHP Supp 1-499 E-LTU";"1y SecureDoc WinEnt nonHP Supp 1-499 E-LTU";;;;;;;;
"20688683";"H7A28AAE";"1y SecureDoc WinEnt nonHP Supp 500-999 E-LTU";;;;"1y SecureDoc WinEnt nonHP Supp 500-999 E-LTU";"1y SecureDoc WinEnt nonHP Supp 500-999 E-LTU";"1y SecureDoc WinEnt nonHP Supp 500-999 E-LTU";"1y SecureDoc WinEnt nonHP Supp 500-999 E-LTU";"1y SecureDoc WinEnt nonHP Supp 500-999 E-LTU";;;;;;;;
"20688684";"H7A29AAE";"1y SecureDoc WinEnt nonHP Supp 1K-4999 E-LTU";;;;"1y SecureDoc WinEnt nonHP Supp 1K-4999 E-LTU";"1y SecureDoc WinEnt nonHP Supp 1K-4999 E-LTU";"1y SecureDoc WinEnt nonHP Supp 1K-4999 E-LTU";"1y SecureDoc WinEnt nonHP Supp 1K-4999 E-LTU";"1y SecureDoc WinEnt nonHP Supp 1K-4999 E-LTU";;;;;;;;
"20688685";"H7A30AAE";"1y SecureDoc WinEnt nonHP Supp 5K+ E-LTU";;;;"1y SecureDoc WinEnt nonHP Supp 5K+ E-LTU";"1y SecureDoc WinEnt nonHP Supp 5K+ E-LTU";"1y SecureDoc WinEnt nonHP Supp 5K+ E-LTU";"1y SecureDoc WinEnt nonHP Supp 5K+ E-LTU";"1y SecureDoc WinEnt nonHP Supp 5K+ E-LTU";;;;;;;;
"20688686";"H7A31AAE";"3y SecureDoc WinEnt nonHP Supp 1-499 E-LTU";;;;"3y SecureDoc WinEnt nonHP Supp 1-499 E-LTU";"3y SecureDoc WinEnt nonHP Supp 1-499 E-LTU";"3y SecureDoc WinEnt nonHP Supp 1-499 E-LTU";"3y SecureDoc WinEnt nonHP Supp 1-499 E-LTU";"3y SecureDoc WinEnt nonHP Supp 1-499 E-LTU";;;;;;;;
"20688687";"H7A32AAE";"3y SecureDoc WinEnt nonHP Supp 500-999 E-LTU";;;;"3y SecureDoc WinEnt nonHP Supp 500-999 E-LTU";"3y SecureDoc WinEnt nonHP Supp 500-999 E-LTU";"3y SecureDoc WinEnt nonHP Supp 500-999 E-LTU";"3y SecureDoc WinEnt nonHP Supp 500-999 E-LTU";"3y SecureDoc WinEnt nonHP Supp 500-999 E-LTU";;;;;;;;
"20688688";"H7A33AAE";"3y SecureDoc WinEnt nonHP Supp 1K-4999 E-LTU";;;;"3y SecureDoc WinEnt nonHP Supp 1K-4999 E-LTU";"3y SecureDoc WinEnt nonHP Supp 1K-4999 E-LTU";"3y SecureDoc WinEnt nonHP Supp 1K-4999 E-LTU";"3y SecureDoc WinEnt nonHP Supp 1K-4999 E-LTU";"3y SecureDoc WinEnt nonHP Supp 1K-4999 E-LTU";;;;;;;;
"20688689";"H7A34AAE";"3y SecureDoc WinEnt nonHP Supp 5K+ E-LTU";;;;"3y SecureDoc WinEnt nonHP Supp 5K+ E-LTU";"3y SecureDoc WinEnt nonHP Supp 5K+ E-LTU";"3y SecureDoc WinEnt nonHP Supp 5K+ E-LTU";"3y SecureDoc WinEnt nonHP Supp 5K+ E-LTU";"3y SecureDoc WinEnt nonHP Supp 5K+ E-LTU";;;;;;;;
"20688690";"H7A35AAE";"1y SecureDoc WinEnt nonHP RenSupp 1-499 E-LTU";;;;"1y SecureDoc WinEnt nonHP RenSupp 1-499 E-LTU";"1y SecureDoc WinEnt nonHP RenSupp 1-499 E-LTU";"1y SecureDoc WinEnt nonHP RenSupp 1-499 E-LTU";"1y SecureDoc WinEnt nonHP RenSupp 1-499 E-LTU";"1y SecureDoc WinEnt nonHP RenSupp 1-499 E-LTU";;;;;;;;
"20688691";"H7A36AAE";"1ySecDoc WinEnt nonHP RenSupp 500-999 E-LTU";;;;"1ySecDoc WinEnt nonHP RenSupp 500-999 E-LTU";"1ySecDoc WinEnt nonHP RenSupp 500-999 E-LTU";"1ySecDoc WinEnt nonHP RenSupp 500-999 E-LTU";"1ySecDoc WinEnt nonHP RenSupp 500-999 E-LTU";"1ySecDoc WinEnt nonHP RenSupp 500-999 E-LTU";;;;;;;;
"20688692";"H7A37AAE";"1y SecDoc WinEnt nonHP RenSupp 1K-4999 E-LTU";;;;"1y SecDoc WinEnt nonHP RenSupp 1K-4999 E-LTU";"1y SecDoc WinEnt nonHP RenSupp 1K-4999 E-LTU";"1y SecDoc WinEnt nonHP RenSupp 1K-4999 E-LTU";"1y SecDoc WinEnt nonHP RenSupp 1K-4999 E-LTU";"1y SecDoc WinEnt nonHP RenSupp 1K-4999 E-LTU";;;;;;;;
"20688693";"H7A38AAE";"1y SecDoc WinEnt nonHP RenSupp 5K+ E-LTU";;;;"1y SecDoc WinEnt nonHP RenSupp 5K+ E-LTU";"1y SecDoc WinEnt nonHP RenSupp 5K+ E-LTU";"1y SecDoc WinEnt nonHP RenSupp 5K+ E-LTU";"1y SecDoc WinEnt nonHP RenSupp 5K+ E-LTU";"1y SecDoc WinEnt nonHP RenSupp 5K+ E-LTU";;;;;;;;
"20688694";"H7A39AAE";"1y 24x7 SecDoc WinEnt nonHP Supp 1K-4999 E-LTU";;;;"1y 24x7 SecDoc WinEnt nonHP Supp 1K-4999 E-LTU";"1y 24x7 SecDoc WinEnt nonHP Supp 1K-4999 E-LTU";"1y 24x7 SecDoc WinEnt nonHP Supp 1K-4999 E-LTU";"1y 24x7 SecDoc WinEnt nonHP Supp 1K-4999 E-LTU";"1y 24x7 SecDoc WinEnt nonHP Supp 1K-4999 E-LTU";;;;;;;;
"20688695";"H7A40AAE";"1y 24x7 SecDoc WinEnt nonHP Supp 5K+ E-LTU";;;;"1y 24x7 SecDoc WinEnt nonHP Supp 5K+ E-LTU";"1y 24x7 SecDoc WinEnt nonHP Supp 5K+ E-LTU";"1y 24x7 SecDoc WinEnt nonHP Supp 5K+ E-LTU";"1y 24x7 SecDoc WinEnt nonHP Supp 5K+ E-LTU";"1y 24x7 SecDoc WinEnt nonHP Supp 5K+ E-LTU";;;;;;;;
"20688696";"H7A41AAE";"3y 24x7 SecDoc WinEnt nonHP Supp 1K-4999 E-LTU";;;;"3y 24x7 SecDoc WinEnt nonHP Supp 1K-4999 E-LTU";"3y 24x7 SecDoc WinEnt nonHP Supp 1K-4999 E-LTU";"3y 24x7 SecDoc WinEnt nonHP Supp 1K-4999 E-LTU";"3y 24x7 SecDoc WinEnt nonHP Supp 1K-4999 E-LTU";"3y 24x7 SecDoc WinEnt nonHP Supp 1K-4999 E-LTU";;;;;;;;
"20688697";"H7A42AAE";"3y 24x7 SecDoc WinEnt nonHP Supp 5K+ E-LTU";;;;"3y 24x7 SecDoc WinEnt nonHP Supp 5K+ E-LTU";"3y 24x7 SecDoc WinEnt nonHP Supp 5K+ E-LTU";"3y 24x7 SecDoc WinEnt nonHP Supp 5K+ E-LTU";"3y 24x7 SecDoc WinEnt nonHP Supp 5K+ E-LTU";"3y 24x7 SecDoc WinEnt nonHP Supp 5K+ E-LTU";;;;;;;;
"20688698";"H7A43AAE";"1y 24x7 SecDoc WinEnt nonHP RenSupp 1K-4999 E-LTU";;;;"1y 24x7 SecDoc WinEnt nonHP RenSupp 1K-4999 E-LTU";"1y 24x7 SecDoc WinEnt nonHP RenSupp 1K-4999 E-LTU";"1y 24x7 SecDoc WinEnt nonHP RenSupp 1K-4999 E-LTU";"1y 24x7 SecDoc WinEnt nonHP RenSupp 1K-4999 E-LTU";"1y 24x7 SecDoc WinEnt nonHP RenSupp 1K-4999 E-LTU";;;;;;;;
"20688699";"H7A44AAE";"1y 24x7 SecDoc WinEnt nonHP RenSupp 5K+ E-LTU";;;;"1y 24x7 SecDoc WinEnt nonHP RenSupp 5K+ E-LTU";"1y 24x7 SecDoc WinEnt nonHP RenSupp 5K+ E-LTU";"1y 24x7 SecDoc WinEnt nonHP RenSupp 5K+ E-LTU";"1y 24x7 SecDoc WinEnt nonHP RenSupp 5K+ E-LTU";"1y 24x7 SecDoc WinEnt nonHP RenSupp 5K+ E-LTU";;;;;;;;
"20765909";"842022";"842022";;;;"842022";"842022";"842022";"842022";"842022";;;;;;;;
"21136068";"U1VA1E";"3y CDMR 4h 24x7 StoreOnce 6500 120TB ProactSVC";;;;"3y CDMR 4h 24x7 StoreOnce 6500 120TB ProactSVC";"3y CDMR 4h 24x7 StoreOnce 6500 120TB ProactSVC";"3y CDMR 4h 24x7 StoreOnce 6500 120TB ProactSVC";"3y CDMR 4h 24x7 StoreOnce 6500 120TB ProactSVC";"3y CDMR 4h 24x7 StoreOnce 6500 120TB ProactSVC";;;;;;;;
"21872051";"NC00074347";"NeatSuite f/SMB v3.x, RNW, GOV, 27m, 5u, ML";;;;"NeatSuite f/SMB v3.x, RNW, GOV, 27m, 5u, ML";"NeatSuite f/SMB v3.x, RNW, GOV, 27m, 5u, ML";"NeatSuite f/SMB v3.x, RNW, GOV, 27m, 5u, ML";"NeatSuite f/SMB v3.x, RNW, GOV, 27m, 5u, ML";"NeatSuite f/SMB v3.x, RNW, GOV, 27m, 5u, ML";;;;;;;;
"21872052";"NC00074348";"NeatSuite f/SMB v3.x, RNW, GOV, 27m, 6-10u, ML";;;;"NeatSuite f/SMB v3.x, RNW, GOV, 27m, 6-10u, ML";"NeatSuite f/SMB v3.x, RNW, GOV, 27m, 6-10u, ML";"NeatSuite f/SMB v3.x, RNW, GOV, 27m, 6-10u, ML";"NeatSuite f/SMB v3.x, RNW, GOV, 27m, 6-10u, ML";"NeatSuite f/SMB v3.x, RNW, GOV, 27m, 6-10u, ML";;;;;;;;
"21872053";"NC00074349";"NeatSuite f/SMB v3.x, RNW, GOV, 27m, 11-25u, ML";;;;"NeatSuite f/SMB v3.x, RNW, GOV, 27m, 11-25u, ML";"NeatSuite f/SMB v3.x, RNW, GOV, 27m, 11-25u, ML";"NeatSuite f/SMB v3.x, RNW, GOV, 27m, 11-25u, ML";"NeatSuite f/SMB v3.x, RNW, GOV, 27m, 11-25u, ML";"NeatSuite f/SMB v3.x, RNW, GOV, 27m, 11-25u, ML";;;;;;;;
"21872054";"NC00074350";"NeatSuite f/SMB v3.x, RNW, GOV, 27m, 26-50u, ML";;;;"NeatSuite f/SMB v3.x, RNW, GOV, 27m, 26-50u, ML";"NeatSuite f/SMB v3.x, RNW, GOV, 27m, 26-50u, ML";"NeatSuite f/SMB v3.x, RNW, GOV, 27m, 26-50u, ML";"NeatSuite f/SMB v3.x, RNW, GOV, 27m, 26-50u, ML";"NeatSuite f/SMB v3.x, RNW, GOV, 27m, 26-50u, ML";;;;;;;;
"21872055";"NC00074351";"NeatSuite f/SMB v3.x, RNW, GOV, 27m, 51-100u, ML";;;;"NeatSuite f/SMB v3.x, RNW, GOV, 27m, 51-100u, ML";"NeatSuite f/SMB v3.x, RNW, GOV, 27m, 51-100u, ML";"NeatSuite f/SMB v3.x, RNW, GOV, 27m, 51-100u, ML";"NeatSuite f/SMB v3.x, RNW, GOV, 27m, 51-100u, ML";"NeatSuite f/SMB v3.x, RNW, GOV, 27m, 51-100u, ML";;;;;;;;
"21872056";"NC00074352";"NeatSuite f/SMB v3.x, RNW, GOV, 27m, 101-250u, ML";;;;"NeatSuite f/SMB v3.x, RNW, GOV, 27m, 101-250u, ML";"NeatSuite f/SMB v3.x, RNW, GOV, 27m, 101-250u, ML";"NeatSuite f/SMB v3.x, RNW, GOV, 27m, 101-250u, ML";"NeatSuite f/SMB v3.x, RNW, GOV, 27m, 101-250u, ML";"NeatSuite f/SMB v3.x, RNW, GOV, 27m, 101-250u, ML";;;;;;;;
"21872057";"NC00074365";"NeatSuite f/SMB v3.x, RNW, GOV, 28m, 5u, ML";;;;"NeatSuite f/SMB v3.x, RNW, GOV, 28m, 5u, ML";"NeatSuite f/SMB v3.x, RNW, GOV, 28m, 5u, ML";"NeatSuite f/SMB v3.x, RNW, GOV, 28m, 5u, ML";"NeatSuite f/SMB v3.x, RNW, GOV, 28m, 5u, ML";"NeatSuite f/SMB v3.x, RNW, GOV, 28m, 5u, ML";;;;;;;;
"21872058";"NC00074366";"NeatSuite f/SMB v3.x, RNW, GOV, 28m, 6-10u, ML";;;;"NeatSuite f/SMB v3.x, RNW, GOV, 28m, 6-10u, ML";"NeatSuite f/SMB v3.x, RNW, GOV, 28m, 6-10u, ML";"NeatSuite f/SMB v3.x, RNW, GOV, 28m, 6-10u, ML";"NeatSuite f/SMB v3.x, RNW, GOV, 28m, 6-10u, ML";"NeatSuite f/SMB v3.x, RNW, GOV, 28m, 6-10u, ML";;;;;;;;
"21872059";"NC00074367";"NeatSuite f/SMB v3.x, RNW, GOV, 28m, 11-25u, ML";;;;"NeatSuite f/SMB v3.x, RNW, GOV, 28m, 11-25u, ML";"NeatSuite f/SMB v3.x, RNW, GOV, 28m, 11-25u, ML";"NeatSuite f/SMB v3.x, RNW, GOV, 28m, 11-25u, ML";"NeatSuite f/SMB v3.x, RNW, GOV, 28m, 11-25u, ML";"NeatSuite f/SMB v3.x, RNW, GOV, 28m, 11-25u, ML";;;;;;;;
"21872060";"NC00074368";"NeatSuite f/SMB v3.x, RNW, GOV, 28m, 26-50u, ML";;;;"NeatSuite f/SMB v3.x, RNW, GOV, 28m, 26-50u, ML";"NeatSuite f/SMB v3.x, RNW, GOV, 28m, 26-50u, ML";"NeatSuite f/SMB v3.x, RNW, GOV, 28m, 26-50u, ML";"NeatSuite f/SMB v3.x, RNW, GOV, 28m, 26-50u, ML";"NeatSuite f/SMB v3.x, RNW, GOV, 28m, 26-50u, ML";;;;;;;;
"21872061";"NC00074369";"NeatSuite f/SMB v3.x, RNW, GOV, 28m, 51-100u, ML";;;;"NeatSuite f/SMB v3.x, RNW, GOV, 28m, 51-100u, ML";"NeatSuite f/SMB v3.x, RNW, GOV, 28m, 51-100u, ML";"NeatSuite f/SMB v3.x, RNW, GOV, 28m, 51-100u, ML";"NeatSuite f/SMB v3.x, RNW, GOV, 28m, 51-100u, ML";"NeatSuite f/SMB v3.x, RNW, GOV, 28m, 51-100u, ML";;;;;;;;
"21877253";"NC00074353";"NeatSuite f/SMB v3.x, RNW, 27m, 5u, ML";;;;"NeatSuite f/SMB v3.x, RNW, 27m, 5u, ML";"NeatSuite f/SMB v3.x, RNW, 27m, 5u, ML";"NeatSuite f/SMB v3.x, RNW, 27m, 5u, ML";"NeatSuite f/SMB v3.x, RNW, 27m, 5u, ML";"NeatSuite f/SMB v3.x, RNW, 27m, 5u, ML";;;;;;;;
"21877254";"NC00074354";"NeatSuite f/SMB v3.x, RNW, 27m, 6-10u, ML";;;;"NeatSuite f/SMB v3.x, RNW, 27m, 6-10u, ML";"NeatSuite f/SMB v3.x, RNW, 27m, 6-10u, ML";"NeatSuite f/SMB v3.x, RNW, 27m, 6-10u, ML";"NeatSuite f/SMB v3.x, RNW, 27m, 6-10u, ML";"NeatSuite f/SMB v3.x, RNW, 27m, 6-10u, ML";;;;;;;;
"21877255";"NC00074355";"NeatSuite f/SMB v3.x, RNW, 27m, 11-25u, ML";;;;"NeatSuite f/SMB v3.x, RNW, 27m, 11-25u, ML";"NeatSuite f/SMB v3.x, RNW, 27m, 11-25u, ML";"NeatSuite f/SMB v3.x, RNW, 27m, 11-25u, ML";"NeatSuite f/SMB v3.x, RNW, 27m, 11-25u, ML";"NeatSuite f/SMB v3.x, RNW, 27m, 11-25u, ML";;;;;;;;
"21877256";"NC00074356";"NeatSuite f/SMB v3.x, RNW, 27m, 26-50u, ML";;;;"NeatSuite f/SMB v3.x, RNW, 27m, 26-50u, ML";"NeatSuite f/SMB v3.x, RNW, 27m, 26-50u, ML";"NeatSuite f/SMB v3.x, RNW, 27m, 26-50u, ML";"NeatSuite f/SMB v3.x, RNW, 27m, 26-50u, ML";"NeatSuite f/SMB v3.x, RNW, 27m, 26-50u, ML";;;;;;;;
"21877257";"NC00074357";"NeatSuite f/SMB v3.x, RNW, 27m, 51-100u, ML";;;;"NeatSuite f/SMB v3.x, RNW, 27m, 51-100u, ML";"NeatSuite f/SMB v3.x, RNW, 27m, 51-100u, ML";"NeatSuite f/SMB v3.x, RNW, 27m, 51-100u, ML";"NeatSuite f/SMB v3.x, RNW, 27m, 51-100u, ML";"NeatSuite f/SMB v3.x, RNW, 27m, 51-100u, ML";;;;;;;;
"21885176";"NC00074344";"NeatSuite f/SMB v3.x, RNW, EDU, 27m, 26-50u, ML";;;;"NeatSuite f/SMB v3.x, RNW, EDU, 27m, 26-50u, ML";"NeatSuite f/SMB v3.x, RNW, EDU, 27m, 26-50u, ML";"NeatSuite f/SMB v3.x, RNW, EDU, 27m, 26-50u, ML";"NeatSuite f/SMB v3.x, RNW, EDU, 27m, 26-50u, ML";"NeatSuite f/SMB v3.x, RNW, EDU, 27m, 26-50u, ML";;;;;;;;
"21885177";"NC00074345";"NeatSuite f/SMB v3.x, RNW, EDU, 27m, 51-100u, ML";;;;"NeatSuite f/SMB v3.x, RNW, EDU, 27m, 51-100u, ML";"NeatSuite f/SMB v3.x, RNW, EDU, 27m, 51-100u, ML";"NeatSuite f/SMB v3.x, RNW, EDU, 27m, 51-100u, ML";"NeatSuite f/SMB v3.x, RNW, EDU, 27m, 51-100u, ML";"NeatSuite f/SMB v3.x, RNW, EDU, 27m, 51-100u, ML";;;;;;;;
"21885178";"NC00074346";"NeatSuite f/SMB v3.x, RNW, EDU, 27m, 101-250u, ML";;;;"NeatSuite f/SMB v3.x, RNW, EDU, 27m, 101-250u, ML";"NeatSuite f/SMB v3.x, RNW, EDU, 27m, 101-250u, ML";"NeatSuite f/SMB v3.x, RNW, EDU, 27m, 101-250u, ML";"NeatSuite f/SMB v3.x, RNW, EDU, 27m, 101-250u, ML";"NeatSuite f/SMB v3.x, RNW, EDU, 27m, 101-250u, ML";;;;;;;;
"21885179";"NC00074359";"NeatSuite f/SMB v3.x, RNW, EDU, 28m, 5u, ML";;;;"NeatSuite f/SMB v3.x, RNW, EDU, 28m, 5u, ML";"NeatSuite f/SMB v3.x, RNW, EDU, 28m, 5u, ML";"NeatSuite f/SMB v3.x, RNW, EDU, 28m, 5u, ML";"NeatSuite f/SMB v3.x, RNW, EDU, 28m, 5u, ML";"NeatSuite f/SMB v3.x, RNW, EDU, 28m, 5u, ML";;;;;;;;
"21885180";"NC00074360";"NeatSuite f/SMB v3.x, RNW, EDU, 28m, 6-10u, ML";;;;"NeatSuite f/SMB v3.x, RNW, EDU, 28m, 6-10u, ML";"NeatSuite f/SMB v3.x, RNW, EDU, 28m, 6-10u, ML";"NeatSuite f/SMB v3.x, RNW, EDU, 28m, 6-10u, ML";"NeatSuite f/SMB v3.x, RNW, EDU, 28m, 6-10u, ML";"NeatSuite f/SMB v3.x, RNW, EDU, 28m, 6-10u, ML";;;;;;;;
"21885181";"NC00074361";"NeatSuite f/SMB v3.x, RNW, EDU, 28m, 11-25u, ML";;;;"NeatSuite f/SMB v3.x, RNW, EDU, 28m, 11-25u, ML";"NeatSuite f/SMB v3.x, RNW, EDU, 28m, 11-25u, ML";"NeatSuite f/SMB v3.x, RNW, EDU, 28m, 11-25u, ML";"NeatSuite f/SMB v3.x, RNW, EDU, 28m, 11-25u, ML";"NeatSuite f/SMB v3.x, RNW, EDU, 28m, 11-25u, ML";;;;;;;;
"21885182";"NC00074362";"NeatSuite f/SMB v3.x, RNW, EDU, 28m, 26-50u, ML";;;;"NeatSuite f/SMB v3.x, RNW, EDU, 28m, 26-50u, ML";"NeatSuite f/SMB v3.x, RNW, EDU, 28m, 26-50u, ML";"NeatSuite f/SMB v3.x, RNW, EDU, 28m, 26-50u, ML";"NeatSuite f/SMB v3.x, RNW, EDU, 28m, 26-50u, ML";"NeatSuite f/SMB v3.x, RNW, EDU, 28m, 26-50u, ML";;;;;;;;
"21885183";"NC00074363";"NeatSuite f/SMB v3.x, RNW, EDU, 28m, 51-100u, ML";;;;"NeatSuite f/SMB v3.x, RNW, EDU, 28m, 51-100u, ML";"NeatSuite f/SMB v3.x, RNW, EDU, 28m, 51-100u, ML";"NeatSuite f/SMB v3.x, RNW, EDU, 28m, 51-100u, ML";"NeatSuite f/SMB v3.x, RNW, EDU, 28m, 51-100u, ML";"NeatSuite f/SMB v3.x, RNW, EDU, 28m, 51-100u, ML";;;;;;;;
"21885184";"NC00074364";"NeatSuite f/SMB v3.x, RNW, EDU, 28m, 101-250u, ML";;;;"NeatSuite f/SMB v3.x, RNW, EDU, 28m, 101-250u, ML";"NeatSuite f/SMB v3.x, RNW, EDU, 28m, 101-250u, ML";"NeatSuite f/SMB v3.x, RNW, EDU, 28m, 101-250u, ML";"NeatSuite f/SMB v3.x, RNW, EDU, 28m, 101-250u, ML";"NeatSuite f/SMB v3.x, RNW, EDU, 28m, 101-250u, ML";;;;;;;;
"21909331";"SGK-6010-GKCM1-DE";"Trigger-Z";;;;"Trigger-Z";"Trigger-Z";"Trigger-Z";"Trigger-Z";"Trigger-Z";;;;;;;;
"22080486";"580-18171";"KB113";;;;"KB113";"KB113";"KB113";"KB113";"KB113";;;;;;;;
"22291171";"ME181C-A1-BK";"ME181C-A1-BK";;;;"ME181C-A1-BK";"ME181C-A1-BK";"ME181C-A1-BK";"ME181C-A1-BK";"ME181C-A1-BK";;;;;;;;
"22291171";"ME181C-A1-WT";"ME181C-A1-WT";;;;"ME181C-A1-WT";"ME181C-A1-WT";"ME181C-A1-WT";"ME181C-A1-WT";"ME181C-A1-WT";;;;;;;;
"23040616";"MLT-P309E";"MLT-P309E";;;;"MLT-P309E";"MLT-P309E";"MLT-P309E";"MLT-P309E";"MLT-P309E";;;;;;;;
"23092425";"4229786";"4229786";;;;"4229786";"4229786";"4229786";"4229786";"4229786";;;;;;;;
"23092427";"4229809";"4229809";;;;"4229809";"4229809";"4229809";"4229809";"4229809";;;;;;;;
"23102673";"U4JA0PE";"Foundation Care 1yr 9x5 NBD Exchange 350 Cld-Mngd AP";;;;"Foundation Care 1yr 9x5 NBD Exchange 350 Cld-Mngd AP";"Foundation Care 1yr 9x5 NBD Exchange 350 Cld-Mngd AP";"Foundation Care 1yr 9x5 NBD Exchange 350 Cld-Mngd AP";"Foundation Care 1yr 9x5 NBD Exchange 350 Cld-Mngd AP";"Foundation Care 1yr 9x5 NBD Exchange 350 Cld-Mngd AP";;;;;;;;
"23102674";"U4JA1E";"Foundation Care 1yr 24x7 4h 355 Cld-Mngd AP";;;;"Foundation Care 1yr 24x7 4h 355 Cld-Mngd AP";"Foundation Care 1yr 24x7 4h 355 Cld-Mngd AP";"Foundation Care 1yr 24x7 4h 355 Cld-Mngd AP";"Foundation Care 1yr 24x7 4h 355 Cld-Mngd AP";"Foundation Care 1yr 24x7 4h 355 Cld-Mngd AP";;;;;;;;
"23102675";"U4JA2PE";"Foundation Care 1yr 9x5 NBD Exchange 365 Cld-Mngd AP";;;;"Foundation Care 1yr 9x5 NBD Exchange 365 Cld-Mngd AP";"Foundation Care 1yr 9x5 NBD Exchange 365 Cld-Mngd AP";"Foundation Care 1yr 9x5 NBD Exchange 365 Cld-Mngd AP";"Foundation Care 1yr 9x5 NBD Exchange 365 Cld-Mngd AP";"Foundation Care 1yr 9x5 NBD Exchange 365 Cld-Mngd AP";;;;;;;;
"23102676";"U4JA3PE";"Foundation Care 1yr 9x5 NBD On-Site 350 Cld-Mngd AP";;;;"Foundation Care 1yr 9x5 NBD On-Site 350 Cld-Mngd AP";"Foundation Care 1yr 9x5 NBD On-Site 350 Cld-Mngd AP";"Foundation Care 1yr 9x5 NBD On-Site 350 Cld-Mngd AP";"Foundation Care 1yr 9x5 NBD On-Site 350 Cld-Mngd AP";"Foundation Care 1yr 9x5 NBD On-Site 350 Cld-Mngd AP";;;;;;;;
"23102677";"U4JA4E";"Foundation Care 1yr 24x7 4h On-Site 355 Cld-Mngd AP";;;;"Foundation Care 1yr 24x7 4h On-Site 355 Cld-Mngd AP";"Foundation Care 1yr 24x7 4h On-Site 355 Cld-Mngd AP";"Foundation Care 1yr 24x7 4h On-Site 355 Cld-Mngd AP";"Foundation Care 1yr 24x7 4h On-Site 355 Cld-Mngd AP";"Foundation Care 1yr 24x7 4h On-Site 355 Cld-Mngd AP";;;;;;;;
"23102678";"U4JA5PE";"Foundation Care 1yr 9x5 NBD 350 Cld-Mngd AP";;;;"Foundation Care 1yr 9x5 NBD 350 Cld-Mngd AP";"Foundation Care 1yr 9x5 NBD 350 Cld-Mngd AP";"Foundation Care 1yr 9x5 NBD 350 Cld-Mngd AP";"Foundation Care 1yr 9x5 NBD 350 Cld-Mngd AP";"Foundation Care 1yr 9x5 NBD 350 Cld-Mngd AP";;;;;;;;
"23102679";"U4JA6PE";"Proactive Care 1yr 24x7 4h 355 Cld-Mngd";;;;"Proactive Care 1yr 24x7 4h 355 Cld-Mngd";"Proactive Care 1yr 24x7 4h 355 Cld-Mngd";"Proactive Care 1yr 24x7 4h 355 Cld-Mngd";"Proactive Care 1yr 24x7 4h 355 Cld-Mngd";"Proactive Care 1yr 24x7 4h 355 Cld-Mngd";;;;;;;;
"23102680";"U4JA7PE";"Foundation Care 1yr 9x5 NBD On-Site 365 Cld-Mngd AP";;;;"Foundation Care 1yr 9x5 NBD On-Site 365 Cld-Mngd AP";"Foundation Care 1yr 9x5 NBD On-Site 365 Cld-Mngd AP";"Foundation Care 1yr 9x5 NBD On-Site 365 Cld-Mngd AP";"Foundation Care 1yr 9x5 NBD On-Site 365 Cld-Mngd AP";"Foundation Care 1yr 9x5 NBD On-Site 365 Cld-Mngd AP";;;;;;;;
"23102681";"U4JA8PE";"Foundation Care 1yr 9x5 NBD On-Site 365 Cld-Mngd AP";;;;"Foundation Care 1yr 9x5 NBD On-Site 365 Cld-Mngd AP";"Foundation Care 1yr 9x5 NBD On-Site 365 Cld-Mngd AP";"Foundation Care 1yr 9x5 NBD On-Site 365 Cld-Mngd AP";"Foundation Care 1yr 9x5 NBD On-Site 365 Cld-Mngd AP";"Foundation Care 1yr 9x5 NBD On-Site 365 Cld-Mngd AP";;;;;;;;
"23102682";"U4JA9PE";"Foundation Care 1yr 24x7 4h On-Site 350 Cld-Mngd AP";;;;"Foundation Care 1yr 24x7 4h On-Site 350 Cld-Mngd AP";"Foundation Care 1yr 24x7 4h On-Site 350 Cld-Mngd AP";"Foundation Care 1yr 24x7 4h On-Site 350 Cld-Mngd AP";"Foundation Care 1yr 24x7 4h On-Site 350 Cld-Mngd AP";"Foundation Care 1yr 24x7 4h On-Site 350 Cld-Mngd AP";;;;;;;;
"23144615";"M51AD-B08";"M51AD-B08";;;;"M51AD-B08";"M51AD-B08";"M51AD-B08";"M51AD-B08";"M51AD-B08";;;;;;;;
"23154677";"G9D75UA";"15-r017dx";;;;"15-r017dx";"15-r017dx";"15-r017dx";"15-r017dx";"15-r017dx";;;;;;;;
"23212101";"PSKT4E-06Q008DU";"L50-B-1H1";;;;"L50-B-1H1";"L50-B-1H1";"L50-B-1H1";"L50-B-1H1";"L50-B-1H1";;;;;;;;
"23249153";"G9E06EA";"3500 G2 MT";;;;"3500 G2 MT";"3500 G2 MT";"3500 G2 MT";"3500 G2 MT";"3500 G2 MT";;;;;;;;
"23306212";"90XB0090-BMU000";"WT465";;;;"WT465";"WT465";"WT465";"WT465";"WT465";;;;;;;;
"23478617";"SGK-6010-GKCL1-DE";"Trigger Z";;;;"Trigger Z";"Trigger Z";"Trigger Z";"Trigger Z";"Trigger Z";;;;;;;;
"24217332";"G9E20EA";"3500 G2 MT";;;;"3500 G2 MT";"3500 G2 MT";"3500 G2 MT";"3500 G2 MT";"3500 G2 MT";;;;;;;;
"24217333";"G9E22EA";"3500 G2 MT";;;;"3500 G2 MT";"3500 G2 MT";"3500 G2 MT";"3500 G2 MT";"3500 G2 MT";;;;;;;;
"24217334";"G9E14EA";"3500 G2 MT + W2072a";;;;"3500 G2 MT + W2072a";"3500 G2 MT + W2072a";"3500 G2 MT + W2072a";"3500 G2 MT + W2072a";"3500 G2 MT + W2072a";;;;;;;;
"24229291";"X552EA-SX061HB";"X552EA-SX061HB";;;;"X552EA-SX061HB";"X552EA-SX061HB";"X552EA-SX061HB";"X552EA-SX061HB";"X552EA-SX061HB";;;;;;;;
"24229291";"X552EA-SX061HW";"X552EA-SX061HW";;;;"X552EA-SX061HW";"X552EA-SX061HW";"X552EA-SX061HW";"X552EA-SX061HW";"X552EA-SX061HW";;;;;;;;
"24229298";"ME301T-1A045A";"ME301T-1A045A";;;;"ME301T-1A045A";"ME301T-1A045A";"ME301T-1A045A";"ME301T-1A045A";"ME301T-1A045A";;;;;;;;
"24351297";"90-XB2400KM000F0-B";"W3000B";;;;"W3000B";"W3000B";"W3000B";"W3000B";"W3000B";;;;;;;;
"24351297";"90-XB2400KM000F0-W";"W3000W";;;;"W3000W";"W3000W";"W3000W";"W3000W";"W3000W";;;;;;;;
"24482841";"90NB02F8-M07720";"P550LAV-XH51";;;;"P550LAV-XH51";"P550LAV-XH51";"P550LAV-XH51";"P550LAV-XH51";"P550LAV-XH51";;;;;;;;
"24548108";"PT640U-06002R";"W50-A1510";;;;"W50-A1510";"W50-A1510";"W50-A1510";"W50-A1510";"W50-A1510";;;;;;;;
"24731863";"M11AD-US011S";"M11AD-US011S";;;;"M11AD-US011S";"M11AD-US011S";"M11AD-US011S";"M11AD-US011S";"M11AD-US011S";;;;;;;;
"24854477";"BU401LA-CZ127G";"BU401LA-CZ127G";;;;"BU401LA-CZ127G";"BU401LA-CZ127G";"BU401LA-CZ127G";"BU401LA-CZ127G";"BU401LA-CZ127G";;;;;;;;
"24866871";"ME181C-A1-LB";"ME181C-A1-LB";;;;"ME181C-A1-LB";"ME181C-A1-LB";"ME181C-A1-LB";"ME181C-A1-LB";"ME181C-A1-LB";;;;;;;;
"24870333";"G751JM-BHI7N27";"G751JM-BHI7N27";;;;"G751JM-BHI7N27";"G751JM-BHI7N27";"G751JM-BHI7N27";"G751JM-BHI7N27";"G751JM-BHI7N27";;;;;;;;
"24901808";"R1208WT2GS";"R1208WT2GS";;;;"R1208WT2GS";"R1208WT2GS";"R1208WT2GS";"R1208WT2GS";"R1208WT2GS";;;;;;;;
"24901810";"R1304WT2GS";"R1304WT2GS";;;;"R1304WT2GS";"R1304WT2GS";"R1304WT2GS";"R1304WT2GS";"R1304WT2GS";;;;;;;;
"24945713";"RN31400-100EUS---4X-ST2000VN001";"ReadyNAS 314";;;;"ReadyNAS 314";"ReadyNAS 314";"ReadyNAS 314";"ReadyNAS 314";"ReadyNAS 314";;;;;;;;
"24945714";"RN31400-100EUS---4X-ST4000VN003";"ReadyNAS 314";;;;"ReadyNAS 314";"ReadyNAS 314";"ReadyNAS 314";"ReadyNAS 314";"ReadyNAS 314";;;;;;;;
"24945715";"RN31400-100EUS---4X-ST2000VX000";"ReadyNAS 314";;;;"ReadyNAS 314";"ReadyNAS 314";"ReadyNAS 314";"ReadyNAS 314";"ReadyNAS 314";;;;;;;;
"24945716";"RN31400-100EUS---4X-ST3000VX000";"ReadyNAS 314";;;;"ReadyNAS 314";"ReadyNAS 314";"ReadyNAS 314";"ReadyNAS 314";"ReadyNAS 314";;;;;;;;
"24945717";"RN31400-100EUS---4X-ST4000VX000";"ReadyNAS 314";;;;"ReadyNAS 314";"ReadyNAS 314";"ReadyNAS 314";"ReadyNAS 314";"ReadyNAS 314";;;;;;;;
"24945718";"RN31400-100EUS---4X-ST4000VX002";"ReadyNAS 314";;;;"ReadyNAS 314";"ReadyNAS 314";"ReadyNAS 314";"ReadyNAS 314";"ReadyNAS 314";;;;;;;;
"24945719";"RN31400-100EUS---4X-ST4000NC000";"ReadyNAS 314";;;;"ReadyNAS 314";"ReadyNAS 314";"ReadyNAS 314";"ReadyNAS 314";"ReadyNAS 314";;;;;;;;
"24945720";"RN31200-100EUS---2X-ST2000VN001";"ReadyNAS 312";;;;"ReadyNAS 312";"ReadyNAS 312";"ReadyNAS 312";"ReadyNAS 312";"ReadyNAS 312";;;;;;;;
"24945721";"RN31200-100EUS---2X-ST4000VN003";"ReadyNAS 312";;;;"ReadyNAS 312";"ReadyNAS 312";"ReadyNAS 312";"ReadyNAS 312";"ReadyNAS 312";;;;;;;;
"24945722";"RN31200-100EUS---2X-ST4000VX000";"ReadyNAS 312";;;;"ReadyNAS 312";"ReadyNAS 312";"ReadyNAS 312";"ReadyNAS 312";"ReadyNAS 312";;;;;;;;
"24945723";"RN31200-100EUS---2X-ST4000VX002";"ReadyNAS 312";;;;"ReadyNAS 312";"ReadyNAS 312";"ReadyNAS 312";"ReadyNAS 312";"ReadyNAS 312";;;;;;;;
"24945724";"RN31200-100EUS---2X-ST4000NC000";"ReadyNAS 312";;;;"ReadyNAS 312";"ReadyNAS 312";"ReadyNAS 312";"ReadyNAS 312";"ReadyNAS 312";;;;;;;;
"24945735";"RN10200-100EUS---2X-ST2000VN001";"ReadyNAS 102";;;;"ReadyNAS 102";"ReadyNAS 102";"ReadyNAS 102";"ReadyNAS 102";"ReadyNAS 102";;;;;;;;
"24945736";"RN10200-100EUS---2X-ST4000VN003";"ReadyNAS 102";;;;"ReadyNAS 102";"ReadyNAS 102";"ReadyNAS 102";"ReadyNAS 102";"ReadyNAS 102";;;;;;;;
"24945737";"RN10200-100EUS---2X-ST4000VX000";"ReadyNAS 102";;;;"ReadyNAS 102";"ReadyNAS 102";"ReadyNAS 102";"ReadyNAS 102";"ReadyNAS 102";;;;;;;;
"24945738";"RN10200-100EUS---2X-ST4000VX002";"ReadyNAS 102";;;;"ReadyNAS 102";"ReadyNAS 102";"ReadyNAS 102";"ReadyNAS 102";"ReadyNAS 102";;;;;;;;
"24945739";"RN10200-100EUS---2X-ST4000NC000";"ReadyNAS 102";;;;"ReadyNAS 102";"ReadyNAS 102";"ReadyNAS 102";"ReadyNAS 102";"ReadyNAS 102";;;;;;;;
"24945740";"RN10400-100EUS---4X-ST2000VN001";"RN10400-100EUS + 4X ST2000VN001";;;;"RN10400-100EUS + 4X ST2000VN001";"RN10400-100EUS + 4X ST2000VN001";"RN10400-100EUS + 4X ST2000VN001";"RN10400-100EUS + 4X ST2000VN001";"RN10400-100EUS + 4X ST2000VN001";;;;;;;;
"24945741";"RN10400-100EUS---4X-ST4000VN003";"RN10400-100EUS + 4X ST4000VN003";;;;"RN10400-100EUS + 4X ST4000VN003";"RN10400-100EUS + 4X ST4000VN003";"RN10400-100EUS + 4X ST4000VN003";"RN10400-100EUS + 4X ST4000VN003";"RN10400-100EUS + 4X ST4000VN003";;;;;;;;
"24945742";"RN10400-100EUS---4X-ST4000VX000";"RN10400-100EUS + 4X ST4000VX000";;;;"RN10400-100EUS + 4X ST4000VX000";"RN10400-100EUS + 4X ST4000VX000";"RN10400-100EUS + 4X ST4000VX000";"RN10400-100EUS + 4X ST4000VX000";"RN10400-100EUS + 4X ST4000VX000";;;;;;;;
"24945743";"RN10400-100EUS---4X-ST4000VX002";"RN10400-100EUS + 4X ST4000VX002";;;;"RN10400-100EUS + 4X ST4000VX002";"RN10400-100EUS + 4X ST4000VX002";"RN10400-100EUS + 4X ST4000VX002";"RN10400-100EUS + 4X ST4000VX002";"RN10400-100EUS + 4X ST4000VX002";;;;;;;;
"24945744";"RN10400-100EUS---4X-ST4000NC000";"RN10400-100EUS + 4X ST4000NC000";;;;"RN10400-100EUS + 4X ST4000NC000";"RN10400-100EUS + 4X ST4000NC000";"RN10400-100EUS + 4X ST4000NC000";"RN10400-100EUS + 4X ST4000NC000";"RN10400-100EUS + 4X ST4000NC000";;;;;;;;
"25067824";"90NL0731-M02900-W";"F205TA-BING-FD019BS-W";;;;"F205TA-BING-FD019BS-W";"F205TA-BING-FD019BS-W";"F205TA-BING-FD019BS-W";"F205TA-BING-FD019BS-W";"F205TA-BING-FD019BS-W";;;;;;;;
"25067824";"90NL0731-M02900-B";"F205TA-BING-FD019BS-B";;;;"F205TA-BING-FD019BS-B";"F205TA-BING-FD019BS-B";"F205TA-BING-FD019BS-B";"F205TA-BING-FD019BS-B";"F205TA-BING-FD019BS-B";;;;;;;;
"25153756";"59421631";"Z50-70";;;;"Z50-70";"Z50-70";"Z50-70";"Z50-70";"Z50-70";;;;;;;;
"25178578";"CLT-K806S";"CLT-K806S";;;;"CLT-K806S";"CLT-K806S";"CLT-K806S";"CLT-K806S";"CLT-K806S";;;;;;;;
"25544951";"59439467";"S8-50L";;;;"S8-50L";"S8-50L";"S8-50L";"S8-50L";"S8-50L";;;;;;;;
"25864683";"PSPRBU-02R03L";"S55-B5148";;;;"S55-B5148";"S55-B5148";"S55-B5148";"S55-B5148";"S55-B5148";;;;;;;;
"25898236";"5463J2G";"x3550 M5";;;;"x3550 M5";"x3550 M5";"x3550 M5";"x3550 M5";"x3550 M5";;;;;;;;
"25905644";"U7VN7E";"3 year NBD DL120 Gen9 Foundation Care Service";;;;"3 year NBD DL120 Gen9 Foundation Care Service";"3 year NBD DL120 Gen9 Foundation Care Service";"3 year NBD DL120 Gen9 Foundation Care Service";"3 year NBD DL120 Gen9 Foundation Care Service";"3 year NBD DL120 Gen9 Foundation Care Service";;;;;;;;
"25914496";"7450-0033";"7450";;;;"7450";"7450";"7450";"7450";"7450";;;;;;;;
"25914514";"3450-9730";"3450";;;;"3450";"3450";"3450";"3450";"3450";;;;;;;;
"25920968";"20C10026PB";"ThinkPad 10";;;;"ThinkPad 10";"ThinkPad 10";"ThinkPad 10";"ThinkPad 10";"ThinkPad 10";;;;;;;;
"25942527";"PSKTGE-01300MDU";"L50-B-2E4";;;;"L50-B-2E4";"L50-B-2E4";"L50-B-2E4";"L50-B-2E4";"L50-B-2E4";;;;;;;;
"25942534";"PSCL8E-00200GDU";"C70-B-33K";;;;"C70-B-33K";"C70-B-33K";"C70-B-33K";"C70-B-33K";"C70-B-33K";;;;;;;;
"25942535";"PSKRYE-00200HDU";"L70-B-14Z";;;;"L70-B-14Z";"L70-B-14Z";"L70-B-14Z";"L70-B-14Z";"L70-B-14Z";;;;;;;;
"25977809";"H9W16EA";"820 G2";;;;"820 G2";"820 G2";"820 G2";"820 G2";"820 G2";;;;;;;;
"26050176";"DT-SXNEB-025";"TC-705";;;;"TC-705";"TC-705";"TC-705";"TC-705";"TC-705";;;;;;;;
"26071738";"20DF004UGE";"E550";;;;"E550";"E550";"E550";"E550";"E550";;;;;;;;
"26083304";"NX-MSQET-008";"V3-572G-57VUW";;;;"V3-572G-57VUW";"V3-572G-57VUW";"V3-572G-57VUW";"V3-572G-57VUW";"V3-572G-57VUW";;;;;;;;
"26093675";"PSKT4E-0MD008DU";"L50-B-1X5";;;;"L50-B-1X5";"L50-B-1X5";"L50-B-1X5";"L50-B-1X5";"L50-B-1X5";;;;;;;;
"26093685";"PSCNQE-00300LDU";"C70-B-33H";;;;"C70-B-33H";"C70-B-33H";"C70-B-33H";"C70-B-33H";"C70-B-33H";;;;;;;;
"26134274";"G751JL-DS71";"G751JL-DS71";;;;"G751JL-DS71";"G751JL-DS71";"G751JL-DS71";"G751JL-DS71";"G751JL-DS71";;;;;;;;
"26220865";"TS-231---2X-ST2000VN000";"TS-231 + 2X ST2000VN000";;;;"TS-231 + 2X ST2000VN000";"TS-231 + 2X ST2000VN000";"TS-231 + 2X ST2000VN000";"TS-231 + 2X ST2000VN000";"TS-231 + 2X ST2000VN000";;;;;;;;
"26220866";"TS-231---2X-ST2000VN001";"TS-231 + 2X ST2000VN001";;;;"TS-231 + 2X ST2000VN001";"TS-231 + 2X ST2000VN001";"TS-231 + 2X ST2000VN001";"TS-231 + 2X ST2000VN001";"TS-231 + 2X ST2000VN001";;;;;;;;
"26220867";"TS-231---2X-ST3000VN000";"TS-231 + 2X ST3000VN000";;;;"TS-231 + 2X ST3000VN000";"TS-231 + 2X ST3000VN000";"TS-231 + 2X ST3000VN000";"TS-231 + 2X ST3000VN000";"TS-231 + 2X ST3000VN000";;;;;;;;
"26220868";"TS-231---2X-ST4000VN000";"TS-231 + 2X ST4000VN000";;;;"TS-231 + 2X ST4000VN000";"TS-231 + 2X ST4000VN000";"TS-231 + 2X ST4000VN000";"TS-231 + 2X ST4000VN000";"TS-231 + 2X ST4000VN000";;;;;;;;
"26220869";"TS-231---2X-ST4000VN003";"TS-231 + 2X ST4000VN003";;;;"TS-231 + 2X ST4000VN003";"TS-231 + 2X ST4000VN003";"TS-231 + 2X ST4000VN003";"TS-231 + 2X ST4000VN003";"TS-231 + 2X ST4000VN003";;;;;;;;
"26220870";"TS-231---2X-ST3000VX000";"TS-231 + 2X ST3000VX000";;;;"TS-231 + 2X ST3000VX000";"TS-231 + 2X ST3000VX000";"TS-231 + 2X ST3000VX000";"TS-231 + 2X ST3000VX000";"TS-231 + 2X ST3000VX000";;;;;;;;
"26220871";"TS-231---2X-ST4000NC000";"TS-231 + 2X ST4000NC000";;;;"TS-231 + 2X ST4000NC000";"TS-231 + 2X ST4000NC000";"TS-231 + 2X ST4000NC000";"TS-231 + 2X ST4000NC000";"TS-231 + 2X ST4000NC000";;;;;;;;
"26221044";"TS-231----2X-ST2000VN000";"TS-231+ + 2X ST2000VN000";;;;"TS-231+ + 2X ST2000VN000";"TS-231+ + 2X ST2000VN000";"TS-231+ + 2X ST2000VN000";"TS-231+ + 2X ST2000VN000";"TS-231+ + 2X ST2000VN000";;;;;;;;
"26221045";"TS-231----2X-ST3000VN000";"TS-231+ + 2X ST3000VN000";;;;"TS-231+ + 2X ST3000VN000";"TS-231+ + 2X ST3000VN000";"TS-231+ + 2X ST3000VN000";"TS-231+ + 2X ST3000VN000";"TS-231+ + 2X ST3000VN000";;;;;;;;
"26221046";"TS-231----2X-ST4000VN000";"TS-231+ + 2X ST4000VN000";;;;"TS-231+ + 2X ST4000VN000";"TS-231+ + 2X ST4000VN000";"TS-231+ + 2X ST4000VN000";"TS-231+ + 2X ST4000VN000";"TS-231+ + 2X ST4000VN000";;;;;;;;
"26221047";"TS-231----2X-ST4000NC000";"TS-231+ + 2X ST4000NC000";;;;"TS-231+ + 2X ST4000NC000";"TS-231+ + 2X ST4000NC000";"TS-231+ + 2X ST4000NC000";"TS-231+ + 2X ST4000NC000";"TS-231+ + 2X ST4000NC000";;;;;;;;
"26231617";"ANW15-5350SLV";"15";;;;"15";"15";"15";"15";"15";;;;;;;;
"26346688";"PSPNVA-04100N";"P50t-B041";;;;"P50t-B041";"P50t-B041";"P50t-B041";"P50t-B041";"P50t-B041";;;;;;;;
"26463922";"SM-T533NYKAPHE";"SM-T533NYKAPHE";;;;"SM-T533NYKAPHE";"SM-T533NYKAPHE";"SM-T533NYKAPHE";"SM-T533NYKAPHE";"SM-T533NYKAPHE";;;;;;;;
"26489066";"59436025";"Z50-70";;;;"Z50-70";"Z50-70";"Z50-70";"Z50-70";"Z50-70";;;;;;;;
"26567872";"G501JW-DS71";"G501JW-DS71";;;;"G501JW-DS71";"G501JW-DS71";"G501JW-DS71";"G501JW-DS71";"G501JW-DS71";;;;;;;;
"26923702";"DT-VM1EH-007";"X2632G";;;;"X2632G";"X2632G";"X2632G";"X2632G";"X2632G";;;;;;;;
"26987991";"80DU00ANGE";"Y70-70 Touch";;;;"Y70-70 Touch";"Y70-70 Touch";"Y70-70 Touch";"Y70-70 Touch";"Y70-70 Touch";;;;;;;;
"27006298";"NT-L77AA-001";"B1-730-15EL";;;;"B1-730-15EL";"B1-730-15EL";"B1-730-15EL";"B1-730-15EL";"B1-730-15EL";;;;;;;;
"27006300";"NT-L75AA-001";"B1-730-111L";;;;"B1-730-111L";"B1-730-111L";"B1-730-111L";"B1-730-111L";"B1-730-111L";;;;;;;;
"27006301";"NT-L76AA-001";"B1-730-12VL";;;;"B1-730-12VL";"B1-730-12VL";"B1-730-12VL";"B1-730-12VL";"B1-730-12VL";;;;;;;;
"27028320";"NT-MX3EB-007";"Switch 10 E";;;;"Switch 10 E";"Switch 10 E";"Switch 10 E";"Switch 10 E";"Switch 10 E";;;;;;;;
"27028322";"NT-MX2EB-003";"Switch 10 E";;;;"Switch 10 E";"Switch 10 E";"Switch 10 E";"Switch 10 E";"Switch 10 E";;;;;;;;
"27173859";"U8QH8E";"4 year 6 hour Call to Repair 1420-24G Switch Proactive Care Advanced Service";;;;"4 year 6 hour Call to Repair 1420-24G Switch Proactive Care Advanced Service";"4 year 6 hour Call to Repair 1420-24G Switch Proactive Care Advanced Service";"4 year 6 hour Call to Repair 1420-24G Switch Proactive Care Advanced Service";"4 year 6 hour Call to Repair 1420-24G Switch Proactive Care Advanced Service";"4 year 6 hour Call to Repair 1420-24G Switch Proactive Care Advanced Service";;;;;;;;
"27210533";"DS215----2X-ST2000VN000";"DS215+";;;;"DS215+";"DS215+";"DS215+";"DS215+";"DS215+";;;;;;;;
"27210534";"DS215----2X-ST2000VN001";"DS215+";;;;"DS215+";"DS215+";"DS215+";"DS215+";"DS215+";;;;;;;;
"27210535";"DS215----2X-ST3000VN000";"DS215+";;;;"DS215+";"DS215+";"DS215+";"DS215+";"DS215+";;;;;;;;
"27210536";"DS215----2X-ST4000VN000";"DS215+";;;;"DS215+";"DS215+";"DS215+";"DS215+";"DS215+";;;;;;;;
"27210537";"DS215----2X-ST4000VN003";"DS215+";;;;"DS215+";"DS215+";"DS215+";"DS215+";"DS215+";;;;;;;;
"27210538";"DS215----2X-ST2000VX000";"DS215+";;;;"DS215+";"DS215+";"DS215+";"DS215+";"DS215+";;;;;;;;
"27210539";"DS215----2X-ST3000VX000";"DS215+";;;;"DS215+";"DS215+";"DS215+";"DS215+";"DS215+";;;;;;;;
"27210540";"DS215----2X-ST4000VX000";"DS215+";;;;"DS215+";"DS215+";"DS215+";"DS215+";"DS215+";;;;;;;;
"27210541";"DS215----2X-ST4000VX002";"DS215+";;;;"DS215+";"DS215+";"DS215+";"DS215+";"DS215+";;;;;;;;
"27210813";"10DS000HMX";"E73";;;;"E73";"E73";"E73";"E73";"E73";;;;;;;;
"27210814";"10DS000MMX";"E73";;;;"E73";"E73";"E73";"E73";"E73";;;;;;;;
"27210815";"10DU0004MX";"E73";;;;"E73";"E73";"E73";"E73";"E73";;;;;;;;
"27210816";"10DU0005MX";"E73";;;;"E73";"E73";"E73";"E73";"E73";;;;;;;;
"27210817";"10DU0006MX";"E73";;;;"E73";"E73";"E73";"E73";"E73";;;;;;;;
"27214067";"410020101";"Erazer X5379 E";;;;"Erazer X5379 E";"Erazer X5379 E";"Erazer X5379 E";"Erazer X5379 E";"Erazer X5379 E";;;;;;;;
"27216673";"DT-VLUAA-001";"M2632G-G3250X";;;;"M2632G-G3250X";"M2632G-G3250X";"M2632G-G3250X";"M2632G-G3250X";"M2632G-G3250X";;;;;;;;
"27216674";"DT-VLZAA-003";"X2632G-i34160X";;;;"X2632G-i34160X";"X2632G-i34160X";"X2632G-i34160X";"X2632G-i34160X";"X2632G-i34160X";;;;;;;;
"27216675";"DT-VLZAA-002";"X2632G-G3250X";;;;"X2632G-G3250X";"X2632G-G3250X";"X2632G-G3250X";"X2632G-G3250X";"X2632G-G3250X";;;;;;;;
"27260998";"7737-3979";"7737";;;;"7737";"7737";"7737";"7737";"7737";;;;;;;;
"27262605";"NX-EF1ET-009";"EX2508-C04F";;;;"EX2508-C04F";"EX2508-C04F";"EX2508-C04F";"EX2508-C04F";"EX2508-C04F";;;;;;;;
"27262607";"NX-EF1ET-012";"EX2508";;;;"EX2508";"EX2508";"EX2508";"EX2508";"EX2508";;;;;;;;
"27263020";"1T02NR0NL0";"TK-5140K";;;;"TK-5140K";"TK-5140K";"TK-5140K";"TK-5140K";"TK-5140K";;;;;;;;
"27263026";"1T02NSBNL0";"TK-5150M";;;;"TK-5150M";"TK-5150M";"TK-5150M";"TK-5150M";"TK-5150M";;;;;;;;
"27270480";"DT-SWZEG-005";"XC-703";;;;"XC-703";"XC-703";"XC-703";"XC-703";"XC-703";;;;;;;;
"27270481";"DT-SWZEG-004";"XC-703";;;;"XC-703";"XC-703";"XC-703";"XC-703";"XC-703";;;;;;;;
"27276447";"NT-G0MEG-002";"SW3-013-194T";;;;"SW3-013-194T";"SW3-013-194T";"SW3-013-194T";"SW3-013-194T";"SW3-013-194T";;;;;;;;
"27279678";"PSCJGE-00400NU3";"C50-A-1JV";;;;"C50-A-1JV";"C50-A-1JV";"C50-A-1JV";"C50-A-1JV";"C50-A-1JV";;;;;;;;
"28346248";"90NB0481-M02440";"F551MA-SX112H";;;;"F551MA-SX112H";"F551MA-SX112H";"F551MA-SX112H";"F551MA-SX112H";"F551MA-SX112H";;;;;;;;
"28346504";"NX-MRWSI-002";"ES1-512-C3X9";;;;"ES1-512-C3X9";"ES1-512-C3X9";"ES1-512-C3X9";"ES1-512-C3X9";"ES1-512-C3X9";;;;;;;;
"28350856";"NX-G0YEG-001";"R3-131T-C1TR";;;;"R3-131T-C1TR";"R3-131T-C1TR";"R3-131T-C1TR";"R3-131T-C1TR";"R3-131T-C1TR";;;;;;;;
"28459912";"VFYZE0420P2331GB-3YNBD";"E420 E85+";;;;"E420 E85+";"E420 E85+";"E420 E85+";"E420 E85+";"E420 E85+";;;;;;;;
"28459913";"VFYZE0420P35S1GB-3YNBD";"E420 E85+";;;;"E420 E85+";"E420 E85+";"E420 E85+";"E420 E85+";"E420 E85+";;;;;;;;
"28459914";"VFYZE0420P43AOGB-5YOS";"E420 E85+";;;;"E420 E85+";"E420 E85+";"E420 E85+";"E420 E85+";"E420 E85+";;;;;;;;
"28459915";"VFYZE0420P2331GB-3YOS";"E420 E85+";;;;"E420 E85+";"E420 E85+";"E420 E85+";"E420 E85+";"E420 E85+";;;;;;;;
"28459918";"VFYZE0420P2331GB-24";"E420 E85+";;;;"E420 E85+";"E420 E85+";"E420 E85+";"E420 E85+";"E420 E85+";;;;;;;;
"28459919";"VFYZE0420P35S1GB-24";"E420 E85+";;;;"E420 E85+";"E420 E85+";"E420 E85+";"E420 E85+";"E420 E85+";;;;;;;;
"28459920";"VFYZE0420P2331GB-21-5";"E420 E85+";;;;"E420 E85+";"E420 E85+";"E420 E85+";"E420 E85+";"E420 E85+";;;;;;;;
"28459921";"VFYZE0420P35S1GB-21-5";"E420 E85+";;;;"E420 E85+";"E420 E85+";"E420 E85+";"E420 E85+";"E420 E85+";;;;;;;;
"28459937";"VFYZE0420P451OGB-3YNBD";"E420 E85+";;;;"E420 E85+";"E420 E85+";"E420 E85+";"E420 E85+";"E420 E85+";;;;;;;;
"28459938";"VFYZE0420P43AOGB-21-5";"E420 E85+";;;;"E420 E85+";"E420 E85+";"E420 E85+";"E420 E85+";"E420 E85+";;;;;;;;
"28459941";"VFYZE0420P43AOGB-5YNBD";"E420 E85+";;;;"E420 E85+";"E420 E85+";"E420 E85+";"E420 E85+";"E420 E85+";;;;;;;;
"28459942";"VFYZE0420P451OGB-5YNBD";"E420 E85+";;;;"E420 E85+";"E420 E85+";"E420 E85+";"E420 E85+";"E420 E85+";;;;;;;;
"28459943";"VFYZE0420P451OGB-3YOS";"E420 E85+";;;;"E420 E85+";"E420 E85+";"E420 E85+";"E420 E85+";"E420 E85+";;;;;;;;
"28459944";"VFYZP0420P2331GB-21-5";"P420 E85+";;;;"P420 E85+";"P420 E85+";"P420 E85+";"P420 E85+";"P420 E85+";;;;;;;;
"28459945";"VFYZE0420P43AOGB-3YNBD";"E420 E85+";;;;"E420 E85+";"E420 E85+";"E420 E85+";"E420 E85+";"E420 E85+";;;;;;;;
"28460067";"VFYZE0420P35S1GB-3YOS";"E420 E85+";;;;"E420 E85+";"E420 E85+";"E420 E85+";"E420 E85+";"E420 E85+";;;;;;;;
"28460070";"VFYZP0420P2331GB-5YOS";"P420 E85+";;;;"P420 E85+";"P420 E85+";"P420 E85+";"P420 E85+";"P420 E85+";;;;;;;;
"28460077";"VFYZE0420P35S1GB-5YNBD";"E420 E85+";;;;"E420 E85+";"E420 E85+";"E420 E85+";"E420 E85+";"E420 E85+";;;;;;;;
"28460078";"VFYZE0420P451OGB-21-5";"E420 E85+";;;;"E420 E85+";"E420 E85+";"E420 E85+";"E420 E85+";"E420 E85+";;;;;;;;
"28460080";"VFYZP0420P2331GB-5YNBD";"P420 E85+";;;;"P420 E85+";"P420 E85+";"P420 E85+";"P420 E85+";"P420 E85+";;;;;;;;
"28460101";"VFYZP0420P2331GB-3YNBD";"P420 E85+";;;;"P420 E85+";"P420 E85+";"P420 E85+";"P420 E85+";"P420 E85+";;;;;;;;
"28460113";"VFYZE0420P2331GB-5YNBD";"E420 E85+";;;;"E420 E85+";"E420 E85+";"E420 E85+";"E420 E85+";"E420 E85+";;;;;;;;
"28460121";"VFYZE0420P35S1GB-5YOS";"E420 E85+";;;;"E420 E85+";"E420 E85+";"E420 E85+";"E420 E85+";"E420 E85+";;;;;;;;
"28460147";"VFYZP0420P2331GB-24";"P420 E85+";;;;"P420 E85+";"P420 E85+";"P420 E85+";"P420 E85+";"P420 E85+";;;;;;;;
"28460149";"VFYZE0420P43AOGB-24";"E420 E85+";;;;"E420 E85+";"E420 E85+";"E420 E85+";"E420 E85+";"E420 E85+";;;;;;;;
"28460162";"VFYZE0420P451OGB-5YOS";"E420 E85+";;;;"E420 E85+";"E420 E85+";"E420 E85+";"E420 E85+";"E420 E85+";;;;;;;;
"28460164";"VFYZE0420P451OGB-24";"E420 E85+";;;;"E420 E85+";"E420 E85+";"E420 E85+";"E420 E85+";"E420 E85+";;;;;;;;
"28460172";"VFYZE0420P2331GB-5YOS";"E420 E85+";;;;"E420 E85+";"E420 E85+";"E420 E85+";"E420 E85+";"E420 E85+";;;;;;;;
"28460178";"VFYZP0420P2331GB-3YOS";"P420 E85+";;;;"P420 E85+";"P420 E85+";"P420 E85+";"P420 E85+";"P420 E85+";;;;;;;;
"28460179";"VFYZE0420P43AOGB-3YOS";"E420 E85+";;;;"E420 E85+";"E420 E85+";"E420 E85+";"E420 E85+";"E420 E85+";;;;;;;;
"28462107";"U8QV8E";"3 year 24x7 DL560 Gen9 with OneView Foundation Care Service";;;;"3 year 24x7 DL560 Gen9 with OneView Foundation Care Service";"3 year 24x7 DL560 Gen9 with OneView Foundation Care Service";"3 year 24x7 DL560 Gen9 with OneView Foundation Care Service";"3 year 24x7 DL560 Gen9 with OneView Foundation Care Service";"3 year 24x7 DL560 Gen9 with OneView Foundation Care Service";;;;;;;;
"28472223";"NX-MUNET-002";"CB5-571-C4Y3";;;;"CB5-571-C4Y3";"CB5-571-C4Y3";"CB5-571-C4Y3";"CB5-571-C4Y3";"CB5-571-C4Y3";;;;;;;;
"28486902";"TWV117140-BT-H47E";"11 Pro";;;;"11 Pro";"11 Pro";"11 Pro";"11 Pro";"11 Pro";;;;;;;;
"28496088";"920-007131";"K400 Plus";;;;"K400 Plus";"K400 Plus";"K400 Plus";"K400 Plus";"K400 Plus";;;;;;;;
"28496089";"920-007132";"K400 Plus";;;;"K400 Plus";"K400 Plus";"K400 Plus";"K400 Plus";"K400 Plus";;;;;;;;
"28500202";"NX-G0YEH-012";"R3-131T-C7H3";;;;"R3-131T-C7H3";"R3-131T-C7H3";"R3-131T-C7H3";"R3-131T-C7H3";"R3-131T-C7H3";;;;;;;;
"28500247";"ANW15-5714SLV";"15";;;;"15";"15";"15";"15";"15";;;;;;;;
"28500248";"ANW15-9286SLV";"15";;;;"15";"15";"15";"15";"15";;;;;;;;
"28500280";"M32AD-US050S";"M32AD-US050S";;;;"M32AD-US050S";"M32AD-US050S";"M32AD-US050S";"M32AD-US050S";"M32AD-US050S";;;;;;;;
"28500281";"DT-SXHET-008";"TC-215";;;;"TC-215";"TC-215";"TC-215";"TC-215";"TC-215";;;;;;;;
"28500296";"N551JK-MH71";"N551JK-MH71";;;;"N551JK-MH71";"N551JK-MH71";"N551JK-MH71";"N551JK-MH71";"N551JK-MH71";;;;;;;;
"28500314";"DT-SXNET-055";"TC-705";;;;"TC-705";"TC-705";"TC-705";"TC-705";"TC-705";;;;;;;;
"28500321";"X552LDV-SX829H";"X552LDV-SX829H";;;;"X552LDV-SX829H";"X552LDV-SX829H";"X552LDV-SX829H";"X552LDV-SX829H";"X552LDV-SX829H";;;;;;;;
"28500326";"CAT7140W8P43BR023";"11 Pro";;;;"11 Pro";"11 Pro";"11 Pro";"11 Pro";"11 Pro";;;;;;;;
"28500327";"CAT7140W8P44BR024";"11 Pro";;;;"11 Pro";"11 Pro";"11 Pro";"11 Pro";"11 Pro";;;;;;;;
"28500328";"CAT7140W8P46BR026";"11 Pro";;;;"11 Pro";"11 Pro";"11 Pro";"11 Pro";"11 Pro";;;;;;;;
"28500329";"CAT7140W8P47BR027";"11 Pro";;;;"11 Pro";"11 Pro";"11 Pro";"11 Pro";"11 Pro";;;;;;;;
"28500330";"CAT7140W8P49BR029";"11 Pro";;;;"11 Pro";"11 Pro";"11 Pro";"11 Pro";"11 Pro";;;;;;;;
"28500331";"CAT7140W8S41BR021";"11 Pro";;;;"11 Pro";"11 Pro";"11 Pro";"11 Pro";"11 Pro";;;;;;;;
"28500332";"CAT7140W8S43BR023";"11 Pro";;;;"11 Pro";"11 Pro";"11 Pro";"11 Pro";"11 Pro";;;;;;;;
"28500425";"PSVP3U-003003";"Radius P55W-B5112";;;;"Radius P55W-B5112";"Radius P55W-B5112";"Radius P55W-B5112";"Radius P55W-B5112";"Radius P55W-B5112";;;;;;;;
"28500452";"PSKVUU-004011";"Radius 11 L15W-B1302";;;;"Radius 11 L15W-B1302";"Radius 11 L15W-B1302";"Radius 11 L15W-B1302";"Radius 11 L15W-B1302";"Radius 11 L15W-B1302";;;;;;;;
"28500457";"5-9413337E7";"A7600-F";;;;"A7600-F";"A7600-F";"A7600-F";"A7600-F";"A7600-F";;;;;;;;
"28500502";"59434725";"A7-10F";;;;"A7-10F";"A7-10F";"A7-10F";"A7-10F";"A7-10F";;;;;;;;
"28500525";"FNCWY01S";"3120";;;;"3120";"3120";"3120";"3120";"3120";;;;;;;;
"28500526";"DNCWYUE01S";"3120";;;;"3120";"3120";"3120";"3120";"3120";;;;;;;;
"28500527";"FNCWY02S";"3120";;;;"3120";"3120";"3120";"3120";"3120";;;;;;;;
"28500528";"DNCWYUE02S";"3120";;;;"3120";"3120";"3120";"3120";"3120";;;;;;;;
"28500529";"FNCWY01S1";"3120";;;;"3120";"3120";"3120";"3120";"3120";;;;;;;;
"28500530";"DNCWY03TS";"3120";;;;"3120";"3120";"3120";"3120";"3120";;;;;;;;
"28500577";"SM001CHB3120";"3120";;;;"3120";"3120";"3120";"3120";"3120";;;;;;;;
"28500578";"SM002CHB3120";"3120";;;;"3120";"3120";"3120";"3120";"3120";;;;;;;;
"28500579";"CA002CHB3120UK";"3120";;;;"3120";"3120";"3120";"3120";"3120";;;;;;;;
"28500580";"CA003CHB3120UK";"3120";;;;"3120";"3120";"3120";"3120";"3120";;;;;;;;
"28503109";"K9K47EA-UUG";"450 G2";;;;"450 G2";"450 G2";"450 G2";"450 G2";"450 G2";;;;;;;;
"23143336";"910-002-741";"M187";;;;"M187 Black";"M187 Black";"Mouse M187 Черный";"Mouse M187 Чорний";M187 Schwarz;;;;;;;;
"23143336";"910-002-742";"M187";;;;"M187 Red";"M187 Red";"M187 Красный";"M187 Червоний";M187 Rote;;;;;;;;
"23143336";"910-002-743";"M187";;;;"M187 Blue";"M187 Blue";"M187 Синий";"M187 Синій";"M187 Blau";;;;;;;;
"23143336";"910-002-744";"M187";;;;"M187 White";"M187 White";"M187 Белый";"M187 Білий";"M187 Weiß";;;;;;;;