sku guid;attr code;attr value;display en;display ru;display uk;display de
"910-002-741";"1766";"Black";"Black";"Черный";"Чорний";"Schwarz"
"910-002-742";"1766";"Red";"Red";"Красный";"Червоний";"Rote"
"910-002-743";"1766";"Blue";"Blue";"Синий";"Синій";"Blau"
"910-002-744";"1766";"White";"White";"Белый";"Білий";"Weiß"
"ME181C-A1-BK";"1766";"Black";"Black";"Черный";"Чорний";"Schwarz"
"ME181C-A1-WT";"1766";"White";"White";"Белый";"Білий";"Weiß"
"X552EA-SX061HB";"1766";"Black";"Black";"Черный";"Чорний";"Schwarz"
"X552EA-SX061HW";"1766";"White";"White";"Белый";"Білий";"Weiß"
"90NL0731-M02900-W";"1766";"White";"White";"Белый";"Білий";"Weiß"
"90NL0731-M02900-B";"1766";"Blue";"Blue";"Синий";"Синій";"Blau"
"90-XB2400KM000F0-B";"1766";"Black";"Black";"Черный";"Чорний";"Schwarz"
"90-XB2400KM000F0-W";"1766";"White";"White";"Белый";"Білий";"Weiß"