"sku code";"model";"warehouse code";"qty in stock";"availability";"release date";"featured"
"701423-L31";"701423-L31";"Main";929;1;;1
"920-005048";"G105";"Main";93;1;;0
"U0AV3E";"4year 24x7 6-Hour Call-to-repair CDMR WS460c Collaborative Supp";"Main";0;1;"2099-01-01";0
"RN10200-100EUS---2X-ST2000VN000";"ReadyNAS 102";"Main";966;1;;0
"RN10200-100EUS---2X-ST2000VX000";"ReadyNAS 102";"Main";22;1;;0
"RN10200-100EUS---2X-ST3000VN000";"ReadyNAS 102";"Main";0;4;;0
"RN10200-100EUS---2X-ST3000VX000";"ReadyNAS 102";"Main";719;1;;0
"RN10200-100EUS---2X-ST4000VN000";"ReadyNAS 102";"Main";567;1;;0
"RN31200-100EUS---2X-ST2000VN000";"ReadyNAS 312";"Main";841;1;;0
"90-XB3B00MU00010";"GX1000";"Main";717;1;;0
"E5J21AA";"K4000";"Main";577;1;;0
"H6S54AAE";"1y SecureDoc WinEntr Supp 5K+ E-LTU";"Main";811;1;;0
"H6S51AAE";"1y SecureDoc WinEntr Supp 1-499 E-LTU";"Main";551;1;;0
"RN31200-EUS100-2X1TB";"ReadyNAS 312";"Main";541;1;;0
"RN31200-EUS100-2X2TB";"ReadyNAS 312";"Main";765;1;;0
"RN31200-EUS100-2X3TB";"ReadyNAS 312";"Main";0;4;;0
"RN31200-EUS100-2X4TB";"ReadyNAS 312";"Main";146;1;;0
"H6S52AAE";"1y SecureDoc WinEntr Supp 500-999 E-LTU";"Main";301;1;;0
"H6S53AAE";"1y SecureDoc WinEntr Supp 1K-4999 E-LTU";"Main";843;1;;0
"H6S55AAE";"3y SecureDoc WinEntr Supp 1-499 E-LTU";"Main";715;1;;0
"H6S56AAE";"3y SecureDoc WinEntr Supp 500-999 E-LTU";"Main";854;1;;0
"H6S57AAE";"3y SecureDoc WinEntr Supp 1K-4999 E-LTU";"Main";990;1;;0
"H6S58AAE";"3y SecureDoc WinEntr Supp 5K+ E-LTU";"Main";0;4;"2099-01-01";0
"H6S59AAE";"1y SecureDocWinEntr RenSupp 1-499 E-LTU";"Main";0;4;"2099-01-01";0
"H7A18AAE";"1y SecureDocWinEntr RenSupp 500-999 E-LTU";"Main";154;1;;0
"H7A19AAE";"1y SecureDocWinEntr RenSupp 1K-4999 E-LTU";"Main";879;1;;0
"H7A20AAE";"1y SecureDocWinEntr Ren Supp 5K+ E-LTU";"Main";937;1;;0
"H7A21AAE";"1y 24x7 SecureDoc WinEnt Supp 1K-4999 E-LTU";"Main";893;1;;0
"H7A22AAE";"1y 24x7 SecureDoc WinEnt Supp 5K+ E-LTU";"Main";625;1;;0
"H7A23AAE";"3y 24x7 SecureDoc WinEnt Supp 1K-4999 E-LTU";"Main";0;4;"2099-01-01";0
"H7A24AAE";"3y 24x7 SecureDoc WinEnt Supp 5K+ E-LTU";"Main";967;1;;0
"H7A25AAE";"1y 24x7 SecDoc WinEnt RenSupp 1K-4999 E-LTU";"Main";765;1;;0
"H7A26AAE";"1y 24x7 SecDoc WinEnt RenewSupp 5K+ E-LTU";"Main";795;1;;0
"H7A27AAE";"1y SecureDoc WinEnt nonHP Supp 1-499 E-LTU";"Main";135;1;;0
"H7A28AAE";"1y SecureDoc WinEnt nonHP Supp 500-999 E-LTU";"Main";539;1;;0
"H7A29AAE";"1y SecureDoc WinEnt nonHP Supp 1K-4999 E-LTU";"Main";467;1;;0
"H7A30AAE";"1y SecureDoc WinEnt nonHP Supp 5K+ E-LTU";"Main";557;1;;0
"H7A31AAE";"3y SecureDoc WinEnt nonHP Supp 1-499 E-LTU";"Main";319;1;;0
"H7A32AAE";"3y SecureDoc WinEnt nonHP Supp 500-999 E-LTU";"Main";413;1;;0
"H7A33AAE";"3y SecureDoc WinEnt nonHP Supp 1K-4999 E-LTU";"Main";510;1;;0
"H7A34AAE";"3y SecureDoc WinEnt nonHP Supp 5K+ E-LTU";"Main";221;1;;0
"H7A35AAE";"1y SecureDoc WinEnt nonHP RenSupp 1-499 E-LTU";"Main";240;1;;0
"H7A36AAE";"1ySecDoc WinEnt nonHP RenSupp 500-999 E-LTU";"Main";849;1;;0
"H7A37AAE";"1y SecDoc WinEnt nonHP RenSupp 1K-4999 E-LTU";"Main";328;1;;0
"H7A38AAE";"1y SecDoc WinEnt nonHP RenSupp 5K+ E-LTU";"Main";0;4;;0
"H7A39AAE";"1y 24x7 SecDoc WinEnt nonHP Supp 1K-4999 E-LTU";"Main";0;4;;0
"H7A40AAE";"1y 24x7 SecDoc WinEnt nonHP Supp 5K+ E-LTU";"Main";544;1;;0
"H7A41AAE";"3y 24x7 SecDoc WinEnt nonHP Supp 1K-4999 E-LTU";"Main";468;1;;0
"H7A42AAE";"3y 24x7 SecDoc WinEnt nonHP Supp 5K+ E-LTU";"Main";0;4;;0
"H7A43AAE";"1y 24x7 SecDoc WinEnt nonHP RenSupp 1K-4999 E-LTU";"Main";674;1;;0
"H7A44AAE";"1y 24x7 SecDoc WinEnt nonHP RenSupp 5K+ E-LTU";"Main";521;1;;0
842022;842022;"Main";904;1;;0
"U1VA1E";"3y CDMR 4h 24x7 StoreOnce 6500 120TB ProactSVC";"Main";0;4;;0
"NC00074347";"NeatSuite f/SMB v3.x, RNW, GOV, 27m, 5u, ML";"Main";649;1;;0
"NC00074348";"NeatSuite f/SMB v3.x, RNW, GOV, 27m, 6-10u, ML";"Main";20;8;;0
"NC00074349";"NeatSuite f/SMB v3.x, RNW, GOV, 27m, 11-25u, ML";"Main";387;1;;0
"NC00074350";"NeatSuite f/SMB v3.x, RNW, GOV, 27m, 26-50u, ML";"Main";595;1;;0
"NC00074351";"NeatSuite f/SMB v3.x, RNW, GOV, 27m, 51-100u, ML";"Main";654;1;;0
"NC00074352";"NeatSuite f/SMB v3.x, RNW, GOV, 27m, 101-250u, ML";"Main";895;1;;0
"NC00074365";"NeatSuite f/SMB v3.x, RNW, GOV, 28m, 5u, ML";"Main";723;1;;0
"NC00074366";"NeatSuite f/SMB v3.x, RNW, GOV, 28m, 6-10u, ML";"Main";530;1;;0
"NC00074367";"NeatSuite f/SMB v3.x, RNW, GOV, 28m, 11-25u, ML";"Main";880;1;;0
"NC00074368";"NeatSuite f/SMB v3.x, RNW, GOV, 28m, 26-50u, ML";"Main";221;1;;0
"NC00074369";"NeatSuite f/SMB v3.x, RNW, GOV, 28m, 51-100u, ML";"Main";424;1;;0
"NC00074353";"NeatSuite f/SMB v3.x, RNW, 27m, 5u, ML";"Main";762;1;;0
"NC00074354";"NeatSuite f/SMB v3.x, RNW, 27m, 6-10u, ML";"Main";212;1;;0
"NC00074355";"NeatSuite f/SMB v3.x, RNW, 27m, 11-25u, ML";"Main";951;1;;0
"NC00074356";"NeatSuite f/SMB v3.x, RNW, 27m, 26-50u, ML";"Main";636;1;;0
"NC00074357";"NeatSuite f/SMB v3.x, RNW, 27m, 51-100u, ML";"Main";876;1;;0
"NC00074344";"NeatSuite f/SMB v3.x, RNW, EDU, 27m, 26-50u, ML";"Main";228;1;;0
"NC00074345";"NeatSuite f/SMB v3.x, RNW, EDU, 27m, 51-100u, ML";"Main";883;1;;0
"NC00074346";"NeatSuite f/SMB v3.x, RNW, EDU, 27m, 101-250u, ML";"Main";817;1;;0
"NC00074359";"NeatSuite f/SMB v3.x, RNW, EDU, 28m, 5u, ML";"Main";521;1;;0
"NC00074360";"NeatSuite f/SMB v3.x, RNW, EDU, 28m, 6-10u, ML";"Main";138;1;;0
"NC00074361";"NeatSuite f/SMB v3.x, RNW, EDU, 28m, 11-25u, ML";"Main";0;4;;0
"NC00074362";"NeatSuite f/SMB v3.x, RNW, EDU, 28m, 26-50u, ML";"Main";959;1;;0
"NC00074363";"NeatSuite f/SMB v3.x, RNW, EDU, 28m, 51-100u, ML";"Main";13;1;;0
"NC00074364";"NeatSuite f/SMB v3.x, RNW, EDU, 28m, 101-250u, ML";"Main";94;1;;0
"SGK-6010-GKCM1-DE";"Trigger-Z";"Main";255;1;;1
"580-18171";"KB113";"Main";498;1;;0
"ME181C-A1-BK";"ME181C-A1-BK";"Main";210;1;;1
"ME181C-A1-WT";"ME181C-A1-WT";"Main";210;1;;0
"MLT-P309E";"MLT-P309E";"Main";741;1;;0
4229786;4229786;"Main";767;1;;0
4229809;4229809;"Main";794;1;;0
"U4JA0PE";"Foundation Care 1yr 9x5 NBD Exchange 350 Cld-Mngd AP";"Main";617;1;;0
"U4JA1E";"Foundation Care 1yr 24x7 4h 355 Cld-Mngd AP";"Main";672;1;;0
"U4JA2PE";"Foundation Care 1yr 9x5 NBD Exchange 365 Cld-Mngd AP";"Main";881;1;;0
"U4JA3PE";"Foundation Care 1yr 9x5 NBD On-Site 350 Cld-Mngd AP";"Main";464;1;;0
"U4JA4E";"Foundation Care 1yr 24x7 4h On-Site 355 Cld-Mngd AP";"Main";14;1;;0
"U4JA5PE";"Foundation Care 1yr 9x5 NBD 350 Cld-Mngd AP";"Main";691;1;;0
"U4JA6PE";"Proactive Care 1yr 24x7 4h 355 Cld-Mngd";"Main";738;1;;0
"U4JA7PE";"Foundation Care 1yr 9x5 NBD On-Site 365 Cld-Mngd AP";"Main";844;1;;0
"U4JA8PE";"Foundation Care 1yr 9x5 NBD On-Site 365 Cld-Mngd AP";"Main";720;1;;0
"U4JA9PE";"Foundation Care 1yr 24x7 4h On-Site 350 Cld-Mngd AP";"Main";384;1;;0
"M51AD-B08";"M51AD-B08";"Main";629;1;;0
"G9D75UA";"15-r017dx";"Main";407;1;;1
"PSKT4E-06Q008DU";"L50-B-1H1";"Main";610;1;;0
"G9E06EA";"3500 G2 MT";"Main";485;1;;0
"90XB0090-BMU000";"WT465";"Main";129;8;;0
"SGK-6010-GKCL1-DE";"Trigger Z";"Main";684;1;;0
"G9E20EA";"3500 G2 MT";"Main";571;1;;0
"G9E22EA";"3500 G2 MT";"Main";409;1;;0
"G9E14EA";"3500 G2 MT + W2072a";"Main";694;1;;1
"X552EA-SX061HB";"X552EA-SX061HB";"Main";618;1;;0
"X552EA-SX061HW";"X552EA-SX061HW";"Main";618;1;;0
"ME301T-1A045A";"ME301T-1A045A";"Main";482;1;;1
"90-XB2400KM000F0-B";"W3000B";"Main";276;1;;0
"90-XB2400KM000F0-W";"W3000W";"Main";276;1;;0
"90NB02F8-M07720";"P550LAV-XH51";"Main";0;4;;0
"PT640U-06002R";"W50-A1510";"Main";684;1;;0
"M11AD-US011S";"M11AD-US011S";"Main";0;4;;0
"BU401LA-CZ127G";"BU401LA-CZ127G";"Main";685;1;;0
"ME181C-A1-LB";"ME181C-A1-LB";"Main";629;1;;1
"G751JM-BHI7N27";"G751JM-BHI7N27";"Main";972;1;;0
"R1208WT2GS";"R1208WT2GS";"Main";993;1;;0
"R1304WT2GS";"R1304WT2GS";"Main";37;1;;0
"RN31400-100EUS---4X-ST2000VN001";"ReadyNAS 314";"Main";96;1;;0
"RN31400-100EUS---4X-ST4000VN003";"ReadyNAS 314";"Main";479;1;;0
"RN31400-100EUS---4X-ST2000VX000";"ReadyNAS 314";"Main";858;1;;0
"RN31400-100EUS---4X-ST3000VX000";"ReadyNAS 314";"Main";614;1;;0
"RN31400-100EUS---4X-ST4000VX000";"ReadyNAS 314";"Main";0;4;;0
"RN31400-100EUS---4X-ST4000VX002";"ReadyNAS 314";"Main";88;1;;0
"RN31400-100EUS---4X-ST4000NC000";"ReadyNAS 314";"Main";137;1;;0
"RN31200-100EUS---2X-ST2000VN001";"ReadyNAS 312";"Main";888;1;;0
"RN31200-100EUS---2X-ST4000VN003";"ReadyNAS 312";"Main";827;1;;0
"RN31200-100EUS---2X-ST4000VX000";"ReadyNAS 312";"Main";403;1;;0
"RN31200-100EUS---2X-ST4000VX002";"ReadyNAS 312";"Main";441;1;;0
"RN31200-100EUS---2X-ST4000NC000";"ReadyNAS 312";"Main";363;1;;0
"RN10200-100EUS---2X-ST2000VN001";"ReadyNAS 102";"Main";492;1;;0
"RN10200-100EUS---2X-ST4000VN003";"ReadyNAS 102";"Main";401;1;;0
"RN10200-100EUS---2X-ST4000VX000";"ReadyNAS 102";"Main";233;1;;0
"RN10200-100EUS---2X-ST4000VX002";"ReadyNAS 102";"Main";826;1;;0
"RN10200-100EUS---2X-ST4000NC000";"ReadyNAS 102";"Main";9;1;;0
"RN10400-100EUS---4X-ST2000VN001";"RN10400-100EUS + 4X ST2000VN001";"Main";328;1;;0
"RN10400-100EUS---4X-ST4000VN003";"RN10400-100EUS + 4X ST4000VN003";"Main";679;1;;1
"RN10400-100EUS---4X-ST4000VX000";"RN10400-100EUS + 4X ST4000VX000";"Main";188;1;;1
"RN10400-100EUS---4X-ST4000VX002";"RN10400-100EUS + 4X ST4000VX002";"Main";371;1;;0
"RN10400-100EUS---4X-ST4000NC000";"RN10400-100EUS + 4X ST4000NC000";"Main";738;16;;0
"90NL0731-M02900-W";"F205TA-BING-FD019BS-W";"Main";985;1;;0
"90NL0731-M02900-B";"F205TA-BING-FD019BS-B";"Main";985;1;;0
59421631;"Z50-70";"Main";882;1;;0
"CLT-K806S";"CLT-K806S";"Main";447;1;;0
59439467;"S8-50L";"Main";86;1;;0
"PSPRBU-02R03L";"S55-B5148";"Main";652;1;;0
"5463J2G";"x3550 M5";"Main";506;1;;0
"U7VN7E";"3 year NBD DL120 Gen9 Foundation Care Service";"Main";899;1;;0
"7450-0033";7450;"Main";646;1;;0
"3450-9730";3450;"Main";350;1;;0
"20C10026PB";"ThinkPad 10";"Main";850;1;;0
"PSKTGE-01300MDU";"L50-B-2E4";"Main";513;1;;0
"PSCL8E-00200GDU";"C70-B-33K";"Main";248;1;;1
"PSKRYE-00200HDU";"L70-B-14Z";"Main";860;1;;0
"H9W16EA";"820 G2";"Main";43;1;;0
"DT-SXNEB-025";"TC-705";"Main";160;1;;0
"20DF004UGE";"E550";"Main";146;1;;0
"NX-MSQET-008";"V3-572G-57VUW";"Main";604;1;;0
"PSKT4E-0MD008DU";"L50-B-1X5";"Main";51;1;;1
"PSCNQE-00300LDU";"C70-B-33H";"Main";225;1;;0
"G751JL-DS71";"G751JL-DS71";"Main";383;1;;0
"TS-231---2X-ST2000VN000";"TS-231 + 2X ST2000VN000";"Main";849;1;;0
"TS-231---2X-ST2000VN001";"TS-231 + 2X ST2000VN001";"Main";625;1;;1
"TS-231---2X-ST3000VN000";"TS-231 + 2X ST3000VN000";"Main";254;1;;0
"TS-231---2X-ST4000VN000";"TS-231 + 2X ST4000VN000";"Main";941;1;;0
"TS-231---2X-ST4000VN003";"TS-231 + 2X ST4000VN003";"Main";811;1;;0
"TS-231---2X-ST3000VX000";"TS-231 + 2X ST3000VX000";"Main";690;1;;0
"TS-231---2X-ST4000NC000";"TS-231 + 2X ST4000NC000";"Main";398;1;;0
"TS-231----2X-ST2000VN000";"TS-231+ + 2X ST2000VN000";"Main";79;1;;0
"TS-231----2X-ST3000VN000";"TS-231+ + 2X ST3000VN000";"Main";33;1;;0
"TS-231----2X-ST4000VN000";"TS-231+ + 2X ST4000VN000";"Main";752;1;;0
"TS-231----2X-ST4000NC000";"TS-231+ + 2X ST4000NC000";"Main";0;4;;0
"ANW15-5350SLV";15;"Main";0;4;"2099-01-01";0
"PSPNVA-04100N";"P50t-B041";"Main";733;1;;0
"SM-T533NYKAPHE";"SM-T533NYKAPHE";"Main";650;1;;0
59436025;"Z50-70";"Main";21;1;;0
"G501JW-DS71";"G501JW-DS71";"Main";789;1;;0
"DT-VM1EH-007";"X2632G";"Main";0;4;;0
"80DU00ANGE";"Y70-70 Touch";"Main";949;1;;0
"NT-L77AA-001";"B1-730-15EL";"Main";458;1;;0
"NT-L75AA-001";"B1-730-111L";"Main";683;1;;1
"NT-L76AA-001";"B1-730-12VL";"Main";566;1;;0
"NT-MX3EB-007";"Switch 10 E";"Main";923;1;;0
"NT-MX2EB-003";"Switch 10 E";"Main";533;1;;0
"U8QH8E";"4 year 6 hour Call to Repair 1420-24G Switch Proactive Care Advanced Service";"Main";4;1;;0
"DS215----2X-ST2000VN000";"DS215+";"Main";871;1;;1
"DS215----2X-ST2000VN001";"DS215+";"Main";327;1;;0
"DS215----2X-ST3000VN000";"DS215+";"Main";132;1;;0
"DS215----2X-ST4000VN000";"DS215+";"Main";872;1;;0
"DS215----2X-ST4000VN003";"DS215+";"Main";806;1;;0
"DS215----2X-ST2000VX000";"DS215+";"Main";917;1;;1
"DS215----2X-ST3000VX000";"DS215+";"Main";358;1;;0
"DS215----2X-ST4000VX000";"DS215+";"Main";363;1;;0
"DS215----2X-ST4000VX002";"DS215+";"Main";442;1;;0
"10DS000HMX";"E73";"Main";477;1;;0
"10DS000MMX";"E73";"Main";978;1;;0
"10DU0004MX";"E73";"Main";584;1;;0
"10DU0005MX";"E73";"Main";537;1;;0
"10DU0006MX";"E73";"Main";72;1;;0
410020101;"Erazer X5379 E";"Main";631;1;;0
"DT-VLUAA-001";"M2632G-G3250X";"Main";540;16;;1
"DT-VLZAA-003";"X2632G-i34160X";"Main";141;1;;0
"DT-VLZAA-002";"X2632G-G3250X";"Main";549;1;;0
"7737-3979";7737;"Main";760;1;;0
"NX-EF1ET-009";"EX2508-C04F";"Main";792;1;;1
"NX-EF1ET-012";"EX2508";"Main";660;1;;0
"1T02NR0NL0";"TK-5140K";"Main";742;1;;0
"1T02NSBNL0";"TK-5150M";"Main";823;1;;0
"DT-SWZEG-005";"XC-703";"Main";703;1;;0
"DT-SWZEG-004";"XC-703";"Main";497;1;;0
"NT-G0MEG-002";"SW3-013-194T";"Main";359;1;;0
"PSCJGE-00400NU3";"C50-A-1JV";"Main";91;1;;0
"90NB0481-M02440";"F551MA-SX112H";"Main";805;1;;1
"NX-MRWSI-002";"ES1-512-C3X9";"Main";997;1;;0
"NX-G0YEG-001";"R3-131T-C1TR";"Main";87;1;;0
"VFYZE0420P2331GB-3YNBD";"E420 E85+";"Main";488;1;;0
"VFYZE0420P35S1GB-3YNBD";"E420 E85+";"Main";633;1;;0
"VFYZE0420P43AOGB-5YOS";"E420 E85+";"Main";529;1;;1
"VFYZE0420P2331GB-3YOS";"E420 E85+";"Main";269;1;;0
"VFYZE0420P2331GB-24";"E420 E85+";"Main";806;1;;0
"VFYZE0420P35S1GB-24";"E420 E85+";"Main";600;1;;0
"VFYZE0420P2331GB-21-5";"E420 E85+";"Main";622;1;;0
"VFYZE0420P35S1GB-21-5";"E420 E85+";"Main";828;1;;0
"VFYZE0420P451OGB-3YNBD";"E420 E85+";"Main";290;1;;0
"VFYZE0420P43AOGB-21-5";"E420 E85+";"Main";222;1;;0
"VFYZE0420P43AOGB-5YNBD";"E420 E85+";"Main";406;1;;0
"VFYZE0420P451OGB-5YNBD";"E420 E85+";"Main";693;1;;0
"VFYZE0420P451OGB-3YOS";"E420 E85+";"Main";497;1;;0
"VFYZP0420P2331GB-21-5";"P420 E85+";"Main";521;1;;0
"VFYZE0420P43AOGB-3YNBD";"E420 E85+";"Main";68;1;;0
"VFYZE0420P35S1GB-3YOS";"E420 E85+";"Main";553;1;;0
"VFYZP0420P2331GB-5YOS";"P420 E85+";"Main";270;1;;0
"VFYZE0420P35S1GB-5YNBD";"E420 E85+";"Main";571;1;;0
"VFYZE0420P451OGB-21-5";"E420 E85+";"Main";23;1;;0
"VFYZP0420P2331GB-5YNBD";"P420 E85+";"Main";91;1;;0
"VFYZP0420P2331GB-3YNBD";"P420 E85+";"Main";741;1;;1
"VFYZE0420P2331GB-5YNBD";"E420 E85+";"Main";704;1;;0
"VFYZE0420P35S1GB-5YOS";"E420 E85+";"Main";304;1;;0
"VFYZP0420P2331GB-24";"P420 E85+";"Main";930;1;;0
"VFYZE0420P43AOGB-24";"E420 E85+";"Main";751;1;;0
"VFYZE0420P451OGB-5YOS";"E420 E85+";"Main";784;1;;0
"VFYZE0420P451OGB-24";"E420 E85+";"Main";33;1;;0
"VFYZE0420P2331GB-5YOS";"E420 E85+";"Main";14;1;;0
"VFYZP0420P2331GB-3YOS";"P420 E85+";"Main";665;1;;0
"VFYZE0420P43AOGB-3YOS";"E420 E85+";"Main";680;1;;0
"U8QV8E";"3 year 24x7 DL560 Gen9 with OneView Foundation Care Service";"Main";126;1;;0
"NX-MUNET-002";"CB5-571-C4Y3";"Main";209;1;;0
"TWV117140-BT-H47E";"11 Pro";"Main";537;1;;0
"920-007131";"K400 Plus";"Main";0;4;;1
"920-007132";"K400 Plus";"Main";584;1;;1
"NX-G0YEH-012";"R3-131T-C7H3";"Main";742;1;;0
"ANW15-5714SLV";15;"Main";468;1;;1
"ANW15-9286SLV";15;"Main";573;1;;0
"M32AD-US050S";"M32AD-US050S";"Main";499;1;;0
"DT-SXHET-008";"TC-215";"Main";392;1;;1
"N551JK-MH71";"N551JK-MH71";"Main";787;1;;0
"DT-SXNET-055";"TC-705";"Main";0;4;"2099-01-01";0
"X552LDV-SX829H";"X552LDV-SX829H";"Main";914;1;;0
"CAT7140W8P43BR023";"11 Pro";"Main";444;1;;0
"CAT7140W8P44BR024";"11 Pro";"Main";963;1;;0
"CAT7140W8P46BR026";"11 Pro";"Main";770;1;;1
"CAT7140W8P47BR027";"11 Pro";"Main";732;1;;0
"CAT7140W8P49BR029";"11 Pro";"Main";469;16;;0
"CAT7140W8S41BR021";"11 Pro";"Main";986;1;;0
"CAT7140W8S43BR023";"11 Pro";"Main";26;1;;0
"PSVP3U-003003";"Radius P55W-B5112";"Main";555;1;"2099-01-01";0
"PSKVUU-004011";"Radius 11 L15W-B1302";"Main";657;16;;0
"5-9413337E7";"A7600-F";"Main";924;1;;0
59434725;"A7-10F";"Main";299;1;;0
"FNCWY01S";3120;"Main";778;1;;1
"DNCWYUE01S";3120;"Main";823;1;;0
"FNCWY02S";3120;"Main";624;1;;1
"DNCWYUE02S";3120;"Main";647;1;;0
"FNCWY01S1";3120;"Main";350;1;;0
"DNCWY03TS";3120;"Main";877;1;;0
"SM001CHB3120";3120;"Main";0;4;;0
"SM002CHB3120";3120;"Main";587;1;;0
"CA002CHB3120UK";3120;"Main";871;1;;0
"CA003CHB3120UK";3120;"Main";288;1;;0
"K9K47EA-UUG";"450 G2";"Main";760;1;;0
"910-002-741";"M187";"Main";300;1;;0
"910-002-742";"M187";"Main";300;1;;0
"910-002-743";"M187";"Main";300;1;;0
"910-002-744";"M187";"Main";300;1;;0