sku code;model;shop code;currency;list price;tier;sale price
"701423-L31";"701423-L31";"SHOP10";"USD";832.23;1;
"701423-L31";"701423-L31";"SHOP10";"EUR";622.28;1;
"701423-L31";"701423-L31";"SHOP10";"UAH";10915.11;1;
"920-005048";"G105";"SHOP10";"USD";2019.88;1;
"920-005048";"G105";"SHOP10";"EUR";1510.30;1;
"920-005048";"G105";"SHOP10";"UAH";26491.74;1;
"U0AV3E";"4year 24x7 6-Hour Call-to-repair CDMR WS460c Collaborative Supp";"SHOP10";"USD";2882.71;1;
"U0AV3E";"4year 24x7 6-Hour Call-to-repair CDMR WS460c Collaborative Supp";"SHOP10";"EUR";2155.46;1;
"U0AV3E";"4year 24x7 6-Hour Call-to-repair CDMR WS460c Collaborative Supp";"SHOP10";"UAH";37808.18;1;
"RN10200-100EUS---2X-ST2000VN000";"ReadyNAS 102";"SHOP10";"USD";2157.50;1;
"RN10200-100EUS---2X-ST2000VN000";"ReadyNAS 102";"SHOP10";"EUR";1613.21;1;
"RN10200-100EUS---2X-ST2000VN000";"ReadyNAS 102";"SHOP10";"UAH";28296.69;1;
"RN10200-100EUS---2X-ST2000VX000";"ReadyNAS 102";"SHOP10";"USD";1433.43;1;
"RN10200-100EUS---2X-ST2000VX000";"ReadyNAS 102";"SHOP10";"EUR";1071.80;1;
"RN10200-100EUS---2X-ST2000VX000";"ReadyNAS 102";"SHOP10";"UAH";18800.15;1;
"RN10200-100EUS---2X-ST3000VN000";"ReadyNAS 102";"SHOP10";"USD";2420.54;1;
"RN10200-100EUS---2X-ST3000VN000";"ReadyNAS 102";"SHOP10";"EUR";1809.89;1;
"RN10200-100EUS---2X-ST3000VN000";"ReadyNAS 102";"SHOP10";"UAH";31746.59;1;
"RN10200-100EUS---2X-ST3000VX000";"ReadyNAS 102";"SHOP10";"USD";1771.97;1;
"RN10200-100EUS---2X-ST3000VX000";"ReadyNAS 102";"SHOP10";"EUR";1324.94;1;
"RN10200-100EUS---2X-ST3000VX000";"ReadyNAS 102";"SHOP10";"UAH";23240.27;1;
"RN10200-100EUS---2X-ST4000VN000";"ReadyNAS 102";"SHOP10";"USD";2260.47;1;
"RN10200-100EUS---2X-ST4000VN000";"ReadyNAS 102";"SHOP10";"EUR";1690.20;1;
"RN10200-100EUS---2X-ST4000VN000";"ReadyNAS 102";"SHOP10";"UAH";29647.19;1;
"RN31200-100EUS---2X-ST2000VN000";"ReadyNAS 312";"SHOP10";"USD";2366.05;1;
"RN31200-100EUS---2X-ST2000VN000";"ReadyNAS 312";"SHOP10";"EUR";1769.14;1;
"RN31200-100EUS---2X-ST2000VN000";"ReadyNAS 312";"SHOP10";"UAH";31031.93;1;
"90-XB3B00MU00010";"GX1000";"SHOP10";"USD";515.64;1;
"90-XB3B00MU00010";"GX1000";"SHOP10";"EUR";385.55;1;
"90-XB3B00MU00010";"GX1000";"SHOP10";"UAH";6762.88;1;
"E5J21AA";"K4000";"SHOP10";"USD";1876.64;1;
"E5J21AA";"K4000";"SHOP10";"EUR";1403.20;1;
"E5J21AA";"K4000";"SHOP10";"UAH";24613.07;1;
"H6S54AAE";"1y SecureDoc WinEntr Supp 5K+ E-LTU";"SHOP10";"USD";3337.87;1;
"H6S54AAE";"1y SecureDoc WinEntr Supp 5K+ E-LTU";"SHOP10";"EUR";2495.79;1;
"H6S54AAE";"1y SecureDoc WinEntr Supp 5K+ E-LTU";"SHOP10";"UAH";43777.83;1;
"H6S51AAE";"1y SecureDoc WinEntr Supp 1-499 E-LTU";"SHOP10";"USD";1446.34;1;
"H6S51AAE";"1y SecureDoc WinEntr Supp 1-499 E-LTU";"SHOP10";"EUR";1081.46;1;
"H6S51AAE";"1y SecureDoc WinEntr Supp 1-499 E-LTU";"SHOP10";"UAH";18969.47;1;
"RN31200-EUS100-2X1TB";"ReadyNAS 312";"SHOP10";"USD";2967.57;1;
"RN31200-EUS100-2X1TB";"ReadyNAS 312";"SHOP10";"EUR";2218.91;1;
"RN31200-EUS100-2X1TB";"ReadyNAS 312";"SHOP10";"UAH";38921.16;1;
"RN31200-EUS100-2X2TB";"ReadyNAS 312";"SHOP10";"USD";2147.49;1;
"RN31200-EUS100-2X2TB";"ReadyNAS 312";"SHOP10";"EUR";1605.72;1;
"RN31200-EUS100-2X2TB";"ReadyNAS 312";"SHOP10";"UAH";28165.41;1;
"RN31200-EUS100-2X3TB";"ReadyNAS 312";"SHOP10";"USD";1850.44;1;1480.3520
"RN31200-EUS100-2X3TB";"ReadyNAS 312";"SHOP10";"EUR";1383.61;1;1106.8880
"RN31200-EUS100-2X3TB";"ReadyNAS 312";"SHOP10";"UAH";24269.45;1;19415.5600
"RN31200-EUS100-2X4TB";"ReadyNAS 312";"SHOP10";"USD";2292.70;1;2063.4300
"RN31200-EUS100-2X4TB";"ReadyNAS 312";"SHOP10";"EUR";1714.30;1;1542.8700
"RN31200-EUS100-2X4TB";"ReadyNAS 312";"SHOP10";"UAH";30069.91;1;27062.9190
"H6S52AAE";"1y SecureDoc WinEntr Supp 500-999 E-LTU";"SHOP10";"USD";646.28;1;517.0240
"H6S52AAE";"1y SecureDoc WinEntr Supp 500-999 E-LTU";"SHOP10";"EUR";483.24;1;386.5920
"H6S52AAE";"1y SecureDoc WinEntr Supp 500-999 E-LTU";"SHOP10";"UAH";8476.29;1;6781.0320
"H6S53AAE";"1y SecureDoc WinEntr Supp 1K-4999 E-LTU";"SHOP10";"USD";3301.27;1;
"H6S53AAE";"1y SecureDoc WinEntr Supp 1K-4999 E-LTU";"SHOP10";"EUR";2468.43;1;
"H6S53AAE";"1y SecureDoc WinEntr Supp 1K-4999 E-LTU";"SHOP10";"UAH";43297.81;1;
"H6S55AAE";"3y SecureDoc WinEntr Supp 1-499 E-LTU";"SHOP10";"USD";704.86;1;
"H6S55AAE";"3y SecureDoc WinEntr Supp 1-499 E-LTU";"SHOP10";"EUR";527.04;1;
"H6S55AAE";"3y SecureDoc WinEntr Supp 1-499 E-LTU";"SHOP10";"UAH";9244.59;1;
"H6S56AAE";"3y SecureDoc WinEntr Supp 500-999 E-LTU";"SHOP10";"USD";2110.62;1;1899.5580
"H6S56AAE";"3y SecureDoc WinEntr Supp 500-999 E-LTU";"SHOP10";"EUR";1578.15;1;1420.3350
"H6S56AAE";"3y SecureDoc WinEntr Supp 500-999 E-LTU";"SHOP10";"UAH";27681.84;1;24913.6560
"H6S57AAE";"3y SecureDoc WinEntr Supp 1K-4999 E-LTU";"SHOP10";"USD";1824.02;1;
"H6S57AAE";"3y SecureDoc WinEntr Supp 1K-4999 E-LTU";"SHOP10";"EUR";1363.86;1;
"H6S57AAE";"3y SecureDoc WinEntr Supp 1K-4999 E-LTU";"SHOP10";"UAH";23922.93;1;
"H6S58AAE";"3y SecureDoc WinEntr Supp 5K+ E-LTU";"SHOP10";"USD";2957.88;1;
"H6S58AAE";"3y SecureDoc WinEntr Supp 5K+ E-LTU";"SHOP10";"EUR";2211.67;1;
"H6S58AAE";"3y SecureDoc WinEntr Supp 5K+ E-LTU";"SHOP10";"UAH";38794.08;1;
"H6S59AAE";"1y SecureDocWinEntr RenSupp 1-499 E-LTU";"SHOP10";"USD";2824.04;1;2541.6360
"H6S59AAE";"1y SecureDocWinEntr RenSupp 1-499 E-LTU";"SHOP10";"EUR";2111.59;1;1900.4310
"H6S59AAE";"1y SecureDocWinEntr RenSupp 1-499 E-LTU";"SHOP10";"UAH";37038.70;1;33334.8300
"H7A18AAE";"1y SecureDocWinEntr RenSupp 500-999 E-LTU";"SHOP10";"USD";2006.27;1;
"H7A18AAE";"1y SecureDocWinEntr RenSupp 500-999 E-LTU";"SHOP10";"EUR";1500.13;1;
"H7A18AAE";"1y SecureDocWinEntr RenSupp 500-999 E-LTU";"SHOP10";"UAH";26313.23;1;
"H7A19AAE";"1y SecureDocWinEntr RenSupp 1K-4999 E-LTU";"SHOP10";"USD";1752.82;1;
"H7A19AAE";"1y SecureDocWinEntr RenSupp 1K-4999 E-LTU";"SHOP10";"EUR";1310.62;1;
"H7A19AAE";"1y SecureDocWinEntr RenSupp 1K-4999 E-LTU";"SHOP10";"UAH";22989.11;1;
"H7A20AAE";"1y SecureDocWinEntr Ren Supp 5K+ E-LTU";"SHOP10";"USD";2805.15;1;
"H7A20AAE";"1y SecureDocWinEntr Ren Supp 5K+ E-LTU";"SHOP10";"EUR";2097.47;1;
"H7A20AAE";"1y SecureDocWinEntr Ren Supp 5K+ E-LTU";"SHOP10";"UAH";36790.94;1;
"H7A21AAE";"1y 24x7 SecureDoc WinEnt Supp 1K-4999 E-LTU";"SHOP10";"USD";1724.27;1;
"H7A21AAE";"1y 24x7 SecureDoc WinEnt Supp 1K-4999 E-LTU";"SHOP10";"EUR";1289.27;1;
"H7A21AAE";"1y 24x7 SecureDoc WinEnt Supp 1K-4999 E-LTU";"SHOP10";"UAH";22614.66;1;
"H7A22AAE";"1y 24x7 SecureDoc WinEnt Supp 5K+ E-LTU";"SHOP10";"USD";3467.20;1;
"H7A22AAE";"1y 24x7 SecureDoc WinEnt Supp 5K+ E-LTU";"SHOP10";"EUR";2592.49;1;
"H7A22AAE";"1y 24x7 SecureDoc WinEnt Supp 5K+ E-LTU";"SHOP10";"UAH";45474.06;1;
"H7A23AAE";"3y 24x7 SecureDoc WinEnt Supp 1K-4999 E-LTU";"SHOP10";"USD";3469.00;1;
"H7A23AAE";"3y 24x7 SecureDoc WinEnt Supp 1K-4999 E-LTU";"SHOP10";"EUR";2593.84;1;
"H7A23AAE";"3y 24x7 SecureDoc WinEnt Supp 1K-4999 E-LTU";"SHOP10";"UAH";45497.67;1;
"H7A24AAE";"3y 24x7 SecureDoc WinEnt Supp 5K+ E-LTU";"SHOP10";"USD";1997.87;1;
"H7A24AAE";"3y 24x7 SecureDoc WinEnt Supp 5K+ E-LTU";"SHOP10";"EUR";1493.85;1;
"H7A24AAE";"3y 24x7 SecureDoc WinEnt Supp 5K+ E-LTU";"SHOP10";"UAH";26203.06;1;
"H7A25AAE";"1y 24x7 SecDoc WinEnt RenSupp 1K-4999 E-LTU";"SHOP10";"USD";2980.21;1;
"H7A25AAE";"1y 24x7 SecDoc WinEnt RenSupp 1K-4999 E-LTU";"SHOP10";"EUR";2228.36;1;
"H7A25AAE";"1y 24x7 SecDoc WinEnt RenSupp 1K-4999 E-LTU";"SHOP10";"UAH";39086.94;1;
"H7A26AAE";"1y 24x7 SecDoc WinEnt RenewSupp 5K+ E-LTU";"SHOP10";"USD";1198.18;1;
"H7A26AAE";"1y 24x7 SecDoc WinEnt RenewSupp 5K+ E-LTU";"SHOP10";"EUR";895.90;1;
"H7A26AAE";"1y 24x7 SecDoc WinEnt RenewSupp 5K+ E-LTU";"SHOP10";"UAH";15714.73;1;
"H7A27AAE";"1y SecureDoc WinEnt nonHP Supp 1-499 E-LTU";"SHOP10";"USD";3169.96;1;
"H7A27AAE";"1y SecureDoc WinEnt nonHP Supp 1-499 E-LTU";"SHOP10";"EUR";2370.24;1;
"H7A27AAE";"1y SecureDoc WinEnt nonHP Supp 1-499 E-LTU";"SHOP10";"UAH";41575.61;1;
"H7A28AAE";"1y SecureDoc WinEnt nonHP Supp 500-999 E-LTU";"SHOP10";"USD";3281.79;1;
"H7A28AAE";"1y SecureDoc WinEnt nonHP Supp 500-999 E-LTU";"SHOP10";"EUR";2453.86;1;
"H7A28AAE";"1y SecureDoc WinEnt nonHP Supp 500-999 E-LTU";"SHOP10";"UAH";43042.32;1;
"H7A29AAE";"1y SecureDoc WinEnt nonHP Supp 1K-4999 E-LTU";"SHOP10";"USD";2608.49;1;
"H7A29AAE";"1y SecureDoc WinEnt nonHP Supp 1K-4999 E-LTU";"SHOP10";"EUR";1950.42;1;
"H7A29AAE";"1y SecureDoc WinEnt nonHP Supp 1K-4999 E-LTU";"SHOP10";"UAH";34211.65;1;
"H7A30AAE";"1y SecureDoc WinEnt nonHP Supp 5K+ E-LTU";"SHOP10";"USD";2462.95;1;
"H7A30AAE";"1y SecureDoc WinEnt nonHP Supp 5K+ E-LTU";"SHOP10";"EUR";1841.60;1;
"H7A30AAE";"1y SecureDoc WinEnt nonHP Supp 5K+ E-LTU";"SHOP10";"UAH";32302.82;1;
"H7A31AAE";"3y SecureDoc WinEnt nonHP Supp 1-499 E-LTU";"SHOP10";"USD";3337.64;1;
"H7A31AAE";"3y SecureDoc WinEnt nonHP Supp 1-499 E-LTU";"SHOP10";"EUR";2495.62;1;
"H7A31AAE";"3y SecureDoc WinEnt nonHP Supp 1-499 E-LTU";"SHOP10";"UAH";43774.82;1;
"H7A32AAE";"3y SecureDoc WinEnt nonHP Supp 500-999 E-LTU";"SHOP10";"USD";2979.26;1;
"H7A32AAE";"3y SecureDoc WinEnt nonHP Supp 500-999 E-LTU";"SHOP10";"EUR";2227.65;1;
"H7A32AAE";"3y SecureDoc WinEnt nonHP Supp 500-999 E-LTU";"SHOP10";"UAH";39074.48;1;
"H7A33AAE";"3y SecureDoc WinEnt nonHP Supp 1K-4999 E-LTU";"SHOP10";"USD";1539.22;1;
"H7A33AAE";"3y SecureDoc WinEnt nonHP Supp 1K-4999 E-LTU";"SHOP10";"EUR";1150.91;1;
"H7A33AAE";"3y SecureDoc WinEnt nonHP Supp 1K-4999 E-LTU";"SHOP10";"UAH";20187.64;1;
"H7A34AAE";"3y SecureDoc WinEnt nonHP Supp 5K+ E-LTU";"SHOP10";"USD";1773.79;1;
"H7A34AAE";"3y SecureDoc WinEnt nonHP Supp 5K+ E-LTU";"SHOP10";"EUR";1326.30;1;
"H7A34AAE";"3y SecureDoc WinEnt nonHP Supp 5K+ E-LTU";"SHOP10";"UAH";23264.14;1;
"H7A35AAE";"1y SecureDoc WinEnt nonHP RenSupp 1-499 E-LTU";"SHOP10";"USD";821.44;1;
"H7A35AAE";"1y SecureDoc WinEnt nonHP RenSupp 1-499 E-LTU";"SHOP10";"EUR";614.21;1;
"H7A35AAE";"1y SecureDoc WinEnt nonHP RenSupp 1-499 E-LTU";"SHOP10";"UAH";10773.60;1;
"H7A36AAE";"1ySecDoc WinEnt nonHP RenSupp 500-999 E-LTU";"SHOP10";"USD";2601.42;1;
"H7A36AAE";"1ySecDoc WinEnt nonHP RenSupp 500-999 E-LTU";"SHOP10";"EUR";1945.13;1;
"H7A36AAE";"1ySecDoc WinEnt nonHP RenSupp 500-999 E-LTU";"SHOP10";"UAH";34118.92;1;
"H7A37AAE";"1y SecDoc WinEnt nonHP RenSupp 1K-4999 E-LTU";"SHOP10";"USD";1565.87;1;
"H7A37AAE";"1y SecDoc WinEnt nonHP RenSupp 1K-4999 E-LTU";"SHOP10";"EUR";1170.83;1;
"H7A37AAE";"1y SecDoc WinEnt nonHP RenSupp 1K-4999 E-LTU";"SHOP10";"UAH";20537.17;1;
"H7A38AAE";"1y SecDoc WinEnt nonHP RenSupp 5K+ E-LTU";"SHOP10";"USD";1803.82;1;
"H7A38AAE";"1y SecDoc WinEnt nonHP RenSupp 5K+ E-LTU";"SHOP10";"EUR";1348.75;1;
"H7A38AAE";"1y SecDoc WinEnt nonHP RenSupp 5K+ E-LTU";"SHOP10";"UAH";23658.00;1;
"H7A39AAE";"1y 24x7 SecDoc WinEnt nonHP Supp 1K-4999 E-LTU";"SHOP10";"USD";582.20;1;
"H7A39AAE";"1y 24x7 SecDoc WinEnt nonHP Supp 1K-4999 E-LTU";"SHOP10";"EUR";435.32;1;
"H7A39AAE";"1y 24x7 SecDoc WinEnt nonHP Supp 1K-4999 E-LTU";"SHOP10";"UAH";7635.84;1;
"H7A40AAE";"1y 24x7 SecDoc WinEnt nonHP Supp 5K+ E-LTU";"SHOP10";"USD";1254.02;1;
"H7A40AAE";"1y 24x7 SecDoc WinEnt nonHP Supp 5K+ E-LTU";"SHOP10";"EUR";937.66;1;
"H7A40AAE";"1y 24x7 SecDoc WinEnt nonHP Supp 5K+ E-LTU";"SHOP10";"UAH";16447.10;1;
"H7A41AAE";"3y 24x7 SecDoc WinEnt nonHP Supp 1K-4999 E-LTU";"SHOP10";"USD";2293.77;1;1835.0160
"H7A41AAE";"3y 24x7 SecDoc WinEnt nonHP Supp 1K-4999 E-LTU";"SHOP10";"EUR";1715.10;1;1372.0800
"H7A41AAE";"3y 24x7 SecDoc WinEnt nonHP Supp 1K-4999 E-LTU";"SHOP10";"UAH";30083.94;1;24067.1520
"H7A42AAE";"3y 24x7 SecDoc WinEnt nonHP Supp 5K+ E-LTU";"SHOP10";"USD";3428.79;1;
"H7A42AAE";"3y 24x7 SecDoc WinEnt nonHP Supp 5K+ E-LTU";"SHOP10";"EUR";2563.77;1;
"H7A42AAE";"3y 24x7 SecDoc WinEnt nonHP Supp 5K+ E-LTU";"SHOP10";"UAH";44970.30;1;
"H7A43AAE";"1y 24x7 SecDoc WinEnt nonHP RenSupp 1K-4999 E-LTU";"SHOP10";"USD";1089.17;1;
"H7A43AAE";"1y 24x7 SecDoc WinEnt nonHP RenSupp 1K-4999 E-LTU";"SHOP10";"EUR";814.39;1;
"H7A43AAE";"1y 24x7 SecDoc WinEnt nonHP RenSupp 1K-4999 E-LTU";"SHOP10";"UAH";14285.01;1;
"H7A44AAE";"1y 24x7 SecDoc WinEnt nonHP RenSupp 5K+ E-LTU";"SHOP10";"USD";2894.26;1;
"H7A44AAE";"1y 24x7 SecDoc WinEnt nonHP RenSupp 5K+ E-LTU";"SHOP10";"EUR";2164.10;1;
"H7A44AAE";"1y 24x7 SecDoc WinEnt nonHP RenSupp 5K+ E-LTU";"SHOP10";"UAH";37959.67;1;
"842022";"842022";"SHOP10";"USD";2958.00;1;
"842022";"842022";"SHOP10";"EUR";2211.76;1;
"842022";"842022";"SHOP10";"UAH";38795.65;1;
"U1VA1E";"3y CDMR 4h 24x7 StoreOnce 6500 120TB ProactSVC";"SHOP10";"USD";3294.60;1;
"U1VA1E";"3y CDMR 4h 24x7 StoreOnce 6500 120TB ProactSVC";"SHOP10";"EUR";2463.44;1;
"U1VA1E";"3y CDMR 4h 24x7 StoreOnce 6500 120TB ProactSVC";"SHOP10";"UAH";43210.33;1;
"NC00074347";"NeatSuite f/SMB v3.x, RNW, GOV, 27m, 5u, ML";"SHOP10";"USD";2663.28;1;
"NC00074347";"NeatSuite f/SMB v3.x, RNW, GOV, 27m, 5u, ML";"SHOP10";"EUR";1991.39;1;
"NC00074347";"NeatSuite f/SMB v3.x, RNW, GOV, 27m, 5u, ML";"SHOP10";"UAH";34930.25;1;
"NC00074348";"NeatSuite f/SMB v3.x, RNW, GOV, 27m, 6-10u, ML";"SHOP10";"USD";2260.07;1;
"NC00074348";"NeatSuite f/SMB v3.x, RNW, GOV, 27m, 6-10u, ML";"SHOP10";"EUR";1689.90;1;
"NC00074348";"NeatSuite f/SMB v3.x, RNW, GOV, 27m, 6-10u, ML";"SHOP10";"UAH";29641.95;1;
"NC00074349";"NeatSuite f/SMB v3.x, RNW, GOV, 27m, 11-25u, ML";"SHOP10";"USD";3098.69;1;
"NC00074349";"NeatSuite f/SMB v3.x, RNW, GOV, 27m, 11-25u, ML";"SHOP10";"EUR";2316.95;1;
"NC00074349";"NeatSuite f/SMB v3.x, RNW, GOV, 27m, 11-25u, ML";"SHOP10";"UAH";40640.87;1;
"NC00074350";"NeatSuite f/SMB v3.x, RNW, GOV, 27m, 26-50u, ML";"SHOP10";"USD";1254.53;1;
"NC00074350";"NeatSuite f/SMB v3.x, RNW, GOV, 27m, 26-50u, ML";"SHOP10";"EUR";938.04;1;
"NC00074350";"NeatSuite f/SMB v3.x, RNW, GOV, 27m, 26-50u, ML";"SHOP10";"UAH";16453.79;1;
"NC00074351";"NeatSuite f/SMB v3.x, RNW, GOV, 27m, 51-100u, ML";"SHOP10";"USD";2191.62;1;
"NC00074351";"NeatSuite f/SMB v3.x, RNW, GOV, 27m, 51-100u, ML";"SHOP10";"EUR";1638.72;1;
"NC00074351";"NeatSuite f/SMB v3.x, RNW, GOV, 27m, 51-100u, ML";"SHOP10";"UAH";28744.19;1;
"NC00074352";"NeatSuite f/SMB v3.x, RNW, GOV, 27m, 101-250u, ML";"SHOP10";"USD";2738.23;1;
"NC00074352";"NeatSuite f/SMB v3.x, RNW, GOV, 27m, 101-250u, ML";"SHOP10";"EUR";2047.43;1;
"NC00074352";"NeatSuite f/SMB v3.x, RNW, GOV, 27m, 101-250u, ML";"SHOP10";"UAH";35913.26;1;
"NC00074365";"NeatSuite f/SMB v3.x, RNW, GOV, 28m, 5u, ML";"SHOP10";"USD";1495.65;1;1346.0850
"NC00074365";"NeatSuite f/SMB v3.x, RNW, GOV, 28m, 5u, ML";"SHOP10";"EUR";1118.33;1;1006.4970
"NC00074365";"NeatSuite f/SMB v3.x, RNW, GOV, 28m, 5u, ML";"SHOP10";"UAH";19616.20;1;17654.5800
"NC00074366";"NeatSuite f/SMB v3.x, RNW, GOV, 28m, 6-10u, ML";"SHOP10";"USD";2727.04;1;
"NC00074366";"NeatSuite f/SMB v3.x, RNW, GOV, 28m, 6-10u, ML";"SHOP10";"EUR";2039.06;1;
"NC00074366";"NeatSuite f/SMB v3.x, RNW, GOV, 28m, 6-10u, ML";"SHOP10";"UAH";35766.49;1;
"NC00074367";"NeatSuite f/SMB v3.x, RNW, GOV, 28m, 11-25u, ML";"SHOP10";"USD";1779.55;1;
"NC00074367";"NeatSuite f/SMB v3.x, RNW, GOV, 28m, 11-25u, ML";"SHOP10";"EUR";1330.61;1;
"NC00074367";"NeatSuite f/SMB v3.x, RNW, GOV, 28m, 11-25u, ML";"SHOP10";"UAH";23339.69;1;
"NC00074368";"NeatSuite f/SMB v3.x, RNW, GOV, 28m, 26-50u, ML";"SHOP10";"USD";2544.39;1;
"NC00074368";"NeatSuite f/SMB v3.x, RNW, GOV, 28m, 26-50u, ML";"SHOP10";"EUR";1902.49;1;
"NC00074368";"NeatSuite f/SMB v3.x, RNW, GOV, 28m, 26-50u, ML";"SHOP10";"UAH";33370.95;1;
"NC00074369";"NeatSuite f/SMB v3.x, RNW, GOV, 28m, 51-100u, ML";"SHOP10";"USD";739.55;1;
"NC00074369";"NeatSuite f/SMB v3.x, RNW, GOV, 28m, 51-100u, ML";"SHOP10";"EUR";552.98;1;
"NC00074369";"NeatSuite f/SMB v3.x, RNW, GOV, 28m, 51-100u, ML";"SHOP10";"UAH";9699.57;1;
"NC00074353";"NeatSuite f/SMB v3.x, RNW, 27m, 5u, ML";"SHOP10";"USD";1837.87;1;1470.2960
"NC00074353";"NeatSuite f/SMB v3.x, RNW, 27m, 5u, ML";"SHOP10";"EUR";1374.21;1;1099.3680
"NC00074353";"NeatSuite f/SMB v3.x, RNW, 27m, 5u, ML";"SHOP10";"UAH";24104.58;1;19283.6640
"NC00074354";"NeatSuite f/SMB v3.x, RNW, 27m, 6-10u, ML";"SHOP10";"USD";1344.81;1;
"NC00074354";"NeatSuite f/SMB v3.x, RNW, 27m, 6-10u, ML";"SHOP10";"EUR";1005.54;1;
"NC00074354";"NeatSuite f/SMB v3.x, RNW, 27m, 6-10u, ML";"SHOP10";"UAH";17637.86;1;
"NC00074355";"NeatSuite f/SMB v3.x, RNW, 27m, 11-25u, ML";"SHOP10";"USD";2255.71;1;
"NC00074355";"NeatSuite f/SMB v3.x, RNW, 27m, 11-25u, ML";"SHOP10";"EUR";1686.64;1;
"NC00074355";"NeatSuite f/SMB v3.x, RNW, 27m, 11-25u, ML";"SHOP10";"UAH";29584.76;1;
"NC00074356";"NeatSuite f/SMB v3.x, RNW, 27m, 26-50u, ML";"SHOP10";"USD";1102.89;1;
"NC00074356";"NeatSuite f/SMB v3.x, RNW, 27m, 26-50u, ML";"SHOP10";"EUR";824.65;1;
"NC00074356";"NeatSuite f/SMB v3.x, RNW, 27m, 26-50u, ML";"SHOP10";"UAH";14464.95;1;
"NC00074357";"NeatSuite f/SMB v3.x, RNW, 27m, 51-100u, ML";"SHOP10";"USD";1271.90;1;
"NC00074357";"NeatSuite f/SMB v3.x, RNW, 27m, 51-100u, ML";"SHOP10";"EUR";951.03;1;
"NC00074357";"NeatSuite f/SMB v3.x, RNW, 27m, 51-100u, ML";"SHOP10";"UAH";16681.60;1;
"NC00074344";"NeatSuite f/SMB v3.x, RNW, EDU, 27m, 26-50u, ML";"SHOP10";"USD";2041.49;1;
"NC00074344";"NeatSuite f/SMB v3.x, RNW, EDU, 27m, 26-50u, ML";"SHOP10";"EUR";1526.46;1;
"NC00074344";"NeatSuite f/SMB v3.x, RNW, EDU, 27m, 26-50u, ML";"SHOP10";"UAH";26775.16;1;
"NC00074345";"NeatSuite f/SMB v3.x, RNW, EDU, 27m, 51-100u, ML";"SHOP10";"USD";541.23;1;
"NC00074345";"NeatSuite f/SMB v3.x, RNW, EDU, 27m, 51-100u, ML";"SHOP10";"EUR";404.69;1;
"NC00074345";"NeatSuite f/SMB v3.x, RNW, EDU, 27m, 51-100u, ML";"SHOP10";"UAH";7098.50;1;
"NC00074346";"NeatSuite f/SMB v3.x, RNW, EDU, 27m, 101-250u, ML";"SHOP10";"USD";953.80;1;
"NC00074346";"NeatSuite f/SMB v3.x, RNW, EDU, 27m, 101-250u, ML";"SHOP10";"EUR";713.18;1;
"NC00074346";"NeatSuite f/SMB v3.x, RNW, EDU, 27m, 101-250u, ML";"SHOP10";"UAH";12509.56;1;
"NC00074359";"NeatSuite f/SMB v3.x, RNW, EDU, 28m, 5u, ML";"SHOP10";"USD";1761.58;1;1409.2640
"NC00074359";"NeatSuite f/SMB v3.x, RNW, EDU, 28m, 5u, ML";"SHOP10";"EUR";1317.17;1;1053.7360
"NC00074359";"NeatSuite f/SMB v3.x, RNW, EDU, 28m, 5u, ML";"SHOP10";"UAH";23104.00;1;18483.2000
"NC00074360";"NeatSuite f/SMB v3.x, RNW, EDU, 28m, 6-10u, ML";"SHOP10";"USD";2486.17;1;
"NC00074360";"NeatSuite f/SMB v3.x, RNW, EDU, 28m, 6-10u, ML";"SHOP10";"EUR";1858.96;1;
"NC00074360";"NeatSuite f/SMB v3.x, RNW, EDU, 28m, 6-10u, ML";"SHOP10";"UAH";32607.36;1;
"NC00074361";"NeatSuite f/SMB v3.x, RNW, EDU, 28m, 11-25u, ML";"SHOP10";"USD";2868.88;1;2581.9920
"NC00074361";"NeatSuite f/SMB v3.x, RNW, EDU, 28m, 11-25u, ML";"SHOP10";"EUR";2145.12;1;1930.6080
"NC00074361";"NeatSuite f/SMB v3.x, RNW, EDU, 28m, 11-25u, ML";"SHOP10";"UAH";37626.80;1;33864.1200
"NC00074362";"NeatSuite f/SMB v3.x, RNW, EDU, 28m, 26-50u, ML";"SHOP10";"USD";796.77;1;
"NC00074362";"NeatSuite f/SMB v3.x, RNW, EDU, 28m, 26-50u, ML";"SHOP10";"EUR";595.76;1;
"NC00074362";"NeatSuite f/SMB v3.x, RNW, EDU, 28m, 26-50u, ML";"SHOP10";"UAH";10450.04;1;
"NC00074363";"NeatSuite f/SMB v3.x, RNW, EDU, 28m, 51-100u, ML";"SHOP10";"USD";2067.50;1;
"NC00074363";"NeatSuite f/SMB v3.x, RNW, EDU, 28m, 51-100u, ML";"SHOP10";"EUR";1545.91;1;
"NC00074363";"NeatSuite f/SMB v3.x, RNW, EDU, 28m, 51-100u, ML";"SHOP10";"UAH";27116.30;1;
"NC00074364";"NeatSuite f/SMB v3.x, RNW, EDU, 28m, 101-250u, ML";"SHOP10";"USD";1161.36;1;
"NC00074364";"NeatSuite f/SMB v3.x, RNW, EDU, 28m, 101-250u, ML";"SHOP10";"EUR";868.37;1;
"NC00074364";"NeatSuite f/SMB v3.x, RNW, EDU, 28m, 101-250u, ML";"SHOP10";"UAH";15231.82;1;
"SGK-6010-GKCM1-DE";"Trigger-Z";"SHOP10";"USD";3200.23;1;
"SGK-6010-GKCM1-DE";"Trigger-Z";"SHOP10";"EUR";2392.88;1;
"SGK-6010-GKCM1-DE";"Trigger-Z";"SHOP10";"UAH";41972.62;1;
"580-18171";"KB113";"SHOP10";"USD";1830.34;1;
"580-18171";"KB113";"SHOP10";"EUR";1368.58;1;
"580-18171";"KB113";"SHOP10";"UAH";24005.82;1;
"ME181C-A1-BK";"ME181C-A1-BK";"SHOP10";"USD";3195.71;1;
"ME181C-A1-BK";"ME181C-A1-BK";"SHOP10";"EUR";2389.50;1;
"ME181C-A1-BK";"ME181C-A1-BK";"SHOP10";"UAH";41913.33;1;
"ME181C-A1-WT";"ME181C-A1-WT";"SHOP10";"USD";3195.71;1;
"ME181C-A1-WT";"ME181C-A1-WT";"SHOP10";"EUR";2389.50;1;
"ME181C-A1-WT";"ME181C-A1-WT";"SHOP10";"UAH";41913.33;1;
"MLT-P309E";"MLT-P309E";"SHOP10";"USD";3317.09;1;
"MLT-P309E";"MLT-P309E";"SHOP10";"EUR";2480.25;1;
"MLT-P309E";"MLT-P309E";"SHOP10";"UAH";43505.29;1;
"4229786";"4229786";"SHOP10";"USD";1302.17;1;
"4229786";"4229786";"SHOP10";"EUR";973.66;1;
"4229786";"4229786";"SHOP10";"UAH";17078.61;1;
"4229809";"4229809";"SHOP10";"USD";1866.48;1;
"4229809";"4229809";"SHOP10";"EUR";1395.60;1;
"4229809";"4229809";"SHOP10";"UAH";24479.82;1;
"U4JA0PE";"Foundation Care 1yr 9x5 NBD Exchange 350 Cld-Mngd AP";"SHOP10";"USD";2278.68;1;2050.8120
"U4JA0PE";"Foundation Care 1yr 9x5 NBD Exchange 350 Cld-Mngd AP";"SHOP10";"EUR";1703.81;1;1533.4290
"U4JA0PE";"Foundation Care 1yr 9x5 NBD Exchange 350 Cld-Mngd AP";"SHOP10";"UAH";29886.03;1;26897.4270
"U4JA1E";"Foundation Care 1yr 24x7 4h 355 Cld-Mngd AP";"SHOP10";"USD";2266.03;1;
"U4JA1E";"Foundation Care 1yr 24x7 4h 355 Cld-Mngd AP";"SHOP10";"EUR";1694.36;1;
"U4JA1E";"Foundation Care 1yr 24x7 4h 355 Cld-Mngd AP";"SHOP10";"UAH";29720.12;1;
"U4JA2PE";"Foundation Care 1yr 9x5 NBD Exchange 365 Cld-Mngd AP";"SHOP10";"USD";3070.13;1;
"U4JA2PE";"Foundation Care 1yr 9x5 NBD Exchange 365 Cld-Mngd AP";"SHOP10";"EUR";2295.60;1;
"U4JA2PE";"Foundation Care 1yr 9x5 NBD Exchange 365 Cld-Mngd AP";"SHOP10";"UAH";40266.29;1;
"U4JA3PE";"Foundation Care 1yr 9x5 NBD On-Site 350 Cld-Mngd AP";"SHOP10";"USD";1984.06;1;
"U4JA3PE";"Foundation Care 1yr 9x5 NBD On-Site 350 Cld-Mngd AP";"SHOP10";"EUR";1483.52;1;
"U4JA3PE";"Foundation Care 1yr 9x5 NBD On-Site 350 Cld-Mngd AP";"SHOP10";"UAH";26021.94;1;
"U4JA4E";"Foundation Care 1yr 24x7 4h On-Site 355 Cld-Mngd AP";"SHOP10";"USD";1398.05;1;
"U4JA4E";"Foundation Care 1yr 24x7 4h On-Site 355 Cld-Mngd AP";"SHOP10";"EUR";1045.35;1;
"U4JA4E";"Foundation Care 1yr 24x7 4h On-Site 355 Cld-Mngd AP";"SHOP10";"UAH";18336.12;1;
"U4JA5PE";"Foundation Care 1yr 9x5 NBD 350 Cld-Mngd AP";"SHOP10";"USD";1864.28;1;
"U4JA5PE";"Foundation Care 1yr 9x5 NBD 350 Cld-Mngd AP";"SHOP10";"EUR";1393.96;1;
"U4JA5PE";"Foundation Care 1yr 9x5 NBD 350 Cld-Mngd AP";"SHOP10";"UAH";24450.96;1;
"U4JA6PE";"Proactive Care 1yr 24x7 4h 355 Cld-Mngd";"SHOP10";"USD";1352.87;1;
"U4JA6PE";"Proactive Care 1yr 24x7 4h 355 Cld-Mngd";"SHOP10";"EUR";1011.57;1;
"U4JA6PE";"Proactive Care 1yr 24x7 4h 355 Cld-Mngd";"SHOP10";"UAH";17743.57;1;
"U4JA7PE";"Foundation Care 1yr 9x5 NBD On-Site 365 Cld-Mngd AP";"SHOP10";"USD";791.22;1;
"U4JA7PE";"Foundation Care 1yr 9x5 NBD On-Site 365 Cld-Mngd AP";"SHOP10";"EUR";591.61;1;
"U4JA7PE";"Foundation Care 1yr 9x5 NBD On-Site 365 Cld-Mngd AP";"SHOP10";"UAH";10377.25;1;
"U4JA8PE";"Foundation Care 1yr 9x5 NBD On-Site 365 Cld-Mngd AP";"SHOP10";"USD";3324.59;1;
"U4JA8PE";"Foundation Care 1yr 9x5 NBD On-Site 365 Cld-Mngd AP";"SHOP10";"EUR";2485.86;1;
"U4JA8PE";"Foundation Care 1yr 9x5 NBD On-Site 365 Cld-Mngd AP";"SHOP10";"UAH";43603.66;1;
"U4JA9PE";"Foundation Care 1yr 24x7 4h On-Site 350 Cld-Mngd AP";"SHOP10";"USD";2243.54;1;
"U4JA9PE";"Foundation Care 1yr 24x7 4h On-Site 350 Cld-Mngd AP";"SHOP10";"EUR";1677.54;1;
"U4JA9PE";"Foundation Care 1yr 24x7 4h On-Site 350 Cld-Mngd AP";"SHOP10";"UAH";29425.15;1;
"M51AD-B08";"M51AD-B08";"SHOP10";"USD";547.94;1;438.3520
"M51AD-B08";"M51AD-B08";"SHOP10";"EUR";409.71;1;327.7680
"M51AD-B08";"M51AD-B08";"SHOP10";"UAH";7186.51;1;5749.2080
"G9D75UA";"15-r017dx";"SHOP10";"USD";2791.83;1;
"G9D75UA";"15-r017dx";"SHOP10";"EUR";2087.51;1;
"G9D75UA";"15-r017dx";"SHOP10";"UAH";36616.25;1;
"PSKT4E-06Q008DU";"L50-B-1H1";"SHOP10";"USD";2413.56;1;
"PSKT4E-06Q008DU";"L50-B-1H1";"SHOP10";"EUR";1804.67;1;
"PSKT4E-06Q008DU";"L50-B-1H1";"SHOP10";"UAH";31655.05;1;
"G9E06EA";"3500 G2 MT";"SHOP10";"USD";1673.28;1;
"G9E06EA";"3500 G2 MT";"SHOP10";"EUR";1251.14;1;
"G9E06EA";"3500 G2 MT";"SHOP10";"UAH";21945.90;1;
"90XB0090-BMU000";"WT465";"SHOP10";"USD";977.37;1;
"90XB0090-BMU000";"WT465";"SHOP10";"EUR";730.80;1;
"90XB0090-BMU000";"WT465";"SHOP10";"UAH";12818.70;1;
"SGK-6010-GKCL1-DE";"Trigger Z";"SHOP10";"USD";2709.88;1;
"SGK-6010-GKCL1-DE";"Trigger Z";"SHOP10";"EUR";2026.23;1;
"SGK-6010-GKCL1-DE";"Trigger Z";"SHOP10";"UAH";35541.43;1;
"G9E20EA";"3500 G2 MT";"SHOP10";"USD";3242.62;1;
"G9E20EA";"3500 G2 MT";"SHOP10";"EUR";2424.57;1;
"G9E20EA";"3500 G2 MT";"SHOP10";"UAH";42528.58;1;
"G9E22EA";"3500 G2 MT";"SHOP10";"USD";806.22;1;725.5980
"G9E22EA";"3500 G2 MT";"SHOP10";"EUR";602.83;1;542.5470
"G9E22EA";"3500 G2 MT";"SHOP10";"UAH";10573.98;1;9516.5820
"G9E14EA";"3500 G2 MT + W2072a";"SHOP10";"USD";1701.98;1;
"G9E14EA";"3500 G2 MT + W2072a";"SHOP10";"EUR";1272.60;1;
"G9E14EA";"3500 G2 MT + W2072a";"SHOP10";"UAH";22322.32;1;
"X552EA-SX061HB";"X552EA-SX061HB";"SHOP10";"USD";2584.65;1;
"X552EA-SX061HB";"X552EA-SX061HB";"SHOP10";"EUR";1932.59;1;
"X552EA-SX061HB";"X552EA-SX061HB";"SHOP10";"UAH";33898.98;1;
"X552EA-SX061HW";"X552EA-SX061HW";"SHOP10";"USD";2584.65;1;
"X552EA-SX061HW";"X552EA-SX061HW";"SHOP10";"EUR";1932.59;1;
"X552EA-SX061HW";"X552EA-SX061HW";"SHOP10";"UAH";33898.98;1;
"ME301T-1A045A";"ME301T-1A045A";"SHOP10";"USD";3078.13;1;
"ME301T-1A045A";"ME301T-1A045A";"SHOP10";"EUR";2301.58;1;
"ME301T-1A045A";"ME301T-1A045A";"SHOP10";"UAH";40371.21;1;
"90-XB2400KM000F0-B";"W3000B";"SHOP10";"USD";3129.16;1;
"90-XB2400KM000F0-B";"W3000B";"SHOP10";"EUR";2339.74;1;
"90-XB2400KM000F0-B";"W3000B";"SHOP10";"UAH";41040.50;1;
"90-XB2400KM000F0-W";"W3000W";"SHOP10";"USD";3129.16;1;
"90-XB2400KM000F0-W";"W3000W";"SHOP10";"EUR";2339.74;1;
"90-XB2400KM000F0-W";"W3000W";"SHOP10";"UAH";41040.50;1;
"90NB02F8-M07720";"P550LAV-XH51";"SHOP10";"USD";2360.53;1;1888.4240
"90NB02F8-M07720";"P550LAV-XH51";"SHOP10";"EUR";1765.02;1;1412.0160
"90NB02F8-M07720";"P550LAV-XH51";"SHOP10";"UAH";30959.53;1;24767.6240
"PT640U-06002R";"W50-A1510";"SHOP10";"USD";2848.56;1;
"PT640U-06002R";"W50-A1510";"SHOP10";"EUR";2129.93;1;
"PT640U-06002R";"W50-A1510";"SHOP10";"UAH";37360.29;1;
"M11AD-US011S";"M11AD-US011S";"SHOP10";"USD";3267.75;1;
"M11AD-US011S";"M11AD-US011S";"SHOP10";"EUR";2443.36;1;
"M11AD-US011S";"M11AD-US011S";"SHOP10";"UAH";42858.18;1;
"BU401LA-CZ127G";"BU401LA-CZ127G";"SHOP10";"USD";3194.90;1;2875.4100
"BU401LA-CZ127G";"BU401LA-CZ127G";"SHOP10";"EUR";2388.89;1;2150.0010
"BU401LA-CZ127G";"BU401LA-CZ127G";"SHOP10";"UAH";41902.71;1;37712.4390
"ME181C-A1-LB";"ME181C-A1-LB";"SHOP10";"USD";1369.12;1;1095.2960
"ME181C-A1-LB";"ME181C-A1-LB";"SHOP10";"EUR";1023.72;1;818.9760
"ME181C-A1-LB";"ME181C-A1-LB";"SHOP10";"UAH";17956.69;1;14365.3520
"G751JM-BHI7N27";"G751JM-BHI7N27";"SHOP10";"USD";3017.75;1;
"G751JM-BHI7N27";"G751JM-BHI7N27";"SHOP10";"EUR";2256.43;1;
"G751JM-BHI7N27";"G751JM-BHI7N27";"SHOP10";"UAH";39579.30;1;
"R1208WT2GS";"R1208WT2GS";"SHOP10";"USD";1250.02;1;
"R1208WT2GS";"R1208WT2GS";"SHOP10";"EUR";934.66;1;
"R1208WT2GS";"R1208WT2GS";"SHOP10";"UAH";16394.64;1;
"R1304WT2GS";"R1304WT2GS";"SHOP10";"USD";2849.82;1;2564.8380
"R1304WT2GS";"R1304WT2GS";"SHOP10";"EUR";2130.87;1;1917.7830
"R1304WT2GS";"R1304WT2GS";"SHOP10";"UAH";37376.81;1;33639.1290
"RN31400-100EUS---4X-ST2000VN001";"ReadyNAS 314";"SHOP10";"USD";1123.50;1;
"RN31400-100EUS---4X-ST2000VN001";"ReadyNAS 314";"SHOP10";"EUR";840.06;1;
"RN31400-100EUS---4X-ST2000VN001";"ReadyNAS 314";"SHOP10";"UAH";14735.26;1;
"RN31400-100EUS---4X-ST4000VN003";"ReadyNAS 314";"SHOP10";"USD";662.90;1;
"RN31400-100EUS---4X-ST4000VN003";"ReadyNAS 314";"SHOP10";"EUR";495.66;1;
"RN31400-100EUS---4X-ST4000VN003";"ReadyNAS 314";"SHOP10";"UAH";8694.26;1;
"RN31400-100EUS---4X-ST2000VX000";"ReadyNAS 314";"SHOP10";"USD";1158.23;1;1042.4070
"RN31400-100EUS---4X-ST2000VX000";"ReadyNAS 314";"SHOP10";"EUR";866.03;1;779.4270
"RN31400-100EUS---4X-ST2000VX000";"ReadyNAS 314";"SHOP10";"UAH";15190.77;1;13671.6930
"RN31400-100EUS---4X-ST3000VX000";"ReadyNAS 314";"SHOP10";"USD";3112.09;1;
"RN31400-100EUS---4X-ST3000VX000";"ReadyNAS 314";"SHOP10";"EUR";2326.97;1;
"RN31400-100EUS---4X-ST3000VX000";"ReadyNAS 314";"SHOP10";"UAH";40816.62;1;
"RN31400-100EUS---4X-ST4000VX000";"ReadyNAS 314";"SHOP10";"USD";886.64;1;
"RN31400-100EUS---4X-ST4000VX000";"ReadyNAS 314";"SHOP10";"EUR";662.96;1;
"RN31400-100EUS---4X-ST4000VX000";"ReadyNAS 314";"SHOP10";"UAH";11628.73;1;
"RN31400-100EUS---4X-ST4000VX002";"ReadyNAS 314";"SHOP10";"USD";2424.31;1;
"RN31400-100EUS---4X-ST4000VX002";"ReadyNAS 314";"SHOP10";"EUR";1812.71;1;
"RN31400-100EUS---4X-ST4000VX002";"ReadyNAS 314";"SHOP10";"UAH";31796.04;1;
"RN31400-100EUS---4X-ST4000NC000";"ReadyNAS 314";"SHOP10";"USD";1618.45;1;
"RN31400-100EUS---4X-ST4000NC000";"ReadyNAS 314";"SHOP10";"EUR";1210.15;1;
"RN31400-100EUS---4X-ST4000NC000";"ReadyNAS 314";"SHOP10";"UAH";21226.78;1;
"RN31200-100EUS---2X-ST2000VN001";"ReadyNAS 312";"SHOP10";"USD";2943.00;1;
"RN31200-100EUS---2X-ST2000VN001";"ReadyNAS 312";"SHOP10";"EUR";2200.54;1;
"RN31200-100EUS---2X-ST2000VN001";"ReadyNAS 312";"SHOP10";"UAH";38598.92;1;
"RN31200-100EUS---2X-ST4000VN003";"ReadyNAS 312";"SHOP10";"USD";3167.02;1;
"RN31200-100EUS---2X-ST4000VN003";"ReadyNAS 312";"SHOP10";"EUR";2368.04;1;
"RN31200-100EUS---2X-ST4000VN003";"ReadyNAS 312";"SHOP10";"UAH";41537.05;1;
"RN31200-100EUS---2X-ST4000VX000";"ReadyNAS 312";"SHOP10";"USD";635.60;1;
"RN31200-100EUS---2X-ST4000VX000";"ReadyNAS 312";"SHOP10";"EUR";475.25;1;
"RN31200-100EUS---2X-ST4000VX000";"ReadyNAS 312";"SHOP10";"UAH";8336.21;1;
"RN31200-100EUS---2X-ST4000VX002";"ReadyNAS 312";"SHOP10";"USD";2520.23;1;
"RN31200-100EUS---2X-ST4000VX002";"ReadyNAS 312";"SHOP10";"EUR";1884.43;1;
"RN31200-100EUS---2X-ST4000VX002";"ReadyNAS 312";"SHOP10";"UAH";33054.08;1;
"RN31200-100EUS---2X-ST4000NC000";"ReadyNAS 312";"SHOP10";"USD";3102.55;1;
"RN31200-100EUS---2X-ST4000NC000";"ReadyNAS 312";"SHOP10";"EUR";2319.84;1;
"RN31200-100EUS---2X-ST4000NC000";"ReadyNAS 312";"SHOP10";"UAH";40691.49;1;
"RN10200-100EUS---2X-ST2000VN001";"ReadyNAS 102";"SHOP10";"USD";2421.35;1;
"RN10200-100EUS---2X-ST2000VN001";"ReadyNAS 102";"SHOP10";"EUR";1810.49;1;
"RN10200-100EUS---2X-ST2000VN001";"ReadyNAS 102";"SHOP10";"UAH";31757.22;1;
"RN10200-100EUS---2X-ST4000VN003";"ReadyNAS 102";"SHOP10";"USD";3180.67;1;
"RN10200-100EUS---2X-ST4000VN003";"ReadyNAS 102";"SHOP10";"EUR";2378.25;1;
"RN10200-100EUS---2X-ST4000VN003";"ReadyNAS 102";"SHOP10";"UAH";41716.08;1;
"RN10200-100EUS---2X-ST4000VX000";"ReadyNAS 102";"SHOP10";"USD";903.85;1;
"RN10200-100EUS---2X-ST4000VX000";"ReadyNAS 102";"SHOP10";"EUR";675.83;1;
"RN10200-100EUS---2X-ST4000VX000";"ReadyNAS 102";"SHOP10";"UAH";11854.44;1;
"RN10200-100EUS---2X-ST4000VX002";"ReadyNAS 102";"SHOP10";"USD";1920.03;1;
"RN10200-100EUS---2X-ST4000VX002";"ReadyNAS 102";"SHOP10";"EUR";1435.64;1;
"RN10200-100EUS---2X-ST4000VX002";"ReadyNAS 102";"SHOP10";"UAH";25182.15;1;
"RN10200-100EUS---2X-ST4000NC000";"ReadyNAS 102";"SHOP10";"USD";3273.42;1;
"RN10200-100EUS---2X-ST4000NC000";"ReadyNAS 102";"SHOP10";"EUR";2447.60;1;
"RN10200-100EUS---2X-ST4000NC000";"ReadyNAS 102";"SHOP10";"UAH";42932.54;1;
"RN10400-100EUS---4X-ST2000VN001";"RN10400-100EUS + 4X ST2000VN001";"SHOP10";"USD";819.69;1;
"RN10400-100EUS---4X-ST2000VN001";"RN10400-100EUS + 4X ST2000VN001";"SHOP10";"EUR";612.90;1;
"RN10400-100EUS---4X-ST2000VN001";"RN10400-100EUS + 4X ST2000VN001";"SHOP10";"UAH";10750.64;1;
"RN10400-100EUS---4X-ST4000VN003";"RN10400-100EUS + 4X ST4000VN003";"SHOP10";"USD";3296.43;1;
"RN10400-100EUS---4X-ST4000VN003";"RN10400-100EUS + 4X ST4000VN003";"SHOP10";"EUR";2464.81;1;
"RN10400-100EUS---4X-ST4000VN003";"RN10400-100EUS + 4X ST4000VN003";"SHOP10";"UAH";43234.33;1;
"RN10400-100EUS---4X-ST4000VX000";"RN10400-100EUS + 4X ST4000VX000";"SHOP10";"USD";3068.55;1;
"RN10400-100EUS---4X-ST4000VX000";"RN10400-100EUS + 4X ST4000VX000";"SHOP10";"EUR";2294.42;1;
"RN10400-100EUS---4X-ST4000VX000";"RN10400-100EUS + 4X ST4000VX000";"SHOP10";"UAH";40245.57;1;
"RN10400-100EUS---4X-ST4000VX002";"RN10400-100EUS + 4X ST4000VX002";"SHOP10";"USD";1574.80;1;
"RN10400-100EUS---4X-ST4000VX002";"RN10400-100EUS + 4X ST4000VX002";"SHOP10";"EUR";1177.51;1;
"RN10400-100EUS---4X-ST4000VX002";"RN10400-100EUS + 4X ST4000VX002";"SHOP10";"UAH";20654.29;1;
"90NL0731-M02900-W";"F205TA-BING-FD019BS-W";"SHOP10";"USD";2685.75;1;
"90NL0731-M02900-W";"F205TA-BING-FD019BS-W";"SHOP10";"EUR";2008.19;1;
"90NL0731-M02900-W";"F205TA-BING-FD019BS-W";"SHOP10";"UAH";35224.95;1;
"90NL0731-M02900-B";"F205TA-BING-FD019BS-B";"SHOP10";"USD";2685.75;1;
"90NL0731-M02900-B";"F205TA-BING-FD019BS-B";"SHOP10";"EUR";2008.19;1;
"90NL0731-M02900-B";"F205TA-BING-FD019BS-B";"SHOP10";"UAH";35224.95;1;
"59421631";"Z50-70";"SHOP10";"USD";3204.56;1;
"59421631";"Z50-70";"SHOP10";"EUR";2396.11;1;
"59421631";"Z50-70";"SHOP10";"UAH";42029.41;1;
"CLT-K806S";"CLT-K806S";"SHOP10";"USD";3229.37;1;
"CLT-K806S";"CLT-K806S";"SHOP10";"EUR";2414.66;1;
"CLT-K806S";"CLT-K806S";"SHOP10";"UAH";42354.80;1;
"59439467";"S8-50L";"SHOP10";"USD";3288.40;1;
"59439467";"S8-50L";"SHOP10";"EUR";2458.80;1;
"59439467";"S8-50L";"SHOP10";"UAH";43129.01;1;
"PSPRBU-02R03L";"S55-B5148";"SHOP10";"USD";2935.18;1;
"PSPRBU-02R03L";"S55-B5148";"SHOP10";"EUR";2194.69;1;
"PSPRBU-02R03L";"S55-B5148";"SHOP10";"UAH";38496.35;1;
"5463J2G";"x3550 M5";"SHOP10";"USD";2112.21;1;
"5463J2G";"x3550 M5";"SHOP10";"EUR";1579.34;1;
"5463J2G";"x3550 M5";"SHOP10";"UAH";27702.69;1;
"U7VN7E";"3 year NBD DL120 Gen9 Foundation Care Service";"SHOP10";"USD";2023.26;1;
"U7VN7E";"3 year NBD DL120 Gen9 Foundation Care Service";"SHOP10";"EUR";1512.83;1;
"U7VN7E";"3 year NBD DL120 Gen9 Foundation Care Service";"SHOP10";"UAH";26536.07;1;
"7450-0033";"7450";"SHOP10";"USD";2309.90;1;
"7450-0033";"7450";"SHOP10";"EUR";1727.16;1;
"7450-0033";"7450";"SHOP10";"UAH";30295.49;1;
"3450-9730";"3450";"SHOP10";"USD";3013.50;1;
"3450-9730";"3450";"SHOP10";"EUR";2253.25;1;
"3450-9730";"3450";"SHOP10";"UAH";39523.56;1;
"20C10026PB";"ThinkPad 10";"SHOP10";"USD";1129.54;1;
"20C10026PB";"ThinkPad 10";"SHOP10";"EUR";844.58;1;
"20C10026PB";"ThinkPad 10";"SHOP10";"UAH";14814.48;1;
"PSKTGE-01300MDU";"L50-B-2E4";"SHOP10";"USD";679.82;1;
"PSKTGE-01300MDU";"L50-B-2E4";"SHOP10";"EUR";508.32;1;
"PSKTGE-01300MDU";"L50-B-2E4";"SHOP10";"UAH";8916.18;1;
"PSCL8E-00200GDU";"C70-B-33K";"SHOP10";"USD";1395.88;1;
"PSCL8E-00200GDU";"C70-B-33K";"SHOP10";"EUR";1043.73;1;
"PSCL8E-00200GDU";"C70-B-33K";"SHOP10";"UAH";18307.66;1;
"PSKRYE-00200HDU";"L70-B-14Z";"SHOP10";"USD";2845.86;1;
"PSKRYE-00200HDU";"L70-B-14Z";"SHOP10";"EUR";2127.91;1;
"PSKRYE-00200HDU";"L70-B-14Z";"SHOP10";"UAH";37324.88;1;
"H9W16EA";"820 G2";"SHOP10";"USD";1464.17;1;
"H9W16EA";"820 G2";"SHOP10";"EUR";1094.79;1;
"H9W16EA";"820 G2";"SHOP10";"UAH";19203.32;1;
"DT-SXNEB-025";"TC-705";"SHOP10";"USD";517.84;1;
"DT-SXNEB-025";"TC-705";"SHOP10";"EUR";387.20;1;
"DT-SXNEB-025";"TC-705";"SHOP10";"UAH";6791.73;1;
"20DF004UGE";"E550";"SHOP10";"USD";2756.52;1;2480.8680
"20DF004UGE";"E550";"SHOP10";"EUR";2061.11;1;1854.9990
"20DF004UGE";"E550";"SHOP10";"UAH";36153.14;1;32537.8260
"NX-MSQET-008";"V3-572G-57VUW";"SHOP10";"USD";2332.14;1;
"NX-MSQET-008";"V3-572G-57VUW";"SHOP10";"EUR";1743.79;1;
"NX-MSQET-008";"V3-572G-57VUW";"SHOP10";"UAH";30587.18;1;
"PSKT4E-0MD008DU";"L50-B-1X5";"SHOP10";"USD";2463.86;1;
"PSKT4E-0MD008DU";"L50-B-1X5";"SHOP10";"EUR";1842.28;1;
"PSKT4E-0MD008DU";"L50-B-1X5";"SHOP10";"UAH";32314.76;1;
"PSCNQE-00300LDU";"C70-B-33H";"SHOP10";"USD";1585.88;1;
"PSCNQE-00300LDU";"C70-B-33H";"SHOP10";"EUR";1185.79;1;
"PSCNQE-00300LDU";"C70-B-33H";"SHOP10";"UAH";20799.61;1;
"G751JL-DS71";"G751JL-DS71";"SHOP10";"USD";919.25;1;
"G751JL-DS71";"G751JL-DS71";"SHOP10";"EUR";687.34;1;
"G751JL-DS71";"G751JL-DS71";"SHOP10";"UAH";12056.42;1;
"TS-231---2X-ST2000VN000";"TS-231 + 2X ST2000VN000";"SHOP10";"USD";929.09;1;
"TS-231---2X-ST2000VN000";"TS-231 + 2X ST2000VN000";"SHOP10";"EUR";694.70;1;
"TS-231---2X-ST2000VN000";"TS-231 + 2X ST2000VN000";"SHOP10";"UAH";12185.48;1;
"TS-231---2X-ST2000VN001";"TS-231 + 2X ST2000VN001";"SHOP10";"USD";1095.61;1;
"TS-231---2X-ST2000VN001";"TS-231 + 2X ST2000VN001";"SHOP10";"EUR";819.21;1;
"TS-231---2X-ST2000VN001";"TS-231 + 2X ST2000VN001";"SHOP10";"UAH";14369.47;1;
"TS-231---2X-ST3000VN000";"TS-231 + 2X ST3000VN000";"SHOP10";"USD";1865.39;1;1492.3120
"TS-231---2X-ST3000VN000";"TS-231 + 2X ST3000VN000";"SHOP10";"EUR";1394.79;1;1115.8320
"TS-231---2X-ST3000VN000";"TS-231 + 2X ST3000VN000";"SHOP10";"UAH";24465.52;1;19572.4160
"TS-231---2X-ST4000VN000";"TS-231 + 2X ST4000VN000";"SHOP10";"USD";3057.96;1;2446.3680
"TS-231---2X-ST4000VN000";"TS-231 + 2X ST4000VN000";"SHOP10";"EUR";2286.50;1;1829.2000
"TS-231---2X-ST4000VN000";"TS-231 + 2X ST4000VN000";"SHOP10";"UAH";40106.67;1;32085.3360
"TS-231---2X-ST4000VN003";"TS-231 + 2X ST4000VN003";"SHOP10";"USD";1067.64;1;
"TS-231---2X-ST4000VN003";"TS-231 + 2X ST4000VN003";"SHOP10";"EUR";798.30;1;
"TS-231---2X-ST4000VN003";"TS-231 + 2X ST4000VN003";"SHOP10";"UAH";14002.63;1;
"TS-231---2X-ST3000VX000";"TS-231 + 2X ST3000VX000";"SHOP10";"USD";1833.54;1;
"TS-231---2X-ST3000VX000";"TS-231 + 2X ST3000VX000";"SHOP10";"EUR";1370.97;1;
"TS-231---2X-ST3000VX000";"TS-231 + 2X ST3000VX000";"SHOP10";"UAH";24047.79;1;
"TS-231---2X-ST4000NC000";"TS-231 + 2X ST4000NC000";"SHOP10";"USD";2455.01;1;
"TS-231---2X-ST4000NC000";"TS-231 + 2X ST4000NC000";"SHOP10";"EUR";1835.66;1;
"TS-231---2X-ST4000NC000";"TS-231 + 2X ST4000NC000";"SHOP10";"UAH";32198.68;1;
"TS-231----2X-ST2000VN000";"TS-231+ + 2X ST2000VN000";"SHOP10";"USD";1991.69;1;
"TS-231----2X-ST2000VN000";"TS-231+ + 2X ST2000VN000";"SHOP10";"EUR";1489.23;1;
"TS-231----2X-ST2000VN000";"TS-231+ + 2X ST2000VN000";"SHOP10";"UAH";26122.01;1;
"TS-231----2X-ST3000VN000";"TS-231+ + 2X ST3000VN000";"SHOP10";"USD";3346.93;1;
"TS-231----2X-ST3000VN000";"TS-231+ + 2X ST3000VN000";"SHOP10";"EUR";2502.57;1;
"TS-231----2X-ST3000VN000";"TS-231+ + 2X ST3000VN000";"SHOP10";"UAH";43896.66;1;
"TS-231----2X-ST4000VN000";"TS-231+ + 2X ST4000VN000";"SHOP10";"USD";557.30;1;
"TS-231----2X-ST4000VN000";"TS-231+ + 2X ST4000VN000";"SHOP10";"EUR";416.70;1;
"TS-231----2X-ST4000VN000";"TS-231+ + 2X ST4000VN000";"SHOP10";"UAH";7309.27;1;
"TS-231----2X-ST4000NC000";"TS-231+ + 2X ST4000NC000";"SHOP10";"USD";3175.97;1;
"TS-231----2X-ST4000NC000";"TS-231+ + 2X ST4000NC000";"SHOP10";"EUR";2374.74;1;
"TS-231----2X-ST4000NC000";"TS-231+ + 2X ST4000NC000";"SHOP10";"UAH";41654.43;1;
"ANW15-5350SLV";"15";"SHOP10";"USD";3479.49;1;
"ANW15-5350SLV";"15";"SHOP10";"EUR";2601.68;1;
"ANW15-5350SLV";"15";"SHOP10";"UAH";45635.25;1;
"PSPNVA-04100N";"P50t-B041";"SHOP10";"USD";2295.96;1;2066.3640
"PSPNVA-04100N";"P50t-B041";"SHOP10";"EUR";1716.74;1;1545.0660
"PSPNVA-04100N";"P50t-B041";"SHOP10";"UAH";30112.66;1;27101.3940
"SM-T533NYKAPHE";"SM-T533NYKAPHE";"SHOP10";"USD";3456.73;1;
"SM-T533NYKAPHE";"SM-T533NYKAPHE";"SHOP10";"EUR";2584.67;1;
"SM-T533NYKAPHE";"SM-T533NYKAPHE";"SHOP10";"UAH";45336.74;1;
"59436025";"Z50-70";"SHOP10";"USD";2226.10;1;
"59436025";"Z50-70";"SHOP10";"EUR";1664.50;1;
"59436025";"Z50-70";"SHOP10";"UAH";29196.41;1;
"G501JW-DS71";"G501JW-DS71";"SHOP10";"USD";1378.28;1;
"G501JW-DS71";"G501JW-DS71";"SHOP10";"EUR";1030.57;1;
"G501JW-DS71";"G501JW-DS71";"SHOP10";"UAH";18076.83;1;
"DT-VM1EH-007";"X2632G";"SHOP10";"USD";2762.38;1;
"DT-VM1EH-007";"X2632G";"SHOP10";"EUR";2065.49;1;
"DT-VM1EH-007";"X2632G";"SHOP10";"UAH";36229.99;1;
"80DU00ANGE";"Y70-70 Touch";"SHOP10";"USD";1620.39;1;
"80DU00ANGE";"Y70-70 Touch";"SHOP10";"EUR";1211.60;1;
"80DU00ANGE";"Y70-70 Touch";"SHOP10";"UAH";21252.23;1;
"NT-L77AA-001";"B1-730-15EL";"SHOP10";"USD";2500.58;1;
"NT-L77AA-001";"B1-730-15EL";"SHOP10";"EUR";1869.73;1;
"NT-L77AA-001";"B1-730-15EL";"SHOP10";"UAH";32796.36;1;
"NT-L75AA-001";"B1-730-111L";"SHOP10";"USD";1457.52;1;
"NT-L75AA-001";"B1-730-111L";"SHOP10";"EUR";1089.82;1;
"NT-L75AA-001";"B1-730-111L";"SHOP10";"UAH";19116.10;1;
"NT-L76AA-001";"B1-730-12VL";"SHOP10";"USD";2659.80;1;
"NT-L76AA-001";"B1-730-12VL";"SHOP10";"EUR";1988.79;1;
"NT-L76AA-001";"B1-730-12VL";"SHOP10";"UAH";34884.61;1;
"NT-MX3EB-007";"Switch 10 E";"SHOP10";"USD";3056.02;1;
"NT-MX3EB-007";"Switch 10 E";"SHOP10";"EUR";2285.05;1;
"NT-MX3EB-007";"Switch 10 E";"SHOP10";"UAH";40081.23;1;
"NT-MX2EB-003";"Switch 10 E";"SHOP10";"USD";1675.98;1;
"NT-MX2EB-003";"Switch 10 E";"SHOP10";"EUR";1253.16;1;
"NT-MX2EB-003";"Switch 10 E";"SHOP10";"UAH";21981.32;1;
"U8QH8E";"4 year 6 hour Call to Repair 1420-24G Switch Proactive Care Advanced Service";"SHOP10";"USD";896.91;1;
"U8QH8E";"4 year 6 hour Call to Repair 1420-24G Switch Proactive Care Advanced Service";"SHOP10";"EUR";670.64;1;
"U8QH8E";"4 year 6 hour Call to Repair 1420-24G Switch Proactive Care Advanced Service";"SHOP10";"UAH";11763.42;1;
"DS215----2X-ST2000VN000";"DS215+";"SHOP10";"USD";2856.37;1;
"DS215----2X-ST2000VN000";"DS215+";"SHOP10";"EUR";2135.76;1;
"DS215----2X-ST2000VN000";"DS215+";"SHOP10";"UAH";37462.72;1;
"DS215----2X-ST2000VN001";"DS215+";"SHOP10";"USD";2638.44;1;
"DS215----2X-ST2000VN001";"DS215+";"SHOP10";"EUR";1972.81;1;
"DS215----2X-ST2000VN001";"DS215+";"SHOP10";"UAH";34604.46;1;
"DS215----2X-ST3000VN000";"DS215+";"SHOP10";"USD";1834.94;1;
"DS215----2X-ST3000VN000";"DS215+";"SHOP10";"EUR";1372.02;1;
"DS215----2X-ST3000VN000";"DS215+";"SHOP10";"UAH";24066.16;1;
"DS215----2X-ST4000VN000";"DS215+";"SHOP10";"USD";2159.75;1;
"DS215----2X-ST4000VN000";"DS215+";"SHOP10";"EUR";1614.89;1;
"DS215----2X-ST4000VN000";"DS215+";"SHOP10";"UAH";28326.20;1;
"DS215----2X-ST4000VN003";"DS215+";"SHOP10";"USD";894.83;1;
"DS215----2X-ST4000VN003";"DS215+";"SHOP10";"EUR";669.08;1;
"DS215----2X-ST4000VN003";"DS215+";"SHOP10";"UAH";11736.14;1;
"DS215----2X-ST2000VX000";"DS215+";"SHOP10";"USD";945.77;1;
"DS215----2X-ST2000VX000";"DS215+";"SHOP10";"EUR";707.17;1;
"DS215----2X-ST2000VX000";"DS215+";"SHOP10";"UAH";12404.25;1;
"DS215----2X-ST3000VX000";"DS215+";"SHOP10";"USD";1790.83;1;
"DS215----2X-ST3000VX000";"DS215+";"SHOP10";"EUR";1339.04;1;
"DS215----2X-ST3000VX000";"DS215+";"SHOP10";"UAH";23487.63;1;
"DS215----2X-ST4000VX000";"DS215+";"SHOP10";"USD";1736.12;1;
"DS215----2X-ST4000VX000";"DS215+";"SHOP10";"EUR";1298.13;1;
"DS215----2X-ST4000VX000";"DS215+";"SHOP10";"UAH";22770.08;1;
"DS215----2X-ST4000VX002";"DS215+";"SHOP10";"USD";2782.95;1;
"DS215----2X-ST4000VX002";"DS215+";"SHOP10";"EUR";2080.87;1;
"DS215----2X-ST4000VX002";"DS215+";"SHOP10";"UAH";36499.78;1;
"10DS000HMX";"E73";"SHOP10";"USD";3378.94;1;
"10DS000HMX";"E73";"SHOP10";"EUR";2526.50;1;
"10DS000HMX";"E73";"SHOP10";"UAH";44316.49;1;
"10DS000MMX";"E73";"SHOP10";"USD";770.22;1;
"10DS000MMX";"E73";"SHOP10";"EUR";575.91;1;
"10DS000MMX";"E73";"SHOP10";"UAH";10101.82;1;
"10DU0004MX";"E73";"SHOP10";"USD";2232.26;1;
"10DU0004MX";"E73";"SHOP10";"EUR";1669.11;1;
"10DU0004MX";"E73";"SHOP10";"UAH";29277.21;1;
"10DU0005MX";"E73";"SHOP10";"USD";573.68;1;
"10DU0005MX";"E73";"SHOP10";"EUR";428.95;1;
"10DU0005MX";"E73";"SHOP10";"UAH";7524.10;1;
"10DU0006MX";"E73";"SHOP10";"USD";2793.15;1;
"10DU0006MX";"E73";"SHOP10";"EUR";2088.49;1;
"10DU0006MX";"E73";"SHOP10";"UAH";36633.56;1;
"410020101";"Erazer X5379 E";"SHOP10";"USD";2878.98;1;
"410020101";"Erazer X5379 E";"SHOP10";"EUR";2152.67;1;
"410020101";"Erazer X5379 E";"SHOP10";"UAH";37759.26;1;
"DT-VLZAA-003";"X2632G-i34160X";"SHOP10";"USD";524.56;1;
"DT-VLZAA-003";"X2632G-i34160X";"SHOP10";"EUR";392.22;1;
"DT-VLZAA-003";"X2632G-i34160X";"SHOP10";"UAH";6879.87;1;
"DT-VLZAA-002";"X2632G-G3250X";"SHOP10";"USD";745.76;1;
"DT-VLZAA-002";"X2632G-G3250X";"SHOP10";"EUR";557.62;1;
"DT-VLZAA-002";"X2632G-G3250X";"SHOP10";"UAH";9781.02;1;
"7737-3979";"7737";"SHOP10";"USD";1944.52;1;
"7737-3979";"7737";"SHOP10";"EUR";1453.96;1;
"7737-3979";"7737";"SHOP10";"UAH";25503.35;1;
"NX-EF1ET-009";"EX2508-C04F";"SHOP10";"USD";1907.69;1;
"NX-EF1ET-009";"EX2508-C04F";"SHOP10";"EUR";1426.42;1;
"NX-EF1ET-009";"EX2508-C04F";"SHOP10";"UAH";25020.31;1;
"NX-EF1ET-012";"EX2508";"SHOP10";"USD";722.12;1;
"NX-EF1ET-012";"EX2508";"SHOP10";"EUR";539.94;1;
"NX-EF1ET-012";"EX2508";"SHOP10";"UAH";9470.96;1;
"1T02NR0NL0";"TK-5140K";"SHOP10";"USD";1758.00;1;
"1T02NR0NL0";"TK-5140K";"SHOP10";"EUR";1314.49;1;
"1T02NR0NL0";"TK-5140K";"SHOP10";"UAH";23057.05;1;
"1T02NSBNL0";"TK-5150M";"SHOP10";"USD";3118.19;1;
"1T02NSBNL0";"TK-5150M";"SHOP10";"EUR";2331.53;1;
"1T02NSBNL0";"TK-5150M";"SHOP10";"UAH";40896.62;1;
"DT-SWZEG-005";"XC-703";"SHOP10";"USD";1612.36;1;
"DT-SWZEG-005";"XC-703";"SHOP10";"EUR";1205.59;1;
"DT-SWZEG-005";"XC-703";"SHOP10";"UAH";21146.91;1;
"DT-SWZEG-004";"XC-703";"SHOP10";"USD";2672.94;1;
"DT-SWZEG-004";"XC-703";"SHOP10";"EUR";1998.61;1;
"DT-SWZEG-004";"XC-703";"SHOP10";"UAH";35056.94;1;
"NT-G0MEG-002";"SW3-013-194T";"SHOP10";"USD";1407.09;1;
"NT-G0MEG-002";"SW3-013-194T";"SHOP10";"EUR";1052.11;1;
"NT-G0MEG-002";"SW3-013-194T";"SHOP10";"UAH";18454.69;1;
"PSCJGE-00400NU3";"C50-A-1JV";"SHOP10";"USD";3144.89;1;2830.4010
"PSCJGE-00400NU3";"C50-A-1JV";"SHOP10";"EUR";2351.50;1;2116.3500
"PSCJGE-00400NU3";"C50-A-1JV";"SHOP10";"UAH";41246.80;1;37122.1200
"90NB0481-M02440";"F551MA-SX112H";"SHOP10";"USD";1450.29;1;
"90NB0481-M02440";"F551MA-SX112H";"SHOP10";"EUR";1084.41;1;
"90NB0481-M02440";"F551MA-SX112H";"SHOP10";"UAH";19021.28;1;
"NX-MRWSI-002";"ES1-512-C3X9";"SHOP10";"USD";1215.07;1;
"NX-MRWSI-002";"ES1-512-C3X9";"SHOP10";"EUR";908.53;1;
"NX-MRWSI-002";"ES1-512-C3X9";"SHOP10";"UAH";15936.25;1;
"NX-G0YEG-001";"R3-131T-C1TR";"SHOP10";"USD";2738.08;1;
"NX-G0YEG-001";"R3-131T-C1TR";"SHOP10";"EUR";2047.32;1;
"NX-G0YEG-001";"R3-131T-C1TR";"SHOP10";"UAH";35911.29;1;
"VFYZE0420P2331GB-3YNBD";"E420 E85+";"SHOP10";"USD";1572.19;1;
"VFYZE0420P2331GB-3YNBD";"E420 E85+";"SHOP10";"EUR";1175.56;1;
"VFYZE0420P2331GB-3YNBD";"E420 E85+";"SHOP10";"UAH";20620.06;1;
"VFYZE0420P35S1GB-3YNBD";"E420 E85+";"SHOP10";"USD";2892.70;1;2603.4300
"VFYZE0420P35S1GB-3YNBD";"E420 E85+";"SHOP10";"EUR";2162.93;1;1946.6370
"VFYZE0420P35S1GB-3YNBD";"E420 E85+";"SHOP10";"UAH";37939.21;1;34145.2890
"VFYZE0420P43AOGB-5YOS";"E420 E85+";"SHOP10";"USD";1564.00;1;
"VFYZE0420P43AOGB-5YOS";"E420 E85+";"SHOP10";"EUR";1169.43;1;
"VFYZE0420P43AOGB-5YOS";"E420 E85+";"SHOP10";"UAH";20512.64;1;
"VFYZE0420P2331GB-3YOS";"E420 E85+";"SHOP10";"USD";529.97;1;
"VFYZE0420P2331GB-3YOS";"E420 E85+";"SHOP10";"EUR";396.27;1;
"VFYZE0420P2331GB-3YOS";"E420 E85+";"SHOP10";"UAH";6950.82;1;
"VFYZE0420P2331GB-24";"E420 E85+";"SHOP10";"USD";1511.22;1;
"VFYZE0420P2331GB-24";"E420 E85+";"SHOP10";"EUR";1129.97;1;
"VFYZE0420P2331GB-24";"E420 E85+";"SHOP10";"UAH";19820.41;1;
"VFYZE0420P35S1GB-24";"E420 E85+";"SHOP10";"USD";1096.48;1;
"VFYZE0420P35S1GB-24";"E420 E85+";"SHOP10";"EUR";819.86;1;
"VFYZE0420P35S1GB-24";"E420 E85+";"SHOP10";"UAH";14380.88;1;
"VFYZE0420P2331GB-21-5";"E420 E85+";"SHOP10";"USD";1221.33;1;
"VFYZE0420P2331GB-21-5";"E420 E85+";"SHOP10";"EUR";913.21;1;
"VFYZE0420P2331GB-21-5";"E420 E85+";"SHOP10";"UAH";16018.35;1;
"VFYZE0420P35S1GB-21-5";"E420 E85+";"SHOP10";"USD";1749.10;1;1399.2800
"VFYZE0420P35S1GB-21-5";"E420 E85+";"SHOP10";"EUR";1307.84;1;1046.2720
"VFYZE0420P35S1GB-21-5";"E420 E85+";"SHOP10";"UAH";22940.32;1;18352.2560
"VFYZE0420P451OGB-3YNBD";"E420 E85+";"SHOP10";"USD";628.24;1;
"VFYZE0420P451OGB-3YNBD";"E420 E85+";"SHOP10";"EUR";469.75;1;
"VFYZE0420P451OGB-3YNBD";"E420 E85+";"SHOP10";"UAH";8239.68;1;
"VFYZE0420P43AOGB-21-5";"E420 E85+";"SHOP10";"USD";1314.54;1;
"VFYZE0420P43AOGB-21-5";"E420 E85+";"SHOP10";"EUR";982.91;1;
"VFYZE0420P43AOGB-21-5";"E420 E85+";"SHOP10";"UAH";17240.85;1;
"VFYZE0420P43AOGB-5YNBD";"E420 E85+";"SHOP10";"USD";2208.37;1;
"VFYZE0420P43AOGB-5YNBD";"E420 E85+";"SHOP10";"EUR";1651.24;1;
"VFYZE0420P43AOGB-5YNBD";"E420 E85+";"SHOP10";"UAH";28963.88;1;
"VFYZE0420P451OGB-5YNBD";"E420 E85+";"SHOP10";"USD";2043.29;1;
"VFYZE0420P451OGB-5YNBD";"E420 E85+";"SHOP10";"EUR";1527.81;1;
"VFYZE0420P451OGB-5YNBD";"E420 E85+";"SHOP10";"UAH";26798.77;1;
"VFYZE0420P451OGB-3YOS";"E420 E85+";"SHOP10";"USD";3170.49;1;
"VFYZE0420P451OGB-3YOS";"E420 E85+";"SHOP10";"EUR";2370.64;1;
"VFYZE0420P451OGB-3YOS";"E420 E85+";"SHOP10";"UAH";41582.56;1;
"VFYZP0420P2331GB-21-5";"P420 E85+";"SHOP10";"USD";3082.41;1;2465.9280
"VFYZP0420P2331GB-21-5";"P420 E85+";"SHOP10";"EUR";2304.78;1;1843.8240
"VFYZP0420P2331GB-21-5";"P420 E85+";"SHOP10";"UAH";40427.35;1;32341.8800
"VFYZE0420P43AOGB-3YNBD";"E420 E85+";"SHOP10";"USD";1621.91;1;
"VFYZE0420P43AOGB-3YNBD";"E420 E85+";"SHOP10";"EUR";1212.73;1;
"VFYZE0420P43AOGB-3YNBD";"E420 E85+";"SHOP10";"UAH";21272.16;1;
"VFYZE0420P35S1GB-3YOS";"E420 E85+";"SHOP10";"USD";2673.03;1;
"VFYZE0420P35S1GB-3YOS";"E420 E85+";"SHOP10";"EUR";1998.68;1;
"VFYZE0420P35S1GB-3YOS";"E420 E85+";"SHOP10";"UAH";35058.12;1;
"VFYZP0420P2331GB-5YOS";"P420 E85+";"SHOP10";"USD";1000.57;1;
"VFYZP0420P2331GB-5YOS";"P420 E85+";"SHOP10";"EUR";748.15;1;
"VFYZP0420P2331GB-5YOS";"P420 E85+";"SHOP10";"UAH";13122.98;1;
"VFYZE0420P35S1GB-5YNBD";"E420 E85+";"SHOP10";"USD";1598.84;1;
"VFYZE0420P35S1GB-5YNBD";"E420 E85+";"SHOP10";"EUR";1195.48;1;
"VFYZE0420P35S1GB-5YNBD";"E420 E85+";"SHOP10";"UAH";20969.59;1;
"VFYZE0420P451OGB-21-5";"E420 E85+";"SHOP10";"USD";2545.28;1;
"VFYZE0420P451OGB-21-5";"E420 E85+";"SHOP10";"EUR";1903.16;1;
"VFYZE0420P451OGB-21-5";"E420 E85+";"SHOP10";"UAH";33382.62;1;
"VFYZP0420P2331GB-5YNBD";"P420 E85+";"SHOP10";"USD";1758.42;1;
"VFYZP0420P2331GB-5YNBD";"P420 E85+";"SHOP10";"EUR";1314.81;1;
"VFYZP0420P2331GB-5YNBD";"P420 E85+";"SHOP10";"UAH";23062.56;1;
"VFYZP0420P2331GB-3YNBD";"P420 E85+";"SHOP10";"USD";2932.84;1;
"VFYZP0420P2331GB-3YNBD";"P420 E85+";"SHOP10";"EUR";2192.94;1;
"VFYZP0420P2331GB-3YNBD";"P420 E85+";"SHOP10";"UAH";38465.66;1;
"VFYZE0420P2331GB-5YNBD";"E420 E85+";"SHOP10";"USD";2408.86;1;
"VFYZE0420P2331GB-5YNBD";"E420 E85+";"SHOP10";"EUR";1801.15;1;
"VFYZE0420P2331GB-5YNBD";"E420 E85+";"SHOP10";"UAH";31593.40;1;
"VFYZE0420P35S1GB-5YOS";"E420 E85+";"SHOP10";"USD";3012.16;1;
"VFYZE0420P35S1GB-5YOS";"E420 E85+";"SHOP10";"EUR";2252.25;1;
"VFYZE0420P35S1GB-5YOS";"E420 E85+";"SHOP10";"UAH";39505.98;1;
"VFYZP0420P2331GB-24";"P420 E85+";"SHOP10";"USD";888.03;1;
"VFYZP0420P2331GB-24";"P420 E85+";"SHOP10";"EUR";664.00;1;
"VFYZP0420P2331GB-24";"P420 E85+";"SHOP10";"UAH";11646.96;1;
"VFYZE0420P43AOGB-24";"E420 E85+";"SHOP10";"USD";545.51;1;
"VFYZE0420P43AOGB-24";"E420 E85+";"SHOP10";"EUR";407.89;1;
"VFYZE0420P43AOGB-24";"E420 E85+";"SHOP10";"UAH";7154.64;1;
"VFYZE0420P451OGB-5YOS";"E420 E85+";"SHOP10";"USD";1161.05;1;
"VFYZE0420P451OGB-5YOS";"E420 E85+";"SHOP10";"EUR";868.14;1;
"VFYZE0420P451OGB-5YOS";"E420 E85+";"SHOP10";"UAH";15227.75;1;
"VFYZE0420P451OGB-24";"E420 E85+";"SHOP10";"USD";746.49;1;
"VFYZE0420P451OGB-24";"E420 E85+";"SHOP10";"EUR";558.17;1;
"VFYZE0420P451OGB-24";"E420 E85+";"SHOP10";"UAH";9790.59;1;
"VFYZE0420P2331GB-5YOS";"E420 E85+";"SHOP10";"USD";2298.93;1;
"VFYZE0420P2331GB-5YOS";"E420 E85+";"SHOP10";"EUR";1718.96;1;
"VFYZE0420P2331GB-5YOS";"E420 E85+";"SHOP10";"UAH";30151.62;1;
"VFYZP0420P2331GB-3YOS";"P420 E85+";"SHOP10";"USD";3366.64;1;
"VFYZP0420P2331GB-3YOS";"P420 E85+";"SHOP10";"EUR";2517.30;1;
"VFYZP0420P2331GB-3YOS";"P420 E85+";"SHOP10";"UAH";44155.17;1;
"VFYZE0420P43AOGB-3YOS";"E420 E85+";"SHOP10";"USD";540.00;1;
"VFYZE0420P43AOGB-3YOS";"E420 E85+";"SHOP10";"EUR";403.77;1;
"VFYZE0420P43AOGB-3YOS";"E420 E85+";"SHOP10";"UAH";7082.37;1;
"U8QV8E";"3 year 24x7 DL560 Gen9 with OneView Foundation Care Service";"SHOP10";"USD";2649.65;1;
"U8QV8E";"3 year 24x7 DL560 Gen9 with OneView Foundation Care Service";"SHOP10";"EUR";1981.20;1;
"U8QV8E";"3 year 24x7 DL560 Gen9 with OneView Foundation Care Service";"SHOP10";"UAH";34751.48;1;
"NX-MUNET-002";"CB5-571-C4Y3";"SHOP10";"USD";1069.07;1;
"NX-MUNET-002";"CB5-571-C4Y3";"SHOP10";"USD";1069.07;5;855.25
"NX-MUNET-002";"CB5-571-C4Y3";"SHOP10";"USD";1069.07;10;641.44
"NX-MUNET-002";"CB5-571-C4Y3";"SHOP10";"USD";1069.07;20;427.62
"NX-MUNET-002";"CB5-571-C4Y3";"SHOP10";"EUR";799.37;1;
"NX-MUNET-002";"CB5-571-C4Y3";"SHOP10";"EUR";799.37;5;639.49
"NX-MUNET-002";"CB5-571-C4Y3";"SHOP10";"EUR";799.37;10;479.62
"NX-MUNET-002";"CB5-571-C4Y3";"SHOP10";"EUR";799.37;20;319.74
"NX-MUNET-002";"CB5-571-C4Y3";"SHOP10";"UAH";14021.39;1;
"NX-MUNET-002";"CB5-571-C4Y3";"SHOP10";"UAH";14021.39;5;11217.11
"NX-MUNET-002";"CB5-571-C4Y3";"SHOP10";"UAH";14021.39;10;8412.83
"NX-MUNET-002";"CB5-571-C4Y3";"SHOP10";"UAH";14021.39;20;5608.55
"TWV117140-BT-H47E";"11 Pro";"SHOP10";"USD";1401.84;1;
"TWV117140-BT-H47E";"11 Pro";"SHOP10";"EUR";1048.18;1;
"TWV117140-BT-H47E";"11 Pro";"SHOP10";"UAH";18385.83;1;
"920-007131";"K400 Plus";"SHOP10";"USD";1652.61;1;
"920-007131";"K400 Plus";"SHOP10";"USD";1652.61;5;1322.08
"920-007131";"K400 Plus";"SHOP10";"USD";1652.61;10;991.56
"920-007131";"K400 Plus";"SHOP10";"USD";1652.61;20;661.04
"920-007131";"K400 Plus";"SHOP10";"EUR";1235.69;1;
"920-007131";"K400 Plus";"SHOP10";"EUR";1235.69;5;988.55
"920-007131";"K400 Plus";"SHOP10";"EUR";1235.69;10;741.41
"920-007131";"K400 Plus";"SHOP10";"EUR";1235.69;20;494.27
"920-007131";"K400 Plus";"SHOP10";"UAH";21674.81;1;
"920-007131";"K400 Plus";"SHOP10";"UAH";21674.81;5;17339.84
"920-007131";"K400 Plus";"SHOP10";"UAH";21674.81;10;13004.88
"920-007131";"K400 Plus";"SHOP10";"UAH";21674.81;20;8669.92
"920-007132";"K400 Plus";"SHOP10";"USD";1277.68;1;
"920-007132";"K400 Plus";"SHOP10";"EUR";955.35;1;
"920-007132";"K400 Plus";"SHOP10";"UAH";16757.41;1;
"NX-G0YEH-012";"R3-131T-C7H3";"SHOP10";"USD";2095.39;1;1885.8510
"NX-G0YEH-012";"R3-131T-C7H3";"SHOP10";"EUR";1566.77;1;1410.0930
"NX-G0YEH-012";"R3-131T-C7H3";"SHOP10";"UAH";27482.09;1;24733.8810
"ANW15-5714SLV";"15";"SHOP10";"USD";3146.16;1;
"ANW15-5714SLV";"15";"SHOP10";"EUR";2352.45;1;
"ANW15-5714SLV";"15";"SHOP10";"UAH";41263.46;1;
"ANW15-9286SLV";"15";"SHOP10";"USD";3337.60;1;
"ANW15-9286SLV";"15";"SHOP10";"EUR";2495.59;1;
"ANW15-9286SLV";"15";"SHOP10";"UAH";43774.29;1;
"M32AD-US050S";"M32AD-US050S";"SHOP10";"USD";969.63;1;872.6670
"M32AD-US050S";"M32AD-US050S";"SHOP10";"EUR";725.01;1;652.5090
"M32AD-US050S";"M32AD-US050S";"SHOP10";"UAH";12717.18;1;11445.4620
"DT-SXHET-008";"TC-215";"SHOP10";"USD";2888.90;1;
"DT-SXHET-008";"TC-215";"SHOP10";"EUR";2160.09;1;
"DT-SXHET-008";"TC-215";"SHOP10";"UAH";37889.37;1;
"N551JK-MH71";"N551JK-MH71";"SHOP10";"USD";2808.81;1;
"N551JK-MH71";"N551JK-MH71";"SHOP10";"EUR";2100.20;1;
"N551JK-MH71";"N551JK-MH71";"SHOP10";"UAH";36838.95;1;
"DT-SXNET-055";"TC-705";"SHOP10";"USD";1452.18;1;1306.9620
"DT-SXNET-055";"TC-705";"SHOP10";"EUR";1085.82;1;977.2380
"DT-SXNET-055";"TC-705";"SHOP10";"UAH";19046.07;1;17141.4630
"X552LDV-SX829H";"X552LDV-SX829H";"SHOP10";"USD";2297.14;1;
"X552LDV-SX829H";"X552LDV-SX829H";"SHOP10";"EUR";1717.62;1;
"X552LDV-SX829H";"X552LDV-SX829H";"SHOP10";"UAH";30128.14;1;
"CAT7140W8P43BR023";"11 Pro";"SHOP10";"USD";2739.47;1;
"CAT7140W8P43BR023";"11 Pro";"SHOP10";"EUR";2048.36;1;
"CAT7140W8P43BR023";"11 Pro";"SHOP10";"UAH";35929.52;1;
"CAT7140W8P44BR024";"11 Pro";"SHOP10";"USD";3349.05;1;
"CAT7140W8P44BR024";"11 Pro";"SHOP10";"EUR";2504.15;1;
"CAT7140W8P44BR024";"11 Pro";"SHOP10";"UAH";43924.47;1;
"CAT7140W8P46BR026";"11 Pro";"SHOP10";"USD";2101.24;1;
"CAT7140W8P46BR026";"11 Pro";"SHOP10";"EUR";1571.14;1;
"CAT7140W8P46BR026";"11 Pro";"SHOP10";"UAH";27558.81;1;
"CAT7140W8P47BR027";"11 Pro";"SHOP10";"USD";3122.06;1;2809.8540
"CAT7140W8P47BR027";"11 Pro";"SHOP10";"EUR";2334.43;1;2100.9870
"CAT7140W8P47BR027";"11 Pro";"SHOP10";"UAH";40947.38;1;36852.6420
"CAT7140W8S41BR021";"11 Pro";"SHOP10";"USD";1338.45;1;
"CAT7140W8S41BR021";"11 Pro";"SHOP10";"EUR";1000.79;1;
"CAT7140W8S41BR021";"11 Pro";"SHOP10";"UAH";17554.44;1;
"CAT7140W8S43BR023";"11 Pro";"SHOP10";"USD";3091.22;1;
"CAT7140W8S43BR023";"11 Pro";"SHOP10";"EUR";2311.37;1;
"CAT7140W8S43BR023";"11 Pro";"SHOP10";"UAH";40542.90;1;
"PSVP3U-003003";"Radius P55W-B5112";"SHOP10";"USD";2357.79;1;2122.0110
"PSVP3U-003003";"Radius P55W-B5112";"SHOP10";"EUR";1762.97;1;1586.6730
"PSVP3U-003003";"Radius P55W-B5112";"SHOP10";"UAH";30923.59;1;27831.2310
"5-9413337E7";"A7600-F";"SHOP10";"USD";1653.35;1;
"5-9413337E7";"A7600-F";"SHOP10";"EUR";1236.24;1;
"5-9413337E7";"A7600-F";"SHOP10";"UAH";21684.51;1;
"59434725";"A7-10F";"SHOP10";"USD";2804.87;1;
"59434725";"A7-10F";"SHOP10";"EUR";2097.26;1;
"59434725";"A7-10F";"SHOP10";"UAH";36787.27;1;
"FNCWY01S";"3120";"SHOP10";"USD";2558.14;1;
"FNCWY01S";"3120";"SHOP10";"EUR";1912.77;1;
"FNCWY01S";"3120";"SHOP10";"UAH";33551.29;1;
"DNCWYUE01S";"3120";"SHOP10";"USD";2838.11;1;
"DNCWYUE01S";"3120";"SHOP10";"EUR";2122.11;1;
"DNCWYUE01S";"3120";"SHOP10";"UAH";37223.23;1;
"FNCWY02S";"3120";"SHOP10";"USD";1970.36;1;
"FNCWY02S";"3120";"SHOP10";"EUR";1473.28;1;
"FNCWY02S";"3120";"SHOP10";"UAH";25842.26;1;
"DNCWYUE02S";"3120";"SHOP10";"USD";1321.96;1;
"DNCWYUE02S";"3120";"SHOP10";"EUR";988.46;1;
"DNCWYUE02S";"3120";"SHOP10";"UAH";17338.17;1;
"FNCWY01S1";"3120";"SHOP10";"USD";1924.11;1;
"FNCWY01S1";"3120";"SHOP10";"EUR";1438.70;1;
"FNCWY01S1";"3120";"SHOP10";"UAH";25235.66;1;
"DNCWY03TS";"3120";"SHOP10";"USD";2749.36;1;
"DNCWY03TS";"3120";"SHOP10";"EUR";2055.75;1;
"DNCWY03TS";"3120";"SHOP10";"UAH";36059.23;1;
"SM001CHB3120";"3120";"SHOP10";"USD";647.33;1;
"SM001CHB3120";"3120";"SHOP10";"EUR";484.02;1;
"SM001CHB3120";"3120";"SHOP10";"UAH";8490.06;1;
"SM002CHB3120";"3120";"SHOP10";"USD";1517.40;1;
"SM002CHB3120";"3120";"SHOP10";"EUR";1134.59;1;
"SM002CHB3120";"3120";"SHOP10";"UAH";19901.46;1;
"CA002CHB3120UK";"3120";"SHOP10";"USD";905.71;1;
"CA002CHB3120UK";"3120";"SHOP10";"EUR";677.22;1;
"CA002CHB3120UK";"3120";"SHOP10";"UAH";11878.84;1;
"CA003CHB3120UK";"3120";"SHOP10";"USD";3268.43;1;
"CA003CHB3120UK";"3120";"SHOP10";"EUR";2443.87;1;
"CA003CHB3120UK";"3120";"SHOP10";"UAH";42867.09;1;
"K9K47EA-UUG";"450 G2";"SHOP10";"USD";744.30;1;
"K9K47EA-UUG";"450 G2";"SHOP10";"EUR";556.53;1;
"K9K47EA-UUG";"450 G2";"SHOP10";"UAH";9761.87;1;
"910-002-741";"M187";"SHOP10";"USD";544.68;1;
"910-002-741";"M187";"SHOP10";"EUR";387.56;1;
"910-002-741";"M187";"SHOP10";"UAH";4344.15;1;
"910-002-742";"M187";"SHOP10";"USD";544.68;1;
"910-002-742";"M187";"SHOP10";"EUR";387.56;1;
"910-002-742";"M187";"SHOP10";"UAH";4344.15;1;
"910-002-743";"M187";"SHOP10";"USD";544.68;1;
"910-002-743";"M187";"SHOP10";"EUR";387.56;1;
"910-002-743";"M187";"SHOP10";"UAH";4344.15;1;
"910-002-744";"M187";"SHOP10";"USD";544.68;1;
"910-002-744";"M187";"SHOP10";"EUR";387.56;1;
"910-002-744";"M187";"SHOP10";"UAH";4344.15;1;