countryCode;isoCode;countyName;countryLocalName
"AM";"374";"Armenia";"Հայաստան"
"AO";"244";"Angola";"Angola"
"AD";"376";"Andorra";"Andorra"
"AE";"971";"United arab emirates";"Al-’Imārat Al-‘Arabiyyah Al-Muttaḥidah / الإمارات العربيّة المتّحدة"
"AF";"093";"Afghanistan";"Afghanestan / افغانستان"
"AG";"268";"Antigua and barbuda";"Antigua and Barbuda"
"AI";"264";"Anguilla";"Anguilla"
"AL";"355";"Albania";"Shqipëria"
"AR";"054";"Argentina";"Argentina"
"AS";"684";"American samoa";"Amerika Sāmoa"
"AT";"043";"Austria";"Österreich"
"AU";"061";"Australia";"Australia"
"AW";"297";"Aruba";"Aruba"
"AX";"000";"Aland islands";"Åland islands"
"AZ";"994";"Azerbaijan";"Azərbaycan"
"BA";"387";"Bosnia and herzegovina";"Bosna i Hercegovina / Босна и Херцеговина"
"BB";"246";"Barbados";"Barbados"
"BD";"880";"Bangladesh";"Bangladesh / বাংলাদেশ"
"BE";"032";"Belgium";"België"
"BF";"226";"Burkina faso";"Burkina faso"
"BG";"359";"Bulgaria";"Bălgarija / България"
"BH";"973";"Bahrain";"Al-Baḥrayn / البحرين"
"BI";"257";"Burundi";"Burundi"
"BJ";"229";"Benin";"Bénin"
"BL";"590";"Saint barthelemy";"Saint-Barthélemy"
"BM";"441";"Bermuda";"Bermuda"
"BN";"673";"Brunei darussalam";"Brunei / بروني"
"BO";"591";"Bolivia, plurinational state of";"Bolivia / Volívia"
"BQ";"000";"Bonaire, sint eustatius and saba";"Bonaire, sint eustatius and saba"
"BR";"055";"Brazil";"Brasil"
"BS";"242";"Bahamas";"Bahamas"
"BT";"975";"Bhutan";"Druk Yul / འབྲུག་ཡུལ"
"BW";"267";"Botswana";"Botswana"
"BY";"375";"Belarus";"Belarus / Беларусь"
"BZ";"501";"Belize";"Belize"
"CA";"001";"Canada";"Canada"
"CC";"061";"Cocos (keeling) islands";"Cocos (keeling) islands"
"CD";"243";"Congo, the democratic republic of the";"République démocratique du Congo"
"CF";"236";"Central african republic";"République Centrafricaine Ködörösêse tî Bêafrîka"
"CG";"242";"Congo";"République du Congo"
"CH";"041";"Switzerland";"Schweiz"
"CI";"225";"Cote d'ivoire";"Cote d'ivoire"
"CK";"682";"Cook islands";"Cook islands"
"CL";"056";"Chile";"Chile"
"CM";"237";"Cameroon";"Cameroun"
"CN";"086";"China";"Zhōngguó (Zhōnghuá Rénmín Gònghéguó) / 中國 (中華人民共和國)"
"CO";"057";"Colombia";"Colombia"
"CR";"506";"Costa rica";"Costa rica"
"CU";"053";"Cuba";"Cuba"
"CV";"238";"Cape verde";"Cabo Verde"
"CW";"000";"Curacao";"Curaçao"
"CX";"061";"Christmas island";"Christmas island"
"CY";"357";"Cyprus";"Kypros / Κύπρος"
"CZ";"420";"Czech republic";"Česká republika"
"DE";"049";"Germany";"Deutschland"
"DJ";"253";"Djibouti";"Djibouti / Jībūtī"
"DK";"045";"Denmark";"Danmark"
"DM";"767";"Dominica";"Dominica"
"DO";"809";"Dominican republic";"República Dominicana"
"DZ";"213";"Algeria";"Al-Jazā'ir / الجزائر"
"EC";"593";"Ecuador";"Ecuador"
"EE";"372";"Estonia";"Eesti"
"EG";"020";"Egypt";"Misr / مصر"
"EH";"000";"Western sahara";"Western sahara"
"ER";"291";"Eritrea";"Iritriya / إرتريا"
"ES";"034";"Spain";"España"
"ET";"251";"Ethiopia";"Ityop'ia / ኢትዮጵያ"
"FI";"358";"Finland";"Suomi / Finland"
"FJ";"679";"Fiji";"Fiji / फ़िजी"
"FK";"500";"Falkland islands (malvinas)";"Falkland Islands / Islas Malvinas"
"FM";"691";"Micronesia, federated states of";"Micronesia, federated states of"
"FO";"298";"Faroe islands";"Føroyar / Færøerne"
"FR";"033";"France";"France"
"GA";"241";"Gabon";"Gabon"
"GB";"044";"United kingdom";"United kingdom"
"GD";"473";"Grenada";"Grenada"
"GE";"995";"Georgia";"Sak'art'velo / საქართველო"
"GF";"000";"French guiana";"French guiana"
"GG";"000";"Guernsey";"Guernsey"
"GH";"233";"Ghana";"Ghana"
"GI";"350";"Gibraltar";"Gibraltar"
"GL";"299";"Greenland";"Kalaallit Nunaat / Grønland"
"GM";"220";"Gambia";"Gambia"
"GN";"224";"Guinea";"Guinée"
"GP";"000";"Guadeloupe";"Guadeloupe"
"GQ";"240";"Equatorial guinea";"Guinea Ecuatorial"
"GR";"030";"Greece";"Hellas / Ελλάς"
"GS";"000";"South georgia and the south sandwich islands";"South georgia and the south sandwich islands"
"GT";"502";"Guatemala";"Guatemala"
"GU";"671";"Guam";"Guåhån"
"GW";"245";"Guinea-bissau";"Guiné-Bissau"
"GY";"592";"Guyana";"Guyana"
"HK";"852";"Hong kong";"Hong Kong / 香港"
"HM";"000";"Heard island and mcdonald islands";"Heard island and mcdonald islands"
"HN";"504";"Honduras";"Honduras"
"HR";"385";"Croatia";"Hrvatska"
"HT";"509";"Haiti";"Haïti / Ayiti"
"HU";"036";"Hungary";"Magyarország"
"ID";"062";"Indonesia";"Indonesia"
"IE";"353";"Ireland";"Ireland / Éire"
"IL";"972";"Israel";"yisrael / ישראל"
"IM";"044";"Isle of man";"Isle of man"
"IN";"091";"India";"India / Bharôt"
"IO";"000";"British indian ocean territory";"British indian ocean territory"
"IQ";"964";"Iraq";"Al-'Iraq / العراق"
"IR";"098";"Iran, islamic republic of";"Īrān / ایران"
"IS";"354";"Iceland";"Ísland"
"IT";"039";"Italy";"Italia"
"JE";"000";"Jersey";"Jersey"
"JM";"876";"Jamaica";"Jamaica"
"JO";"962";"Jordan";"Al-’Urdun / الأردن"
"JP";"081";"Japan";"Nippon / 日本"
"KE";"254";"Kenya";"Kenya"
"KG";"996";"Kyrgyzstan";"Kyrgyzstan / Кыргызстан / Киргизия"
"KH";"855";"Cambodia";"Kampuchea / កម្ពុជា"
"KI";"686";"Kiribati";"Kiribati"
"KM";"269";"Comoros";"Komori / جزر القم"
"KN";"869";"Saint kitts and nevis";"Saint kitts and nevis"
"KP";"850";"North Korea, democratic people's republic of";"Chosŏn / 조선 / 朝鮮"
"KR";"082";"South Korea, republic of";"Hanguk / 한국 / 韓國"
"KW";"965";"Kuwait";"Al-Kuwayt / الكويت"
"KY";"345";"Cayman islands";"Cayman islands"
"KZ";"007";"Kazakhstan";"Qazaqstan / Қазақстан / Казахстан"
"LA";"856";"Lao people's democratic republic";"Lao / ປະເທດລາວ"
"LB";"961";"Lebanon";"Lubnān / لبنان"
"LC";"758";"Saint lucia";"Saint lucia"
"LI";"423";"Liechtenstein";"Liechtenstein"
"LK";"094";"Sri lanka";"Sri Lankā / ශ්‍රී ලංකාව"
"LR";"231";"Liberia";"Liberia"
"LS";"266";"Lesotho";"Lesotho"
"LT";"370";"Lithuania";"Lietuva"
"LU";"352";"Luxembourg";"Luxembourg / Lëtzebuerg"
"LV";"371";"Latvia";"Latvija"
"LY";"218";"Libya";"Lībiyā / ليبيا"
"MA";"212";"Morocco";"Al-maɣréb / المغرب"
"MC";"377";"Monaco";"Monaco"
"MD";"373";"Moldova, republic of";"Moldova"
"ME";"382";"Montenegro";"Crna Gora / Црна Гора"
"MF";"000";"Saint martin (french part)";"Saint martin (french part)"
"MG";"261";"Madagascar";"Madagascar / Madagasikara"
"MH";"692";"Marshall islands";"Marshall islands"
"MK";"389";"Macedonia, the former yugoslav republic of";"Makedonija / Македонија"
"ML";"223";"Mali";"République du Mali / Mali ka Fasojamana"
"MM";"095";"Myanmar";"Union of Myanmar, Republic of / ပြည်ထောင်စု သမ္မတ မြန်မာနိုင်ငံတော်"
"MN";"976";"Mongolia";"Mongol Uls / Монгол Улс"
"MO";"853";"Macao";"Macao"
"MP";"670";"Northern mariana islands";"Northern mariana islands"
"MQ";"000";"Martinique";"Martinique"
"MR";"222";"Mauritania";"Mūrītānyā / موريتانيا"
"MS";"664";"Montserrat";"Montserrat"
"MT";"356";"Malta";"Malta"
"MU";"230";"Mauritius";"Maurice"
"MV";"960";"Maldives";"Dhivehi Raajje"
"MW";"265";"Malawi";"Malawi"
"MX";"052";"Mexico";"México"
"MY";"060";"Malaysia";"Malaysia"
"MZ";"258";"Mozambique";"Moçambique"
"NA";"264";"Namibia";"Namibia"
"NC";"687";"New caledonia";"Nouvelle-Calédonie"
"NE";"227";"Niger";"Niger"
"NF";"672";"Norfolk island";"Norfolk island"
"NG";"234";"Nigeria";"Nigeria"
"NI";"505";"Nicaragua";"Nicaragua"
"NL";"031";"Netherlands";"Nederland"
"NO";"047";"Norway";"Norge"
"NP";"977";"Nepal";"Nepāla / नेपाल"
"NR";"674";"Nauru";"Nauru"
"NU";"683";"Niue";"Niuē"
"NZ";"064";"New zealand";"New Zealand / Aotearoa"
"OM";"968";"Oman";"‘Umān / عُمان"
"PA";"507";"Panama";"Panamá"
"PE";"051";"Peru";"Perú"
"PF";"689";"French polynesia";"Polynésie française"
"PG";"675";"Papua new guinea";"Papua New Guinea"
"PH";"063";"Philippines";"Philippines / Filipinas"
"PK";"092";"Pakistan";"Pākistān / پاکستان"
"PL";"048";"Poland";"Polska"
"PM";"508";"Saint pierre and miquelon";"Saint-Pierre et Miquelon"
"PN";"870";"Pitcairn";"Pitcairn"
"PR";"001";"Puerto rico";"Puerto Rico"
"PS";"000";"Palestine, state of";"Palestine"
"PT";"351";"Portugal";"Portugal"
"PW";"680";"Palau";"Belau"
"PY";"595";"Paraguay";"Paraguay / Paraguái"
"QA";"974";"Qatar";"Qatar / قطر"
"RE";"000";"Reunion";"Réunion"
"RO";"040";"Romania";"România"
"RS";"381";"Serbia";"Srbija / Србија"
"RU";"007";"Russian federation";"Россия"
"RW";"250";"Rwanda";"Rwanda"
"SA";"966";"Saudi arabia";"Al-Mamlaka Al-‘Arabiyyah as Sa‘ūdiyyah / المملكة العربية السعودية"
"SB";"677";"Solomon islands";"Solomon Islands"
"SC";"248";"Seychelles";"Seychelles / Sesel"
"SD";"249";"Sudan";"Sudan"
"SE";"046";"Sweden";"Sverige"
"SG";"065";"Singapore";"Singapore / 新加坡"
"SH";"290";"Saint helena, ascension and tristan da cunha";"Saint Helena, Ascension and Tristan da Cunha"
"SI";"386";"Slovenia";"Slovenija"
"SJ";"000";"Svalbard and jan mayen";"Svalbard"
"SK";"421";"Slovakia";"Slovenská republika"
"SL";"232";"Sierra leone";"Sierra Leone"
"SM";"378";"San marino";"San Marino"
"SN";"221";"Senegal";"Sénégal"
"SO";"252";"Somalia";"Soomaaliya / الصومال"
"SR";"597";"Suriname";"Suriname"
"SS";"000";"South sudan";"South Sudan"
"ST";"239";"Sao tome and principe";"São Tomé e Príncipe"
"SV";"503";"El salvador";"El Salvador"
"SX";"000";"Sint maarten (dutch part)";"Sint Maarten (dutch part)"
"SY";"963";"Syrian arab republic";"Syrian arab republic"
"SZ";"268";"Swaziland";"Swaziland"
"TC";"649";"Turks and caicos islands";"Turks and Caicos Islands"
"TD";"235";"Chad";"Tchad / تشاد"
"TF";"000";"French southern territories";"French southern territories"
"TG";"228";"Togo";"Togo"
"TH";"066";"Thailand";"Mueang Thai, Prathet Thai, Ratcha-anachak Thai / เมืองไทย, ประเทศไทย, ราชอาณาจักรไทย"
"TJ";"992";"Tajikistan";"Tojikistan / Тоҷикистон"
"TK";"690";"Tokelau";"Tokelau"
"TL";"670";"Timor-leste";"Timor-Leste"
"TM";"993";"Turkmenistan";"Türkmenistan"
"TN";"216";"Tunisia";"Tunes / تونس"
"TO";"676";"Tonga";"Tonga"
"TR";"090";"Turkey";"Türkiye"
"TT";"868";"Trinidad and tobago";"Trinidad and Tobago"
"TV";"688";"Tuvalu";"Tuvalu"
"TZ";"255";"Tanzania, united republic of";"Tanzania"
"UA";"380";"Ukraine";"Ukraїna / Україна"
"UG";"256";"Uganda";"Uganda"
"UM";"001";"United states minor outlying islands";"United states minor outlying islands"
"US";"001";"United states";"United states"
"UY";"598";"Uruguay";"Uruguay"
"UZ";"998";"Uzbekistan";"O‘zbekiston / Ўзбекистон"
"VA";"039";"Holy see (vatican city state)";"Città del Vaticano"
"VC";"784";"Saint vincent and the grenadines";"Saint Vincent and the Grenadines"
"VE";"058";"Venezuela";"Venezuela"
"VG";"284";"Virgin islands, british";"Virgin islands, british"
"VI";"340";"Virgin islands, u.s.";"Virgin islands, u.s."
"VN";"084";"Viet nam";"Việt Nam"
"VU";"678";"Vanuatu";"Vanuatu"
"WF";"681";"Wallis and futuna";"Wallis-et-Futuna"
"WS";"685";"Samoa";"Samoa"
"XZ";"000";"Installations in international waters";"Installations in international waters"
"YE";"967";"Yemen";"Al-Yaman / اليمن"
"YT";"262";"Mayotte";"Mayotte"
"ZA";"027";"South africa";"South Africa"
"ZM";"260";"Zambia";"Zambia"
"ZW";"263";"Zimbabwe";"Zimbabwe"