name;EN;RU;UK;description;EN;RU;UK;price;currency;carrier;type;max days;billing address;shipping address;PGs;
"5-12 day USD";"5-12 day USD";"5-12 дней USD";"5-12 днів USD";"5-12 day delivery";"5-12 day delivery";"доставка за 5-12 дней";"доставка за 5-12 днів";1.99;"USD";"Post";"F";12;false;false;"testPaymentGatewayLabel,courierPaymentGatewayLabel"
"5-12 day UAH";"5-12 day UAH";"5-12 дней UAH";"5-12 днів UAH";"5-12 day delivery";"5-12 day delivery";"доставка за 5-12 дней";"доставка за 5-12 днів";9.99;"UAH";"Post";"F";12;false;false;"testPaymentGatewayLabel,courierPaymentGatewayLabel"
"5-12 day EUR";"5-12 day EUR";"5-12 дней EUR";"5-12 днів EUR";"5-12 day delivery";"5-12 day delivery";"доставка за 5-12 дней";"доставка за 5-12 днів";0.99;"EUR";"Post";"F";12;false;false;"testPaymentGatewayLabel,courierPaymentGatewayLabel"
"Next day USD";"Next day USD";"1 день USD";"1 день USD";"Next day delivery";"Next day delivery";"доставка за 1 день";"доставка за 1 день";14.99;"USD";"Courier";"F";1;false;false;"testPaymentGatewayLabel,courierPaymentGatewayLabel"
"Next day UAH";"Next day UAH";"1 день UAH";"1 день UAH";"Next day delivery";"Next day delivery";"доставка за 1 день";"доставка за 1 день";99.99;"UAH";"Courier";"F";1;false;false;"testPaymentGatewayLabel,courierPaymentGatewayLabel"
"Next day EUR";"Next day EUR";"1 день EUR";"1 день EUR";"Next day delivery";"Next day delivery";"доставка за 1 день";"доставка за 1 день";10.99;"EUR";"Courier";"F";1;false;false;"testPaymentGatewayLabel,courierPaymentGatewayLabel"
"1-3 day USD";"1-3 day USD";"1-3 дня USD";"1-3 дні USD";"Next day delivery";"1-3 day delivery";"доставка за 1-3 дня";"доставка за 1-3 дні";7.99;"USD";"Courier";"F";1;false;false;"testPaymentGatewayLabel,courierPaymentGatewayLabel"
"1-3 day UAH";"1-3 day UAH";"1-3 дня UAH";"1-3 дні UAH";"Next day delivery";"1-3 day delivery";"доставка за 1-3 дня";"доставка за 1-3 дні";49.99;"UAH";"Courier";"F";1;false;false;"testPaymentGatewayLabel,courierPaymentGatewayLabel"
"1-3 day EUR";"1-3 day EUR";"1-3 дня EUR";"1-3 дні EUR";"Next day delivery";"1-3 day delivery";"доставка за 1-3 дня";"доставка за 1-3 дні";4.99;"EUR";"Courier";"F";1;false;false;"testPaymentGatewayLabel,courierPaymentGatewayLabel"
