countryCode;isoCode;countyName;stateName
AU;036;Australia;Australia
AT;040;Austria;Austria
BE;056;België;België
BG;100;България;България
CA;124;Canada;Canada
CN;156;中国 (中华人民共和国);中国 (中华人民共和国)
HR;191;Hrvatska;Hrvatska
CY;196;Κύπρος;Κύπρος
CZ;203;Česká republika;Česká republika
DK;208;Danmark;Danmark
EE;233;Eesti;Eesti
FI;246;Suomi;Suomi
FR;250;France;France
DE;276;Deutschland;Deutschland
GR;300;Ελλάς;Ελλάς
HK;344;Hong Kong;Hong Kong
HU;348;Magyarország;Magyarország
IE;372;Éire;Éire
IM;833;Isle of Man;Isle of Man
IT;380;Italia;Italia
JP;392;日本;日本
LV;428;Latvija;Latvija
LT;440;Lietuva;Lietuva
LU;442;Lëtzebuerg;Lëtzebuerg
NL;528;Nederland;Nederland
NZ;554;New Zealand;New Zealand
NO;578;Norge;Norge
PL;616;Polska;Polska
PT;620;Portugal;Portugal
RO;642;România;România
RU;643;Россия;Россия
SE;752;Sverige;Sverige
CH;756;Schweiz;Schweiz
TR;792;Türkiye;Türkiye
UA;804;Україна;Україна
GB;826;United Kingdom;United Kingdom
US;840;United States;United States