countryCode;isoCode;countyName;stateName
AU;AUS;Australia;Australia
AT;AUT;Austria;Austria
BE;BEL;België;België
BG;BGR;България;България
CA;CAN;Canada;Canada
CN;CHN;中国 (中华人民共和国);中国 (中华人民共和国)
HR;HRV;Hrvatska;Hrvatska
CY;CYP;Κύπρος;Κύπρος
CZ;CZE;Česká republika;Česká republika
DK;DNK;Danmark;Danmark
EE;EST;Eesti;Eesti
FI;FIN;Suomi;Suomi
FR;FRA;France;France
DE;DEU;Deutschland;Deutschland
GR;GRC;Ελλάς;Ελλάς
HK;HKG;Hong Kong;Hong Kong
HU;HUN;Magyarország;Magyarország
IE;IRL;Éire;Éire
IM;IMN;Isle of Man;Isle of Man
IT;ITA;Italia;Italia
JP;JPN;日本;日本
LV;LVA;Latvija;Latvija
LT;LTU;Lietuva;Lietuva
LU;LUX;Lëtzebuerg;Lëtzebuerg
NL;NLD;Nederland;Nederland
NZ;NZL;New Zealand;New Zealand
NO;NOR;Norge;Norge
PL;POL;Polska;Polska
PT;PRT;Portugal;Portugal
RO;ROU;România;România
RU;RUS;Россия;Россия
SE;SWE;Sverige;Sverige
CH;CHE;Schweiz;Schweiz
TR;TUR;Türkiye;Türkiye
UA;UKR;Україна;Україна
GB;GBR;United Kingdom;United Kingdom
US;USA;United States;United States