sku code;model;shop code;currency;list price;tier;sale price
"POSTSTDDEL";"5-12 day delivery";"SHOP10";"USD";1.99;1;
"POSTSTDDEL";"5-12 day delivery";"SHOP10";"UAH";9.99;1;
"POSTSTDDEL";"5-12 day delivery";"SHOP10";"EUR";0.99;1;
"COURIERNDDEL";"Next day delivery";"SHOP10";"USD";14.99;1;
"COURIERNDDEL";"Next day delivery";"SHOP10";"UAH";99.99;1;
"COURIERNDDEL";"Next day delivery";"SHOP10";"EUR";10.99;1;
"COURIERSTDDEL";"1-3 day delivery";"SHOP10";"USD";7.99;1;
"COURIERSTDDEL";"1-3 day delivery";"SHOP10";"UAH";49.99;1;
"COURIERSTDDEL";"1-3 day delivery";"SHOP10";"EUR";4.99;1;