product guid;model;category guid;category name
"17208134";"6570b";"151";"Laptops"
"17359399";"900 G1";"897";"Tablets"
"17371603";"Integrity BL870c i4 c3000 Server Blade";"156";"Servers"
"17371623";"Integrity rx2800 i4 Rack Optimized Server";"156";"Servers"
"17371624";"Integrity BL870c i4 c7000 Server Blade";"156";"Servers"
"17405011";"ProLiant SL454x 2x Node Chassis";"156";"Servers"
"17500245";"SVS1313R9E";"151";"Laptops"
"17632750";"900 G1";"897";"Tablets"
"17636856";"6570b";"151";"Laptops"
"17637045";"ProBook 6475b Notebook PC";"151";"Laptops"
"17637047";"ProBook 6570b Notebook PC";"151";"Laptops"
"17637048";"6570b";"151";"Laptops"
"17637068";"ProBook 6470b Notebook PC";"151";"Laptops"
"17638363";"Tab B1 16GB WiFi";"897";"Tablets"
"17660686";"USB Standard Keyboard";"194";"Keyboards & Desktops"
"17698795";"6470b";"151";"Laptops"
"17698797";"6570b";"151";"Laptops"
"17737118";"6570b";"151";"Laptops"
"17756246";"ML310e Gen8";"156";"Servers"
"17756296";"ProLiant ML310e Gen8 G2020 2GB-U Non-hot Plug LFF 350W PS Server";"156";"Servers"
"17967907";"3690 X5";"156";"Servers"
"18020389";"ProBook 6470b Notebook PC";"151";"Laptops"
"18022441";"ProLiant SL4545 G7 Tray 3x Node Server";"156";"Servers"
"18022713";"8470w";"151";"Laptops"
"18023286";"USB Keyboard";"194";"Keyboards & Desktops"
"18023674";"6470b";"151";"Laptops"
"18032228";"7 2800 Tablet";"897";"Tablets"
"18152366";"Z";"897";"Tablets"
"18188206";"7 2801 Tablet";"897";"Tablets"
"18238795";"Z 32GB Wi-Fi";"897";"Tablets"
"18248409";"Vertica DL380p Gen8 V16 Server";"156";"Servers"
"18262089";"ProLiant SL454x 3x Node Chassis";"156";"Servers"
"18262091";"ProLiant SL4540 Gen8 Tray 3x Node Server";"156";"Servers"
"18269621";"Z";"897";"Tablets"
"18271679";"900 G1";"897";"Tablets"
"18295047";"A1-810";"897";"Tablets"
"18302609";"3250 M4";"156";"Servers"
"18328005";"W3-810 64GB";"897";"Tablets"
"18341036";"900";"897";"Tablets"
"18363951";"900 G1";"897";"Tablets"
"18369235";"A1-810 16GB Wi-Fi";"897";"Tablets"
"18401822";"10-h000sa";"897";"Tablets"
"18403721";"TouchSmart 15-j003ed";"151";"Laptops"
"18410913";"ElitePad 900 G1 Tablet";"897";"Tablets"
"18476695";"11-e000ed";"151";"Laptops"
"18480862";"3 10.1";"897";"Tablets"
"18484376";"17-e004ed";"151";"Laptops"
"18485714";"MicroServer Gen8";"156";"Servers"
"18485717";"ML310e Gen8 v2";"156";"Servers"
"18501874";"PS/2 Standard Keyboard";"194";"Keyboards & Desktops"
"18627518";"900 G1";"897";"Tablets"
"18627698";"ProLiant ML310e Gen8 v2 E3-1220v3 1P 4GB-U B120i 350W PS Svr";"156";"Servers"
"18637930";"ProLiant MicroSvr Gen8 G1610T 1P 4GB-U B120i NHP SATA 1TB LFF 150W PS Svr/GO";"156";"Servers"
"18637990";"ProLiant DL320e Gen8 v2 E3-1230v3 1P 4GB-U NHP 2 LFF 300W PS Server/GO";"156";"Servers"
"18638297";"ML310e Gen8";"156";"Servers"
"18648823";"3 10.1";"897";"Tablets"
"18671575";"B1-710 16GB WiFi";"897";"Tablets"
"19133177";"900";"897";"Tablets"
"19206240";"USB BFR with PVC Free ES Keyboard/Mouse Kit";"194";"Keyboards & Desktops"
"19268828";"B1-710 16GB WiFi";"897";"Tablets"
"19281792";"ME302C-A1-BL";"897";"Tablets"
"19281793";"ME302C-A1-WH";"897";"Tablets"
"19299893";"32GB Wi-Fi";"897";"Tablets"
"19334118";"M560";"195";"Mice"
"19365318";"15-n002ed";"151";"Laptops"
"19394240";"3 10.1";"897";"Tablets"
"19419495";"3 10.1";"897";"Tablets"
"19567088";"ProLiant ML10 G2130 1P 2GB-U B110i 300W PS Entry Server";"156";"Servers"
"19598822";"840 G1";"151";"Laptops"
"19598823";"840";"151";"Laptops"
"19599726";"ProLiant DL385p Gen8 6376 1P 8GB-R 460W PS Server/TV";"156";"Servers"
"19601549";"230 MT";"153";"PCs/Workstations"
"19604432";"3 10.1";"897";"Tablets"
"19615984";"M560";"195";"Mice"
"19615989";"840 G1";"151";"Laptops"
"19622728";"3 10.1";"897";"Tablets"
"19656880";"Integrity BL860c i4 Server Blade";"156";"Servers"
"19664773";"DL360p Gen8";"156";"Servers"
"19666909";"DL380p Gen8";"156";"Servers"
"19666910";"DL380p Gen8";"156";"Servers"
"19666964";"ProLiant BL460c Gen8 E5-2670v2 2P 64GB-R P220i/512 FBWC Server";"156";"Servers"
"19666967";"BL460c Gen8";"156";"Servers"
"19666968";"BL460c Gen8";"156";"Servers"
"19666969";"BL460c Gen8";"156";"Servers"
"19666971";"DL360p Gen8";"156";"Servers"
"19666976";"ML350p Gen8";"156";"Servers"
"19666978";"ProLiant ML350p Gen8 E5-2650v2 2P 16GB-R P420i/2GB FBWC 8 SFF 750W RPS Server";"156";"Servers"
"19667389";"ProLiant ML350p Gen8 E5-2620v2 1P 8GB-R P420i/512 FBWC 8 SFF 460W PS Server";"156";"Servers"
"19669141";"ML350p Gen8";"156";"Servers"
"19669143";"ML350p Gen8";"156";"Servers"
"19671065";"ProLiant ML350p Gen8 E5-2620v2 2.1GHz 6-core 1P 8GB-R P420i/512 2x300GB SFF 460W PS Svr/GO";"156";"Servers"
"19681556";"15-n014ed";"151";"Laptops"
"19681561";"15-n008ed";"151";"Laptops"
"19681618";"15-n077ed";"151";"Laptops"
"19681619";"15-n076ed";"151";"Laptops"
"19681693";"17-e075ed";"151";"Laptops"
"19681772";"15-n050ed";"151";"Laptops"
"19681780";"15-n076ed";"151";"Laptops"
"19681782";"17-e075ed";"151";"Laptops"
"19692973";"SVT1312V1R";"151";"Laptops"
"19693199";"SVS1513V9R";"151";"Laptops"
"19693443";"SVS1513M1R";"151";"Laptops"
"19760016";"17-j120ed Leap Motion TS SE";"151";"Laptops"
"19765540";"840 G1";"151";"Laptops"
"19765545";"840 G1";"151";"Laptops"
"19766148";"12 (9q33)";"151";"Laptops"
"19766149";"12 (9q33)";"151";"Laptops"
"19787741";"840 G1";"151";"Laptops"
"19790145";"USB SmartCard CCID Keyboard";"194";"Keyboards & Desktops"
"19811288";"840 G1";"151";"Laptops"
"19811289";"840 G1";"151";"Laptops"
"19811290";"840 G1";"151";"Laptops"
"19811291";"840 G1";"151";"Laptops"
"19811292";"840 G1";"151";"Laptops"
"19811293";"840 G1";"151";"Laptops"
"19847134";"840 G1";"151";"Laptops"
"19847135";"840 G1";"151";"Laptops"
"19867365";"6305 SFF";"153";"PCs/Workstations"
"19886448";"840 G1";"151";"Laptops"
"19886449";"840 G1";"151";"Laptops"
"19887468";"840 G1";"151";"Laptops"
"19887472";"840 G1";"151";"Laptops"
"19887473";"840 G1";"151";"Laptops"
"19908846";"BL460c Gen8";"156";"Servers"
"19989257";"840 G1";"151";"Laptops"
"20085599";"A3-A10 16 GB WiFi";"897";"Tablets"
"20089804";"900 G1";"897";"Tablets"
"20089805";"ElitePad 900 G1 Tablet";"897";"Tablets"
"20115973";"13-p100ed x2";"151";"Laptops"
"20332517";"230 MT";"153";"PCs/Workstations"
"20355336";"840 G1";"151";"Laptops"
"20411212";"NS-MKIT100";"897";"Tablets"
"20416638";"840 G1";"151";"Laptops"
"20419875";"10-e001ed";"151";"Laptops"
"20422556";"900 G1";"897";"Tablets"
"20561135";"DL380p Gen8";"156";"Servers"
"20561196";"645 G1";"151";"Laptops"
"20561198";"640 G1";"151";"Laptops"
"20561200";"640 G1";"151";"Laptops"
"20561206";"650";"151";"Laptops"
"20561207";"650 G1";"151";"Laptops"
"20631245";"ML350p Gen8";"156";"Servers"
"20631247";"ProLiant DL360p Gen8 E5-2620v2 1P 8GB-R P420i/1GB FBWC 460W PS Server/TV";"156";"Servers"
"20635472";"ProLiant ML310e Gen8 v2 i3-4130 1P 2GB-U NHP 4 LFF 350W PS Entry Svr";"156";"Servers"
"20635489";"7 Plus 4200eg";"897";"Tablets"
"20635641";"840 G1";"151";"Laptops"
"20694736";"650 G1";"151";"Laptops"
"20694737";"650 G1";"151";"Laptops"
"20722571";"R930-1MM";"151";"Laptops"
"20765244";"650";"151";"Laptops"
"20771015";"10 HD 3500eg";"897";"Tablets"
"20817392";"405 G1 MT";"153";"PCs/Workstations"
"20828449";"405 G1 MT";"153";"PCs/Workstations"
"20852690";"650 G1";"151";"Laptops"
"20873054";"840 G1";"151";"Laptops"
"20873286";"840 G1";"151";"Laptops"
"20878140";"840 G1";"151";"Laptops"
"20878479";"W510";"897";"Tablets"
"20878574";"650 G1";"151";"Laptops"
"20878575";"640 G1";"151";"Laptops"
"20878576";"840 G1";"151";"Laptops"
"20878577";"840 G1";"151";"Laptops"
"20878578";"840 G1";"151";"Laptops"
"20878907";"840 G1";"151";"Laptops"
"20878914";"840 G1";"151";"Laptops"
"20878915";"840 G1";"151";"Laptops"
"20878916";"840 G1";"151";"Laptops"
"20878924";"840 G1";"151";"Laptops"
"20882213";"W4-820";"897";"Tablets"
"20886099";"11-e100ed";"151";"Laptops"
"20886161";"15-n200ed";"151";"Laptops"
"20886163";"15-n210ed";"151";"Laptops"
"20886189";"15-n210ed";"151";"Laptops"
"20886190";"15-n213ed";"151";"Laptops"
"20886195";"15-n212ed";"151";"Laptops"
"20886301";"17-j100ed";"151";"Laptops"
"20886326";"17-j100ed";"151";"Laptops"
"20946907";"840 G1";"151";"Laptops"
"20996293";"900 G1";"897";"Tablets"
"20996307";"ElitePad 900 G1 Tablet";"897";"Tablets"
"21001727";"15-n215ed";"151";"Laptops"
"21048674";"NP940X3G";"151";"Laptops"
"21060273";"ProLiant DL380e Gen8 E5-2407v2 1P 8GB-R SATA 1TB 460W PS Server/TV";"156";"Servers"
"21124919";"Isotto Wired Mini Mouse";"195";"Mice"
"21129489";"3 7.0 Lite";"897";"Tablets"
"21129855";"DL360e Gen8";"156";"Servers"
"21129856";"DL360e Gen8";"156";"Servers"
"21129858";"DL380e Gen8";"156";"Servers"
"21129860";"DL380e Gen8";"156";"Servers"
"21132461";"ProLiant ML350e Gen8 v2 E5-2407 1P 4GB-U B120i 460W PS Base Server";"156";"Servers"
"21138588";"K95VB-YZ075H";"151";"Laptops"
"21378161";"B1-720";"897";"Tablets"
"21421153";"A3-A11";"897";"Tablets"
"21421892";"W510";"897";"Tablets"
"21486830";"6305 SFF";"153";"PCs/Workstations"
"21517878";"3 10.1";"897";"Tablets"
"21542678";"Pro 10.1";"897";"Tablets"
"21562051";"17-j106sg";"151";"Laptops"
"21565401";"Pro 10.1";"897";"Tablets"
"21565402";"Pro 10.1";"897";"Tablets"
"21578279";"X1 Carbon";"151";"Laptops"
"21578622";"X1 Carbon";"151";"Laptops"
"21579504";"X1 Carbon";"151";"Laptops"
"21601586";"900 G1";"897";"Tablets"
"21608037";"900 G1";"897";"Tablets"
"21608040";"ElitePad 900 G1 Tablet";"897";"Tablets"
"21764752";"A1-830";"897";"Tablets"
"21809611";"DL580";"156";"Servers"
"21811723";"Z2";"897";"Tablets"
"21844731";"1000 G2";"897";"Tablets"
"21926589";"ProLiant DL560 Gen8 E5-4610v2 2P 32GB-R Hot Plug SFF 1200W RPS Server";"156";"Servers"
"21926592";"ProDesk 400 G1 Small Form Factor PC";"153";"PCs/Workstations"
"21971720";"1000 G2";"897";"Tablets"
"22124170";"7 6101en VoiceTab";"897";"Tablets"
"22124931";"Q704";"897";"Tablets"
"22124966";"Q584";"897";"Tablets"
"22150378";"6 6001en VoiceTab";"897";"Tablets"
"22303440";"G1K29AA";"194";"Keyboards & Desktops"
"22552995";"RD640";"156";"Servers"
"22585143";"230 MT";"153";"PCs/Workstations"
"22587355";"6305 SFF";"153";"PCs/Workstations"
"22587801";"6305 SFF";"153";"PCs/Workstations"
"22615443";"Chromebox";"153";"PCs/Workstations"
"22615446";"Chromebox";"153";"PCs/Workstations"
"22622340";"1000 G2";"897";"Tablets"
"22631609";"Z2 FIFA";"897";"Tablets"
"22633372";"1000 G2";"897";"Tablets"
"22633374";"1000 G2";"897";"Tablets"
"22648989";"1000 G2";"897";"Tablets"
"22759382";"P720 E85+";"153";"PCs/Workstations"
"22806892";"1000 G2";"897";"Tablets"
"22806894";"1000 G2";"897";"Tablets"
"22820780";"405 G1 MT";"153";"PCs/Workstations"
"22839177";"TABLET-S100SILVER";"897";"Tablets"
"22839178";"TABLET-UN100BLACK";"897";"Tablets"
"23060898";"ProLiant ML310e Gen8 v2 i3-4150 1P 2GB-U B120i Non-hot Plug 350W PS Entry Server";"156";"Servers"
"23060936";"ProLiant DL320e Gen8 v2 E3-1241v3 1P 8GB-U P222 Hot Plug 4 SFF Perf Svr";"156";"Servers"
"23060946";"ProLiant DL320e Gen8 v2 G3240 1P 2GB-U Non-hot Plug 2 LFF Entry Server";"156";"Servers"
"23060957";"ProLiant ML310e Gen8 v2 i3-4150 1P 4GB-U B120i Non-hot Plug 350W PS Server/TV";"156";"Servers"
"23060998";"ProLiant ML310e Gen8 v2 E3-1241v3 1P 8GB-U B120i 460W PS Performance Server";"156";"Servers"
"23061008";"ProLiant ML310e Gen8 v2 E3-1241v3 1P 8GB-U B120i 460W PS Performance Server";"156";"Servers"
"23061027";"ProLiant ML310e Gen8 v2 i3-4150 1P 2GB-U B120i Non-hot Plug 350W PS Entry Server";"156";"Servers"
"23061031";"ProLiant ML310e Gen8 v2 E3-1241v3 1P 8GB-U B120i 460W PS Performance Server";"156";"Servers"
"23061057";"ProLiant ML310e Gen8 v2 i3-4150 1P 2GB-U B120i Non-hot Plug 350W PS Entry Server";"156";"Servers"
"23061089";"ProLiant ML310e Gen8 v2 i3-4150 1P 2GB-U B120i Non-hot Plug 350W PS Entry Server";"156";"Servers"
"23061113";"ProLiant ML310e Gen8 v2 i3-4150 1P 2GB-U B120i Non-hot Plug 350W PS Entry Server";"156";"Servers"
"23063677";"515";"153";"PCs/Workstations"
"23071885";"M11BB-NR040S";"153";"PCs/Workstations"
"23093097";"USB Keyboard for PC";"194";"Keyboards & Desktops"
"23093592";"RD640";"156";"Servers"
"23143006";"Evo Advanced Laser Mouse";"195";"Mice"
"23153915";"Galaxy Tab 4 10.1\" 3G";"897";"Tablets"
"23154708";"WT8-B-102";"897";"Tablets"
"23155962";"W530";"153";"PCs/Workstations"
"23169851";"230 MT";"153";"PCs/Workstations"
"23174992";"405 G1 MT";"153";"PCs/Workstations"
"23188053";"WT10-A";"897";"Tablets"
"23190648";"P520 E85+";"153";"PCs/Workstations"
"23190654";"P920 E85+";"153";"PCs/Workstations"
"23190656";"Q520";"153";"PCs/Workstations"
"23190661";"W530";"153";"PCs/Workstations"
"23304546";"RD640";"156";"Servers"
"23320908";"3020 MT";"153";"PCs/Workstations"
"23320909";"3020 MT";"153";"PCs/Workstations"
"23332342";"3020 MT";"153";"PCs/Workstations"
"23332347";"3020 MT";"153";"PCs/Workstations"
"24219944";"EMC px4-400r 8TB";"932";"Storage Servers"
"24219948";"EMC px4-400r 4TB";"932";"Storage Servers"
"24219949";"EMC px4-400r 8TB";"932";"Storage Servers"
"24219950";"EMC px4-400r 12TB";"932";"Storage Servers"
"24219954";"EMC px4-400r 12TB";"932";"Storage Servers"
"24224424";"800 G1 SFF";"153";"PCs/Workstations"
"24233037";"Chromebox";"153";"PCs/Workstations"
"24233103";"Chromebox";"153";"PCs/Workstations"
"24240060";"EliteDesk 705 G1 Base Model Small Form Factor PC";"153";"PCs/Workstations"
"24240074";"EliteDesk 705 G1 Base Model Microtower PC";"153";"PCs/Workstations"
"24325631";"ElitePad 1000 G2 Tablet";"897";"Tablets"
"24337736";"ElitePad 1000 G2 Tablet";"897";"Tablets"
"24337751";"ElitePad 1000 G2 Tablet";"897";"Tablets"
"24368584";"H535";"153";"PCs/Workstations"
"24368607";"400 G1 SFF";"153";"PCs/Workstations"
"24368611";"A70CV.AT4501";"153";"PCs/Workstations"
"24368612";"6305 SFF";"153";"PCs/Workstations"
"24368613";"A70CV.AH450P";"153";"PCs/Workstations"
"24368615";"A70CH.AH4511";"153";"PCs/Workstations"
"24368616";"A75CV.AH4301";"153";"PCs/Workstations"
"24368622";"XE3000TC";"897";"Tablets"
"24368632";"XE300TZC";"897";"Tablets"
"24368639";"XE5100TC";"897";"Tablets"
"24368659";"Tab 7";"897";"Tablets"
"24368668";"Tab 7";"897";"Tablets"
"24368695";"A1-830-1838";"897";"Tablets"
"24368791";"600 G1";"153";"PCs/Workstations"
"24368798";"3020 MT";"153";"PCs/Workstations"
"24368800";"3020 MT";"153";"PCs/Workstations"
"24368801";"3020 MT";"153";"PCs/Workstations"
"23143336";"M187";"195";"Mice"