name;code;description;guid
Technical Details;269;Technical Details;1041474470
Processor;35;Processor;1427926745
Disk Drive;107;Disk Drive;1928955840
Memory;106;Memory;-1756424166
Optical Drive;32;Optical Drive;-1280974327
Display;33;Display;2107908297
Audio;110;Audio;-1175651939
Ports & interfaces;36;Ports & interfaces;-1875762821
Weight & Dimensions;108;Weight & Dimensions;-1427995050
Energy Management;109;Energy Management;686424130
Operational Conditions;1403;Operational Conditions;1555306751
Keyboard;762;Keyboard;1139305664
Networking;1711;Networking;415632781
Video;2684;Video;-1156615614
Storage;4124;Storage;-1448129918
Packaging Data;6416;Packaging Data;-17602464
Security;2686;Security;1584689177
Certificates;2687;Certificates;396416533
Operating System/Software;2933;Operating System/Software;-284945169
Camera;3024;Camera;-2046419394
Packaging Content;7811;Packaging Content;-900564989
Expansion Slots;7945;Expansion Slots;-71070597
Battery;7946;Battery;104904212
Other features;6417;Other features;2056153446
Graphics;8602;Graphics;736273252
Technical Details;8636;Technical Details;1041474470
Technical Details;1586;Technical Details;2095376781
Disk Drive;3377;Disk Drive;-89126983
System Requirements;1632;System Requirements;1482899631
Audio;1588;Audio;1564647940
Ports & interfaces;1631;Ports & interfaces;730437748
Weight & Dimensions;1587;Weight & Dimensions;2054811261
Energy Management;1589;Energy Management;1740326441
Operational Conditions;2566;Operational Conditions;18180984
Networking;4564;Networking;-1602450042
Color;2406;Color;1566324113
Video;1633;Video;1583684265
Storage;5064;Storage;-834898647
Packaging Data;2582;Packaging Data;-955825191
TV Tuner;2583;TV Tuner;-1513356498
Teletext;2626;Teletext;1105774313
Certificates;2581;Certificates;-1950925874
Illumination/Alarms;6581;Illumination/Alarms;-148964784
Operating System/Software;3545;Operating System/Software;142640086
Radio;3546;Radio;1579751977
Packaging Content;5933;Packaging Content;153337322
Antenna;5934;Antenna;202372401
File formats;6580;File formats;-125589814
Other features;6579;Other features;1117930719
Technical Details;1428;Technical Details;-1540489727
Display;1656;Display;-872439580
System Requirements;3055;System Requirements;-776402909
Ports & interfaces;3257;Ports & interfaces;-312274304
Weight & Dimensions;1427;Weight & Dimensions;-204491279
Energy Management;4021;Energy Management;-1895540067
Operational Conditions;1655;Operational Conditions;-431292540
Color;3054;Color;1978226693
Sound Emission;4022;Sound Emission;1589174070
Packaging Data;2712;Packaging Data;1869063141
Certificates;3056;Certificates;612904666
Management Features;4912;Management Features;697544892
Ergonomics;3074;Ergonomics;-1540611200
Packaging Content;4911;Packaging Content;812438110
Material;4060;Material;-1261838011
Other features;8633;Other features;-352148245
Mounting;8634;Mounting;-1684687545
Technical Details;693;Technical Details;355646660
Disk Drive;5266;Disk Drive;-1258597278
License;2277;License;-1962421530
System Requirements;2278;System Requirements;344531494
Ports & interfaces;5267;Ports & interfaces;-1661588451
Weight & Dimensions;4290;Weight & Dimensions;916443124
Energy Management;5265;Energy Management;596320
Operational Conditions;4291;Operational Conditions;-45219167
Networking;5264;Networking;1523046959
Packaging Data;7787;Packaging Data;-1676012542
Operating System/Software;7999;Operating System/Software;1174351885
Language;3386;Language;1101338963
Inner Carton;7788;Inner Carton;-1200117084
Outer Carton;7789;Outer Carton;-1298459425
Technical Details;686;Technical Details;868223644
License;2644;License;-1066660162
System Requirements;2643;System Requirements;-990225922
Weight & Dimensions;6848;Weight & Dimensions;-418314292
Packaging Data;4302;Packaging Data;-645180118
Operating System/Software;4303;Operating System/Software;917317093
Technical Details;313;Technical Details;-342441759
System Requirements;915;System Requirements;-503540989
Ports & interfaces;863;Ports & interfaces;-1827492960
Weight & Dimensions;864;Weight & Dimensions;68370641
Energy Management;914;Energy Management;-697492099
Operational Conditions;4050;Operational Conditions;-1974925148
Input Device;1376;Input Device;508154314
Packaging Data;3929;Packaging Data;1309723909
Certificates;3932;Certificates;1202266106
Operating System/Software;3933;Operating System/Software;1440728874
Outer Carton;3928;Outer Carton;434254498
Packaging Content;3931;Packaging Content;2010486078
Other features;6611;Other features;-911487477
Receiver;6614;Receiver;759752493
Technical Details;312;Technical Details;1405974746
System Requirements;868;System Requirements;392507580
Ports & interfaces;1375;Ports & interfaces;833811143
Weight & Dimensions;932;Weight & Dimensions;964419210
Energy Management;933;Energy Management;1050924406
Operational Conditions;931;Operational Conditions;-1013750709
Keyboard;2550;Keyboard;221523212
Input Device;1374;Input Device;-1344519631
Packaging Data;3917;Packaging Data;-993476692
Certificates;3921;Certificates;-650407839
Illumination/Alarms;6724;Illumination/Alarms;-1239356835
Operating System/Software;6758;Operating System/Software;1241478691
Inner Carton;5218;Inner Carton;-1320077106
Outer Carton;3916;Outer Carton;-1418419447
Packaging Content;3920;Packaging Content;-536064713
Other features;6624;Other features;1080279218
Receiver;6625;Receiver;-1090936044
Mouse;6723;Mouse;-635658848
Technical Details;315;Technical Details;-197026166
Processor;5875;Processor;1112903101
Memory;2788;Memory;1636893622
Display;2422;Display;-73422675
System Requirements;92;System Requirements;1801890412
Ports & interfaces;91;Ports & interfaces;-1614576873
Weight & Dimensions;90;Weight & Dimensions;-1921165254
Input Capacity;6122;Input Capacity;1118955045
Media Formats;3528;Media Formats;-1238615381
Scanning;94;Scanning;844056102
Copying;2789;Copying;-791656392
Fax;2715;Fax;-50411384
Energy Management;93;Energy Management;-552076506
Operational Conditions;1239;Operational Conditions;-1690088293
Endurance;2790;Endurance;492942130
Networking;2423;Networking;-760165591
Color;2791;Color;-1203061234
Sound Emission;6123;Sound Emission;320811853
Paper Handling;2424;Paper Handling;543658702
Packaging Data;2787;Packaging Data;600700924
Security;2786;Security;-1612061515
Certificates;2766;Certificates;30579889
Operating System/Software;3579;Operating System/Software;160099283
Outer Carton;6126;Outer Carton;-737431719
Technical Details;1451;Technical Details;1098498797
Display;1681;Display;-454796080
System Requirements;1450;System Requirements;1260864015
Weight & Dimensions;1449;Weight & Dimensions;1832775645
Color;5582;Color;-1033625871
Packaging Data;4208;Packaging Data;-1923094919
Material;4207;Material;-1199791399
Technical Details;314;Technical Details;-129222056
Display;6538;Display;452333051
System Requirements;2290;System Requirements;-1757836614
Ports & interfaces;2289;Ports & interfaces;487350537
Weight & Dimensions;1743;Weight & Dimensions;-1185924984
Energy Management;1744;Energy Management;-484272396
Operational Conditions;2021;Operational Conditions;1814552973
Color;1745;Color;1425415900
Storage;6448;Storage;1191262132
Packaging Data;6540;Packaging Data;-1257791762
Certificates;6539;Certificates;-422750173
Operating System/Software;6550;Operating System/Software;568056225
Packaging Content;6449;Packaging Content;-2071261515
Receiver;6570;Receiver;43621334
Technical Details;309;Technical Details;501879966
Technical Details;310;Technical Details;-2046105718
Display;7079;Display;1371550125
System Requirements;1214;System Requirements;-1342065812
Ports & interfaces;1379;Ports & interfaces;1193499159
Weight & Dimensions;871;Weight & Dimensions;-770154182
Energy Management;2158;Energy Management;1893811238
Packaging Data;5666;Packaging Data;716263164
Certificates;7054;Certificates;1201648561
Operating System/Software;6712;Operating System/Software;1174090963
Packaging Content;3991;Packaging Content;306822119
Tablet;3989;Tablet;-59778021
Pen;3990;Pen;-2100562044
Other features;6713;Other features;-1504948222
Receiver;7077;Receiver;-1525420444
Mouse;7074;Mouse;-7957424
Touch input;7075;Touch input;-726578412
