producttype;viewgroupname;arributes;guid
Laptops;Technical Details;BD interface type,Housing material,Number of speakers,Cover material,Parity bit,Access time,NVIDIA Optimus technology,Connector material,Start-up time,TV tuner type,Playback disc types,Supported data transfer rates,Color of product,Number of pins,Average latency,Hot-swap,Bandwidth,Connector(s),Media types supported,Storage options,Number of drive bays,Memory type,CAS latency,Wireless display connectivity,Seek time,Recording,Supported hard disk drive interfaces,Cable type,PCI Bus,Chipset,Operating system note,TV tuner integrated,Form factor,Hard disk number of heads,Maximum RAM supported,Market positioning,Floppy drive installed,BIOS type,Data transfer rate,Stereo sound,;1041474470;
Laptops;Processor;Processor front side bus,Motherboard manufacturer,Number of processors supported,System bus,Cache internal,Chipset,L3 cache,Co-processor,Turbo frequency (max),Processor upgrade,Motherboard microprocessor,Processor manufacturer,Motherboard architecture,Processor,Processor core voltage (AC),Processor clock speed,Cache external,Processor socket,L2 cache,Processor number of cores,Maximum number of SMP processors,Processor technology,Motherboard southbridge,Processor core voltage (Battery mode),Processors compatible,Processor family,;1427926745;
Laptops;Disk Drive;Diskette drive manufacturer,Disk subsystem controller,Hard disk drive partition,Hard disk drive protection,Hard disk interleave,Hard disk height,Hard disk number of plates,Diskette drive,Hard disk data buffer (PIO 4 mode),Diskette drive dimensions (W x D x H),Hard disk controller,Hard disk data buffer (Ultra ATA mode 2),Hard disk data buffer (PIO 4 mode),Diskette drive media supported,Diskette drive,Hard disk manufacturer,Hard disk drive type,Hard disk desktop or notebook?,Diskette drive maximum transfer rate,Diskette drive rotational speed,;1928955840;
Laptops;Memory;Memory layout,Memory slots,Internal memory type,Memory clock speed,Maximum internal memory,Internal memory manufacturer,Memory upgrade,Internal memory expansion module sizes,Number of free internal memory expansion slots,Internal memory,Maximum internal memory (64-bit),Memory slots (available),Internal memory access speed,;-1756424166;
Laptops;Optical Drive;DVD+RW speed,CD/DVD maximum speed,BD-ROM read speed,CD/DVD drive multiword DMA burst data transfer rate,CD-R write speed,Optical drive average full stroke access,BD-R write speed,DVD-R speed,Double Layer DVD write speed,HD DVD-ROM write speed,DVD-RAM write speed,CD rewrite speed,DVD drive transfer rate,DVD-RAM read speed,DVD+R Double Layer read speed,DVD-RW write speed,DVD DMA multi mode (DMA mode 1),CD write speed,DVD+RW read speed,DVD-ROM drive burst transfer rate (PIO mode 4),DVD read speed,CD/DVD drive buffer size,Double Layer DVD read speed,DVD+R write speed,CD-RW/DVD-ROM transfer rate,CD-RW read speed,DVD transfer rate (sustained mode),DVD rewrite speed,DVD+RW write speed,DVD-ROM DMA single mode transfer rate (DMA mode 2),DVD-RW speed,DVD-R Dual Layer read speed,DVD+R Double Layer write speed,Labelflash,CD-ROM drive media supported,Optical drive removable,DVD,DVD-R read speed,DVD-ROM drive average random seek time (CD-ROM mode),CD-ROM drive average random seek time (CD-ROM mode),HD DVD-ROM read speed,DVD drive compatibility,BD-R read speed,CD read speed,DVD drive type,Drive devices applicable disk format,CD/DVD drive rotational speed,Disc types supported,BD-R Dual Layer write speed,DVD interface type,DVD-RW read speed,LightScribe,DVD transfer rate (sustained mode),BD-RE read speed,CD-ROM DMA multi mode (DMA mode 1),CD drive maximum speed,DVD drive average random seek time,CD-R read speed,CD-ROM DMA single mode transfer rate (DMA mode 2),CD-RW/DVD-ROM interface,Optical drive interface,DVD+R read speed,CD/DVD drive DMA burst data transfer rate,CD/DVD drive manufacturer,DVD+R speed,CD-ROM drive transport,DVD-R Double Layer write speed,Optical drive type,DVD-ROM drive transport,CD-ROM interface type,CD-RW write speed,DVD write speed,BD-RE write speed,CD-ROM drive burst transfer rate (PIO mode 4),CD/DVD drive ultra DMA burst data transfer rate,DVD-R write speed,;-1280974327;
Laptops;Display;Pixel pitch,Touch sensitive screen,LCD brightness (AC adaptor, semi bright),Display manufacturer,Display brightness,Display resolution,LCD brightness levels 1-8,Aspect ratio,LCD brightness (AC adaptor, bright),Glossy display,Full HD,LCD brightness (AC adaptor, super bright),Display response rise/fall,Contrast ratio (typical),Touch technology,LCD brightness (battery, super bright),Display diagonal,Display resolution equivalent (3D mode),LCD brightness (battery, bright),Display,Display number of colors,LED backlight,LCD brightness (battery, semi bright),3D compatibility,;2107908297;
Laptops;Audio;Audio system direct 3D sound,Audio system manufacturer,Speaker power,Audio,Built-in microphone,Speakers manufacturer,Audio system,Audio system ports,Audio drivers,Audio system full duplex,Audio system maximum sampling rate,Built-in subwoofer,Number of built-in speakers,Supported audio standards,Audio formats supported,Audio system direct sound,;-1175651939;
Laptops;Ports & interfaces;Docking connector,Wireless communication version,eSATA ports quantity,Combo headphone/microphone port,Infrared data port,Microphone in,I/O adaptor interfaces,Wired communication type,Parallel ports quantity,Thunderbolt ports quantity,Headphone out,Communication manufacturer,USB port,Mini VGA ports quantity,eSATA/USB 2.0 ports quantity,DC-in jack,I/O ports type,USB 2.0 ports quantity,S/PDIF out port,Number of interfaces,Wired communication manufacturer,Serial ports quantity,S-Video port,DisplayPorts quantity,Micro HDMI ports quantity,USB 3.0 ports quantity,IEEE 1394/Firewire ports quantity,TV out port,DVI port,Wired communication chipset,eSATA/USB 3.0 ports quantity,USB 1.1 ports quantity,Communication,Mini DisplayPort quantity,VGA (D-Sub) ports quantity,HDMI ports quantity,PS/2 ports quantity,Wired communication connector,Communication ports,HDMI version,Ethernet LAN (RJ-45) ports quantity,I/O ports,Wireless communication manufacturer,Graphics adapter output connector,Wired communication features,;-1875762821;
Laptops;Weight & Dimensions;Height (front),Height (front),Weight,AC adapter weight,Dimensions (W x D x H),CD/DVD weight,Height (rear),Height (rear),Drive device weight,Depth,Height,Height,Width,Tare weight outer carton,Width,Gross weight outer carton,Depth,;-1427995050;
Laptops;Energy Management;Battery special features,External power adapter,Power,Battery life with optional 2nd battery,Power auto-sensing,Resume battery backup after,AC adapter output voltage,Battery life power off,AC adapter input voltage,AC adapter output current,Resume battery backup after,Power management,Battery life power on,Battery performance,AC adapter frequency,;686424130;
Laptops;Operational Conditions;Non-operating altitude relative to sea level,Operating vibration,Non-operating shock with/without CD-ROM drive installed,Non-operating maximum thermal gradient,Storage relative humidity range,Non-operating vibration with/without CD-ROM drive installed,Non-operating shock,Operating altitude relative to sea level,Operating temperature range (T-T),Storage temperature range (T-T),Operating shock with/without CD-ROM drive installed,Non-operating vibration,Operating maximum thermal gradient,Non-operating relative humidity (non-condensing),Operating vibration with/without CD-ROM drive installed,Non-operating altitude,Operating altitude,Operating shock,Operating relative humidity range,;1555306751;
Laptops;Keyboard;Keyboard key pitch,Keyboard euro key,Backlight,Numeric keypad,Keyboard number of keys,Keyboard key stroke,Number of keyboard cursor keys,Number of hot keys,Keyboard type,Keyboard manufacturer,Keyboard language,Keyboard easy keys,Pointing device,Keyboard special features,Windows keys,Keyboard function keys,Spill resistant keyboard,Full-size keyboard,Keyboard type,;1139305664;
Laptops;Networking;Networking speed,Modem chip,Wireless network support,Data network,Network integrated ports,Wireless LAN connection,Wireless Wide Area Network (WWAN),4G WiMAX,Network standard,Networking type,Supported network protocols,Bluetooth version,Network connection type,Wireless technologies,Built-in Wi-Fi switch,3G network access module,UMTS ready,Wireless compliancy,Integrated wireless LAN, type of network I/F chip,Bluetooth,Ethernet LAN data transfer rates,Ethernet LAN connection,Networking manufacturer,Networking topology,Networking features,Networking connector,;415632781;
Laptops;Video;Graphics adapter BitBLT,Graphics adapter multiple display support,Graphics adapter integrated TV encoder,Internal video modes maximum number of colors,Video adapter, bus,Video adapter features,2D graphics accelerator,Video modes maximum refresh rate (non interlaced),Graphic adapter triangle setup,Graphic adapter reduce TV out flicker,Graphics adapter bus clock speed,Video modes maximum number of colors,External video modes max. refresh rate,Video modes technology,Graphics accelerator,External video modes non-interlaced resolution with max. refresh rate,3D graphics accelerator,Video card features,External video modes maximum refresh rate (non interlaced),Graphic adapter direct 3D support,Video adapter resolution,External video modes graphics accelerator,Video modes display type,Video modes resolution,Graphics adapter Open GL support,External video adapter resolution,;-1156615614;
Laptops;Storage;Host interface,Card reader integrated,Hard disk rotational speed,Number of SSDs installed,Hard drive capacity,Number of hard drives installed,Solid-state drive capacity,Compatible memory cards,Storage media type,Hard drive size,Solid-state drive interfaces,NAND flash module capacity,Hard drive capacity,;-1448129918;
Laptops;Packaging Data;Package weight,Package dimensions (WxDxH),;-17602464;
Laptops;Security;Trusted Platform Module (TPM),Cable lock slot,HDD recovery,Password protection,Security management,Fingerprint reader,;1584689177;
Laptops;Certificates;WiFi certified,RoHS compliance,Certification,EPEAT compliance,Energy Star certified,;396416533;
Laptops;Operating System/Software;Operating system architecture,CD/DVD writing software,Optical drive player software,Drivers included,Optional operating system supplied,Bundled software,Operating system provided,Downloadable software,Software - education / reference,Trial software,Software productivity,Pre-installed software,;-284945169;
Laptops;Camera;Camera resolution,Built-in camera,Video capturing speed,Swivel webcam,Megapixel,;-2046419394;
Laptops;Packaging Content;Warranty card,Manual,Mouse included,Bag included,Handheld remote control,Quick start guide,Cables included,AC adapter bundled,;-900564989;
Laptops;Expansion Slots;CardBus PCMCIA slot type,CardBus PCMCIA slots quantity,SmartCard slot,ExpressCard slot,;-71070597;
Laptops;Battery;Battery capacity,Battery technology,Battery voltage,Battery recharge time,Battery life (max),Battery performance,Number of battery cells,;104904212;
Laptops;Other features;Audio adapter type,Slot type,Packaging width,Modem type,Compatible operating systems,Type,Memory bus,Quantity outer carton,Dimension note (imperial),Front / Side connections,Video memory capacity,Composite video out,Warranty,Battery recharge time (on),Operating temperature range (T-T),CD transfer rate (sustained mode),Display diagonal,Weight,Volume control,Dimensions (WxDxH),Toshiba EasyGuard,EAN/UPC/GTIN (outer carton),Main camera resolution,Wireless technology,BIOS Plug and Play support,Service provider,Composite video in,Bluetooth range,Energy efficiency compliance,Continuous audio playback time,Memory access time,Modem speed,External display,7497,BIOS memory,CD-ROM drive average random access time,Driver software for optical drive,Manageability features,Maximum memory card size,Operating elevation,Display viewable area HxV,BIOS memory size,Second camera,Packaging type,Dimension note (metric),Internal modem,BitBLT,Number of products included,Chassis type,Electronic compass,Gross weight packaging,Solid State Disk drive, height,7485,Motion compensation,Relative humidity,Indication light,Controller type,Supported applications,Ethernet interface type,Docking solution,Width (cm) outer carton,Memory description,GSM module,Wireless transmission,7494,Power consumption (typical),Browsing time,Drive device, buffer size,Rear ports,Plug and Play,Toshiba EasyMedia,Maximum storage altitude,TV in port,Standard memory capacity,Interface type,Auto focus,Wireless option type,Drive device, transfer rate,Dolby technologies,Packaging depth,Second camera resolution,Wake-on-Ring ready,Resolution,Sectors per track,Vendor,7493,SIM card support,Video in,Additional accessories,Analog signal format system,Light sensor,Battery recharge time (off),L2 cache,Device read/write media compatibility,DVD-ROM transfer rate (sustained mode),Main camera resolution,Service included,Number of slots,Antenna,BIOS ACPI,Display size (HxV),HDMI in,Operating system version,Wireless standard,Type of shelf-placement,Audio quality,Bundled hardware,Graphics,7488,Line-in,Supported protocols,Maximum shipping altitude,Micro-USB 2.0 ports quantity,TV tuner formats,Modem (RJ-11) ports,Removable,EAN/UPC/GTIN (packaging),Effective megapixels (image),LAN controller,Optional features,Graphics adapter RAMDAC,Multimedia,BIOS memory size,7495,7491,Expansion type,Packaging net weight,CardDock,HD-Ready,Upgrade type,System management BIOS,Certified operating system,7489,Protection tools,Flash memory,BIOS advanced power management,Flash memory,Size,Net weight outer carton,Power requirements,UNSPSC-code,Mini-USB 2.0 ports quantity,Compatibility,Fixed netwerk speed,Resume battery backup after,Power consumption (standby),Weight,Mini HDMI ports quantity,Rear ports note,Minimum RAM,Maximum hard drive capacity,Packaging height,7492,Weight (including battery),Wake-on-LAN ready,Internal video mode, resolution,Motherboard USB,Packaging tare weight,Video card resolution,BIOS memory size,Ergonomics,Maximum operating altitude,BIOS DPMS support,Display illumination,Hard disk drive, user password,Battery type,Ambient light sensor,Special features,Control panel,Casework,DVD drive average random access time,Alarms,Height (cm) outer carton,Expansion slots,BIOS manufacturer,QosmioEngine,Video card note,Data transfer rate,Hard drive controller type,Integrated graphics adapter,Media Center remote control function,Model availability,Energy saving functions:,DVD-ROM read speed,Drive device maximum speed,Motherboard form factor,Image formats supported,Drive bays,Warranty,Assisted GPS (A-GPS) function,BIOS flash ROM,Compliance industry standards,Video compression formats,SelectBay adaptor,Webcamera description,Track to track seek time (read/write),GPS function,System memory technology,Wireless LAN data transfer rate (max),Speakers,BIOS DDC support,Expansion station,Ethernet specifications,Length (cm) outer carton,Security features,;2056153446;
Laptops;Graphics;Maximum resolution,Discrete graphics adapter model,Discrete graphics memory,Maximum graphic adapter memory,On-board graphics adapter memory,Number of discrete graphics adapters,On-board graphics adapter model,Discrete graphics memory type,Graphics adapter family,;736273252;
Laptops;Technical Details;Intel Anti-Theft Technology,Microphone connectivity,Configuration management,Hard disk average seek time,Minimum system requirements,Intel visual technologies,Orientation sensor,Technical features,Interface,Intel Rapid Start Technology,Storage capacity,Cable length,Power supply note,Intel vPro Technology,Multi-bay devices,Bytes per sector,Video RAM,E-mail,Intel My WiFi Technology,Power supply type,Volume dial,NetDock port replicator,Intel Turbo Boost Technology,Source data-sheet,BIOS VESA support,Option type,Intel Turbo Memory,Cabling technology,Wireless communication version,Intel Identity Protection Technology,Standard memory note,Headphone connectivity,Number of expansion types,Instant messaging (IM),Hot keys,Minimum hard disk space,Type of bays,Intel Smart Response Technology,Intel Hyper-Threading Technology,Built-in speakers,SIM card type,7496,Intel Smart Connect Technology,;1041474470;
Computer TV tuners;Technical Details;Technical features,Digital Satellite Equipment Control (DiSEqC),Personal Video Recorder (PVR) included,Plug and Play,Number of tuners,Calendar,Chipset,Case or master carton dimensions (W x D x H),Color of product,On Screen Display (OSD) languages,Source data-sheet,Modulation,Subtitles function,Parental control,Requires shelf,Electronic Programme Guide (EPG),On Screen Display (OSD),Contents,Multi-channel preview,Timeshift,;2095376781;
Computer TV tuners;Disk Drive;;-89126983;
Computer TV tuners;System Requirements;Minimum hard disk space,Minimum processor,Minimum RAM,;1482899631;
Computer TV tuners;Audio;Built-in audio decoders,;1564647940;
Computer TV tuners;Ports & interfaces;Composite video in,USB port,DVI-D ports quantity,DVI port,Interface type,HDMI,S-Video in,S-Video out,Audio (L,R) in,Composite video out,Ethernet LAN (RJ-45) ports quantity,FM antenna ports quantity,Line inputs (RCA),TV antenna ports quantity (75 Ohm),DVI-I ports quantity,VGA (D-Sub) ports quantity,Line-in,SCART ports quantity,;730437748;
Computer TV tuners;Weight & Dimensions;Dimensions (WxDxH),Weight,;2054811261;
Computer TV tuners;Energy Management;Power consumption (typical),Power consumption (standby),External power adapter,Current consumption,USB powered,Input frequency,Input voltage,;1740326441;
Computer TV tuners;Operational Conditions;Storage relative humidity range,Operating relative humidity range,Operating temperature range (T-T),Storage temperature range (T-T),;18180984;
Computer TV tuners;Networking;;-1602450042;
Computer TV tuners;Color;;1566324113;
Computer TV tuners;Video;Video capturing speed,Video capture capability,Maximum resolution,Picture-in-Picture,Video capture resolution (max),Aspect ratio,Supported graphics resolutions,Supported video modes,3D compatibility,Analog signal format system,;1583684265;
Computer TV tuners;Storage;Compatible memory cards,Card reader integrated,;-834898647;
Computer TV tuners;Packaging Data;Package dimensions (WxDxH),Package weight,;-955825191;
Computer TV tuners;TV Tuner;Tuning range,TV tuner type,Handheld remote control,Channels quantity,Channel bandwidth,Internal,;-1513356498;
Computer TV tuners;Teletext;Teletext function,Teletext standards,Teletext,;1105774313;
Computer TV tuners;Certificates;Energy Star certified,Certification,RoHS compliance,;-1950925874;
Computer TV tuners;Illumination/Alarms;LED indicators,;-148964784;
Computer TV tuners;Operating System/Software;Windows operating systems supported,Linux operating systems supported,Other operating systems supported,Mac operating systems supported,;142640086;
Computer TV tuners;Radio;FM band,AM band range,Supported bands,Preset stations quantity,;1579751977;
Computer TV tuners;Packaging Content;User guide,Cables included,Batteries included,Manual,;153337322;
Computer TV tuners;Antenna;;202372401;
Computer TV tuners;File formats;Image formats supported,Video compression format,Audio formats supported,;-125589814;
Computer TV tuners;Other features;Channels preview quantity,Power requirements,FM radio,Audio input,Packaging width,Compatible operating systems,Audio output,Cable length,Packaging depth,Depth,Languages supported,Minimum system requirements,File type,I/O ports,Packaging height,Quantity per pallet,Height,Antenna type,Remote administration,Bundled software,Video in,Networking features,Frequency range,Antenna connector type,Width,;1117930719;
Flat panel desk mounts;Technical Details;Distance to the wall (min),Included number of shelves,Material,Additional available colors,Fan diameter,Min. horizontal distance,Legs,On/off switch or button,,Pre-assembled,Drawers,Max. number of shelves,Top plate thickness,Color of product,Warranty,Adjustable shelves,Source data-sheet,Airflow,Quantity per pallet,Recommended selling price,SMM (Smart Movement Mechanism),Sloping ceiling support,Max. horizontal distance,Larger master carton dimensions (W x D x H),Vertical distance (max),Safety glass,Maximum distance to ceiling,Distance to the wall (max),Minimum weight,Maximum size,Product line,Number of fans,Quantity per box,Minimum size,Number of pivot points,SPS (Screen Protection System),Remote controlled,Minimum distance to ceiling,CIS,Number of cartons per pallet,Number of layers per pallet,Deskbased accessories description,Mounting type,Width (max),Rubber pads,Maximum distance from floor,Cord management,Design features,Minimum distance to floor,Supplemental colors,Wheels,Rubber feet,Telescopic,Maximum distance to floor,Supported applications,Docking solution,Case or master carton quantity,Adjustable depth,Amount of appliances,Movable,;-1540489727;
Flat panel desk mounts;Display;Mounting interface,;-872439580;
Flat panel desk mounts;System Requirements;;-776402909;
Flat panel desk mounts;Ports & interfaces;USB 2.0 ports quantity,;-312274304;
Flat panel desk mounts;Weight & Dimensions;Length,Shelf thickness,Thickness,Weight,Weight (max),Depth,Net weight,Height,Weight,Weight (min.),Width,;-204491279;
Flat panel desk mounts;Energy Management;Power consumption (typical),Operating voltage,;-1895540067;
Flat panel desk mounts;Operational Conditions;Maximum operating temperature,Operating temperature range (T-T),Operating relative humidity range,;-431292540;
Flat panel desk mounts;Color;;1978226693;
Flat panel desk mounts;Sound Emission;Noise level,;1589174070;
Flat panel desk mounts;Packaging Data;Package dimensions (WxDxH),Tare weight,Packaging type,Package weight,;1869063141;
Flat panel desk mounts;Certificates;Certification,RoHS compliance,;612904666;
Flat panel desk mounts;Management Features;;697544892;
Flat panel desk mounts;Ergonomics;Swivel angle,Height adjustment,Pivot angle,Swivel angle,Pan range,Rotation,Turn angle,Tilt angle,Height adjustment range,;-1540611200;
Flat panel desk mounts;Packaging Content;User guide,Cables included,Manual,Spikes included,Contents,;812438110;
Flat panel desk mounts;Material;;-1261838011;
Flat panel desk mounts;Other features;Screen size compatibility,Compatible operating systems,Height (max),Country of origin,Minimum system requirements,Weight,Dimensions (WxDxH),Width outer carton,Height outer carton,Screw type,Net weight,Mounting,Size,Service included,Compatibility,Gross weight,Depth outer carton,Depth (max.),Height,Interface height,Safety,Lift,Interface width,Color,;-352148245;
Flat panel desk mounts;Mounting;Maximum screen size compatibility,Maximum weight (capacity),VESA mounting interfaces compatibility,Number of displays supported,Minimum screen size compatibility,Other mounting interfaces compatibility,;-1684687545;
Software Licenses/Upgrades;Technical Details;Fax characters per number,Technical features,Browser supported,Power requirements,Data and application protection,Service level,UNSPSC-code,Scan file formats,Full duplex,Media types supported,Client prerequisites,Software version,Country of origin,Management platform,Supported business applications,Hardware prerequisites,64-bit computing,RAID controller type,Recovery time,Source data-sheet,Performance management,Replication features,Diagnostics,Airflow,Installation server prerequisites,Communication,Platform,Customs code,Workflow features,Supported applications,Recovery point,Compatible products,Bundled software,Maximum port bandwidth,Basic software version,Replication distance,Number of devices supported,;355646660;
Software Licenses/Upgrades;Disk Drive;Hard drive capacity,;-1258597278;
Software Licenses/Upgrades;License;License term (months),License type,Software licensing option,License term (years),Software type,Software licensing option type,License quantity,License term (days),;-1962421530;
Software Licenses/Upgrades;System Requirements;Minimum hard disk space (server),Compatible operating systems,Minimum processor speed,Minimum system requirements,Minimum hard disk space,CD/DVD-ROM drive required,Minimum processor,Minimum RAM,Minimum processor family,Minimum processor (server),Supported hardware environment,Recommended hard disk space,Recommended processor,Recommended RAM,Minimum RAM (server),;344531494;
Software Licenses/Upgrades;Ports & interfaces;I/O ports,;-1661588451;
Software Licenses/Upgrades;Weight & Dimensions;Size,Weight,Dimensions (WxDxH),Weight,;916443124;
Software Licenses/Upgrades;Energy Management;Power supply,;596320;
Software Licenses/Upgrades;Operational Conditions;Non-operating relative humidity (non-condensing),Operating altitude,Storage relative humidity range,Relative humidity,Operating relative humidity range,Operating temperature range (T-T),Storage temperature range (T-T),Non-operating altitude,;-45219167;
Software Licenses/Upgrades;Networking;Bandwidth,Supported protocols,;1523046959;
Software Licenses/Upgrades;Packaging Data;Packaging width,Packaging type,Packaging depth,Package weight,Packaging height,Package volume,;-1676012542;
Software Licenses/Upgrades;Operating System/Software;Windows operating systems supported,Mac operating systems supported,;1174351885;
Software Licenses/Upgrades;Language;Languages supported,;1101338963;
Software Licenses/Upgrades;Inner Carton;Depth inner carton,Net weight inner carton,Gross weight (inner carton),Volume inner carton,Width inner carton,Height inner carton,Quantity (inner carton),;-1200117084;
Software Licenses/Upgrades;Outer Carton;Net weight outer carton,Volume outer carton,Quantity outer carton,Gross weight outer carton,Depth outer carton,Width outer carton,Height outer carton,;-1298459425;
Warranty & Support Extensions;Technical Details;Key benefits,Browser supported,Technical features,Phone support,Number of years,Response time,Size,Service level,Quantity per pallet,UNSPSC-code,Minimum equipment value,Service included,Purchase country,Compatibility,Maximum equipment value,Security algorithm supported,On-site support,Dimensions (WxDxH),Number of cartons per pallet,Number of layers per pallet,Type,Video modes resolution,Next Business Day (NBD),Software licensing option,Repair time,Case or master carton quantity,Capacity range native,Weight,Geographic coverage,Country of origin,Insurance range,Larger master carton dimensions (W x D x H),Supported protocols,Terms & conditions,Exclusions,Speakers and microphone,Depth,Weight,Languages supported,Camera included,Minimum system requirements,Warranty,Width,Activation,Service time (days x hours),Source data-sheet,;868223644;
Warranty & Support Extensions;License;License quantity,;-1066660162;
Warranty & Support Extensions;System Requirements;Platform,;-990225922;
Warranty & Support Extensions;Weight & Dimensions;Height,;-418314292;
Warranty & Support Extensions;Packaging Data;Package weight,Packaging height,Packaging length,Packaging width,Box height,Box depth,Box width,Package weight,;-645180118;
Warranty & Support Extensions;Operating System/Software;Compatible operating systems,;917317093;
Mice;Technical Details;Retractable cable,Power consumption (typical),Input devices description,Material,Rubber grips,Net weight (inner carton),Plug and Play,,Tare weight,Illumination,Dimension note (imperial),Scrolling directions,Packaging material,Case or master carton dimensions (W x D x H),Programmable mouse buttons,Color of product,Warranty,Special features,Source data-sheet,Form factor,Quantity per pallet,Function keys,Recommended system requirements,Recharge station for parent unit,7501,Customizable weight,Larger master carton dimensions (W x D x H),Requires shelf,Quantity per box,Works on any surface,Game edition,7498,Frequency band,Technical features,Keypad integrated,Maximum operating distance,Surface coloration,Connector(s),Peripheral/ interface devices,UNSPSC-code,Service included,7502,,Operating frequency,Built-in memory,Ergonomic design,Number of cartons per pallet,Number of layers per pallet,Number of scroll wheels,Deskbased accessories description,Weight,Button functions,Dimension note (metric),Type of shelf-placement,Rechargeable,Sensor resolution,LED indicators,Number of products included,12 NC code,Cable length,Gross weight,Battery special features,Display,Case or master carton quantity,Quantity outer carton 2,Number of buttons,EAN/UPC/GTIN,Designjet model size (metric),Keys,Contents,Wireless technologies,;-342441759;
Mice;System Requirements;Minimum processor,Processor clock speed,Minimum hard disk space,Minimum RAM,USB required,;-503540989;
Mice;Ports & interfaces;Bluetooth version,Frequency range,Wireless range,Cable length,;-1827492960;
Mice;Weight & Dimensions;Receiver weight,Product dimensions (W x D x H),Weight note (metric),Receiver dimensions (WxDxH),;68370641;
Mice;Energy Management;Power source,Auto power off,Battery technology,Battery recharge time,Battery type,Battery life (max),Current consumption,Number of batteries supported,;-697492099;
Mice;Operational Conditions;Storage relative humidity range,Operating temperature range (T-T),Operating relative humidity range,Storage temperature range (T-T),;-1974925148;
Mice;Input Device;Buttons quantity,Movement resolution,Movement detection technology,Scroll,Device interface,Purpose,Scroll type,Recommended usage,;508154314;
Mice;Packaging Data;Package dimensions (WxDxH),Packaging type,Package weight,;1309723909;
Mice;Certificates;Certification,RoHS compliance,;1202266106;
Mice;Operating System/Software;Windows operating systems supported,Mac operating systems supported,Bundled software,Linux operating systems supported,;1440728874;
Mice;Outer Carton;Width outer carton,Gross weight (outer carton),Quantity outer carton,EAN/UPC/GTIN (outer carton 2),Tare weight outer carton,Height (cm) outer carton,Width outer carton,Length outer carton,Tare weight (outer carton),EAN/UPC/GTIN (outer carton),Height outer carton,Net weight outer carton,Height outer carton,Gross weight outer carton,Net weight (outer carton),Length outer carton,Width (cm) outer carton,Length (cm) outer carton,;434254498;
Mice;Packaging Content;User guide,Batteries included,Receiver included,Additional accessories,Pouch,Cables included,AC adapter bundled,;2010486078;
Mice;Other features;Headphone sensitivity,Packaging length,Maximum operating temperature,EAN/UPC/GTIN (packaging),Packaging width,Compatible operating systems,Packaging depth,Minimum system requirements,Connector type,USB 2.0 ports quantity,Weight,Packaging net weight,Input frequency,Interface,Maximum input power,Size,Power requirements,Pointing device,Compatibility,Width,Impedance,Output power,Depth,Gross weight packaging,Packaging height,Height,Depth,Packaging tare weight,Height,Color,Microphone sensitivity,Technology,Network standard,Width,;-911487477;
Mice;Receiver;Receiver type,Wireless receiver interface,Unifying receiver,;759752493;
Keyboards & Desktops;Technical Details;Retractable cable,Display included,Input devices description,Backlight,Compatible memory cards,Material,Keyboard function keys,Plug and Play,Maximum operating temperature,Number of profiles,,Tare weight,Dimension note (imperial),Scrolling directions,Case or master carton dimensions (W x D x H),Color of product,Special features,Warranty,Source data-sheet,Quantity per pallet,Backlight color,Weight,Bluetooth,7501,Larger master carton dimensions (W x D x H),Numeric keypad,Requires shelf,Keys operating life,Additional accessories,Quantity per box,Game edition,7498,Technical features,Maximum operating distance,Power requirements,Surface coloration,Peripheral/ interface devices,UNSPSC-code,Service included,7502,,Battery LED indicator,Built-in memory,Card reader integrated,Ergonomic design,Built-in memory capacity,Number of cartons per pallet,Number of layers per pallet,Number of scroll wheels,Deskbased accessories description,Weight,Keyboard type,Output power,Dimension note (metric),Rechargeable,Sensor resolution,Protection features,Design features,LED indicators,I/O ports,Number of products included,12 NC code,Cable length,Splash proof,Gross weight,Battery special features,Display,Supported applications,Keyboard features,Case or master carton quantity,Internal,Color,Technology,EAN/UPC/GTIN,Windows keys,Designjet model size (metric),Contents,Wireless technologies,Ergonomics,;1405974746;
Keyboards & Desktops;System Requirements;Windows operating systems supported,Minimum processor,CD-ROM drive required,Mac operating systems supported,Processor clock speed,Minimum hard disk space,Minimum RAM,Linux operating systems supported,USB required,;392507580;
Keyboards & Desktops;Ports & interfaces;Bluetooth version,USB 2.0 ports quantity,Microphone in,Wireless range,Frequency band,Cable length,Headphone out,Connector contacts plating,;833811143;
Keyboards & Desktops;Weight & Dimensions;Receiver weight,Keyboard dimensions (WxDxH),Product dimensions (W x D x H),Keyboard weight,Weight note (metric),Receiver dimensions (WxDxH),;964419210;
Keyboards & Desktops;Energy Management;Number of batteries (mouse),Auto power off,Battery technology,Number of batteries (keyboard),Power source type,Battery type,Battery capacity,Battery life (max),Built-in battery,Mouse battery type,Battery performance,Keyboard battery type,Current consumption,Number of batteries supported,;1050924406;
Keyboards & Desktops;Operational Conditions;Storage relative humidity range,Operating relative humidity range,Operating temperature range (T-T),Storage temperature range (T-T),;-1013750709;
Keyboards & Desktops;Keyboard;Keyboard type,Actuation force,Hot keys,Non-slip base,Keyboard style,Adjustable keyboard height,Spill resistant keyboard,Full-size keyboard,Keyboard language,Keyboard integrated devices,Wrist rest,Keyboard number of keys,Flexible keyboard,Keyboard form factor,Device interface,Purpose,Recommended usage,Programmable hot keys,;221523212;
Keyboards & Desktops;Input Device;;-1344519631;
Keyboards & Desktops;Packaging Data;Package dimensions (WxDxH),Packaging type,Package weight,;-993476692;
Keyboards & Desktops;Certificates;Certification,RoHS compliance,;-650407839;
Keyboards & Desktops;Illumination/Alarms;;-1239356835;
Keyboards & Desktops;Operating System/Software;Bundled software,;1241478691;
Keyboards & Desktops;Inner Carton;Net weight (inner carton),;-1320077106;
Keyboards & Desktops;Outer Carton;Width outer carton,Gross weight (outer carton),Quantity outer carton,EAN/UPC/GTIN (outer carton 2),Tare weight outer carton,Height (cm) outer carton,Width outer carton,Length outer carton,Tare weight (outer carton),EAN/UPC/GTIN (outer carton),Height outer carton,Net weight outer carton,Height outer carton,Gross weight outer carton,Net weight (outer carton),Length outer carton,Width (cm) outer carton,Quantity outer carton 2,Length (cm) outer carton,;-1418419447;
Keyboards & Desktops;Packaging Content;User guide,Batteries included,Interface adapters included,Receiver included,Cables included,AC adapter bundled,;-536064713;
Keyboards & Desktops;Other features;Packaging length,EAN/UPC/GTIN (packaging),Packaging width,Compatible operating systems,Packaging depth,Minimum system requirements,Channels quantity,Packaging net weight,Size,Pointing device,Compatibility,Width,Depth,Built-in touchpad,Gross weight packaging,Packaging height,Height,Depth,Packaging tare weight,Height,Width,;1080279218;
Keyboards & Desktops;Receiver;Receiver type,Wireless receiver interface,Unifying receiver,;-1090936044;
Keyboards & Desktops;Mouse;Rubber grips,Buttons quantity,Movement resolution,Programmable mouse buttons,Movement detection technology,Scroll,Customizable weight,Works on any surface,Button functions,Scroll type,Mouse included,;-635658848;
Scanners;Technical Details;Fixed focal length,Compatible memory cards,Packaging length,Scan quality (black, best),Custom media sizes,Packaging width,Illumination,Recommended media weight,Country of origin,Simplex scan speed (black & white),Product weight optional (imperial),Package weight,Configuration management,Downloadable software,Scan quality (color, normal),Image scaling/enlargement range,Duplex scan speed (colour),Source data-sheet,Film type,Color copy capability,Optional features,Acoustic pressure emissions,Paper sizes supported (Auto Document Feeder),Dimensions (WxDxH),Scan resolution enhanced disclaimer (long),Scan quality (black, draft),Box contents,Maximum number of copies,Print quality (color, best quality),Scan quality (color, draft),Upgrade type,Color space standard,Minimum scan area,Printer features,Technical features,Copy speed (normal quality, black, A4),Copy quality (color, draft),Size,Maximum output capacity,Power requirements,Stacking number for pallet,UNSPSC-code,Acoustic power emissions,Energy efficiency compliance,Compatibility,Copy subsystem footnotes,Number of layers per pallet,Scan subsystem note,Linear scan speed (imperial),Maximum aperture,Scan speed (4x6,Weight,Simplex scan speed (colour),Optical sensor size,Copier resize,Recommended media,Button functions,Maximum scan area,Scan resolution enhanced disclaimer (short),Duplex print options,Media weight imperial (Auto Document Feeder),Digital sender features,Key benefits,Print quality (color, normal quality),Product weight optional (metric),Minimum scan area (Auto Document Feeder),Packaging height,Media thickness (imperial),Media thickness minimum (imperial),Stacking number for carton,Auto exposure,Duty cycle,Transparency adapter,TWAIN version,Document weight maximum (Auto document Feeder, imperial),Scan speed (auto document feed, A4),Dynamic range,Media handling,Designjet model size (metric),Remote network printer supported,Scalable resolution,Media weight (tray 1),Power consumption (off),Scan type,Maximum media width  (imperial),Scan speed (film),Drive device, buffer size,Copy resolution (black graphics),Copy resolution (black text),Scan quality (color, best),Print technology,Maximum scan resolution,Linear scan speed (metric),Scan speed (black and white drawing),Power consumption (PowerSave),Internet fax providers,Power supply,Copy quality (black, draft),Special features,Control panel,Package dimensions (W x D x H),Pallet weight,Exifprint supported,Drivers included,Scan speed (auto document feed),Copy resolution (color text and graphics),Host alert,Document weight minimum (Auto Document Feeder, imperial),Duplex scan speed (black & white),Copy speed (best quality, black, A4),Security management,Hard disk drive type,Copy speed (best quality, color, A4),Scan speed footnote,Minimum aperture,Megapixel,Hard drive capacity,Product dimensions when open (LxWxD),Resolution,Duplex ADF scanning,Print quality (black, best quality),Copy speed (normal quality, color, A4),Number of cartons per pallet,Media types supported,All-In-One-multitasking,Send to email capability,Keyboard type,Functions,Print quality (color, draft uality),Image formats supported,Scan time,Scan quality (black, normal),Acoustic pressure emissions (standby),Driver updates,Density range,Scanner features,Line accuracy,Service & support,White balance,Maximum media width,Maximum internal memory,Services (supportpack),Customs code,Copier settings,Media thickness minimum (metric),Installation steps,Acoustic power emissions (standby),Maximum scan area (Auto Document Feeder),;-197026166;
Scanners;Processor;Processor clock speed,Built-in processor,;1112903101;
Scanners;Memory;Internal memory,Memory slots,;1636893622;
Scanners;Display;Touch sensitive screen,Display diagonal,Display resolution,Display,;-73422675;
Scanners;System Requirements;Compatible operating systems,Minimum system requirements,Minimum processor,Recommended Macintosh system requirements,Recommended system requirements,Minimum RAM,USB required,Minimum system requirements for Macintosh,Mac compatibility,Minimum hard disk space,;1801890412;
Scanners;Ports & interfaces;Send to other application,Standard interfaces,Optional connectivity,Send to PC,Send to printers,I/O ports,TWAIN compliance interface,;-1614576873;
Scanners;Weight & Dimensions;Dimension note (imperial),Weight,Case or master carton weight,Dimension note (metric),Depth,Product dimensions optional (metric),Height,Product dimensions optional (imperial),Weight,Width,Box width,Maximum dimensions (W x D x H),Box depth,Dimensions (W x D x H),Pallet weight,Pallet dimensions (W x D x H),Box height,;-1921165254;
Scanners;Input Capacity;Standard input capacity,Auto document feeder (ADF) input capacity,;1118955045;
Scanners;Media Formats;Legal,Letter,ISO A-series sizes (A0...A9),ISO B-series sizes (B0...B9),;-1238615381;
Scanners;Scanning;Enhanced scan resolution,ADF scan speed (b/w, A3),Output resolutions,Duplex ADF scan speed (b/w, A4),ADF scan speed (colour, A3),Scan speed,Output colour depth,Scan speed system setup,Optical scanning resolution,Scan bed (platen) size,Input colour depth,Duplex ADF scan speed (b/w, A3),Minimum scan size,Scan input modes,Flatbed scan speed (b/w, A3),Light source,Optical density,Color scanning,ADF scan speed (b/w, A4),Duplex ADF scan speed (colour, A4),Duplex scanning,Flatbed scan speed (b/w, A4),Maximum length of sheet media,Scan to,Scan file formats,Duplex ADF scan speed (colour, A3),Scan media weight,Film scanning,Scan speed (OCR, A4),ADF scan speed (colour, A4),Maximum scan size,Daily duty cycle (max),Gray scale levels,Scan technology,Scan speed in preview mode,Scanner type,;844056102;
Scanners;Copying;Copy speed (black, draft quality, A4),;-791656392;
Scanners;Fax;Supported network fax solutions,Supported internet fax solutions,Send to fax (via Internet),;-50411384;
Scanners;Energy Management;Input frequency,Input voltage,Power consumption (standby),Power management,Power consumption (typical),Battery type,Power supply type,;-552076506;
Scanners;Operational Conditions;Maximum operating temperature range (T-T),Operating temperature range (T-T),Non-operating relative humidity (non-condensing),Recommended humidity operating range,Storage relative humidity range,Operating relative humidity range,Operating temperature range (T-T),Recommended operating temperature range (T-T),Storage temperature range (T-T),;-1690088293;
Scanners;Endurance;Duty cycle letter size (maximum),Maximum duty cycle,;492942130;
Scanners;Networking;Cabling technology,Network ready,Send to email (Digital Sender),Digital Sender feeding speed footnote,Supported network protocols,Networking features,Remote front panel software,;-760165591;
Scanners;Color;Color of product,Color printing technology,;-1203061234;
Scanners;Sound Emission;Scanning noise level,;320811853;
Scanners;Paper Handling;Scanning media types supported,Minimum scan area (Auto Document Feeder),Feed speed (black & white),Standard media sizes,Feed speed (color),Multi feed detection,Maximum scan area (ADF),Paper handling,Auto Document Feeder (ADF) media weight,Feed speed (color photo),;543658702;
Scanners;Packaging Data;Quantity per pallet,Pallet dimensions (W x D x H),Package weight,Case or master carton quantity,Package dimensions (WxDxH),Case or master carton dimensions (W x D x H),Larger master carton dimensions (W x D x H),Package volume,Quantity per pack,;600700924;
Scanners;Security;Safety,;-1612061515;
Scanners;Certificates;Certification,Electromagnetic compatibility,Energy Star certified,;30579889;
Scanners;Operating System/Software;Windows operating systems supported,Scan drivers,Server operating systems supported,Other operating systems supported,Mac operating systems supported,Bundled software,Linux operating systems supported,;160099283;
Scanners;Outer Carton;Quantity outer carton,Width outer carton,Height outer carton,Net weight outer carton,Volume outer carton,Gross weight outer carton,Depth outer carton,;-737431719;
Monitor Glare & Privacy Filters;Technical Details;Display diagonal,Quantity per pallet,UNSPSC-code,Number of cartons per pallet,Number of layers per pallet,Case or master carton quantity,Dimension note (imperial),Larger master carton dimensions (W x D x H),Anti-Reflective,Dimension note (metric),Quantity per box,Source data-sheet,;1098498797;
Monitor Glare & Privacy Filters;Display;Compatibility,Aspect ratio,;-454796080;
Monitor Glare & Privacy Filters;System Requirements;;1260864015;
Monitor Glare & Privacy Filters;Weight & Dimensions;Widescreen,Screen size compatibility,Size,Height,Width,Dimensions (WxDxH),Height,Weight,Weight,Width,;1832775645;
Monitor Glare & Privacy Filters;Color;Color of product,;-1033625871;
Monitor Glare & Privacy Filters;Packaging Data;Package weight,Packaging height,Package dimensions (WxDxH),Packaging width,Packaging depth,Package weight,Package dimensions (W x D x H),;-1923094919;
Monitor Glare & Privacy Filters;Material;Material,;-1199791399;
Media Presenters;Technical Details;I/O ports,Material,Laser pointer colour,Presenter functions,7502,Compatibility,Movement detection technology,Plug and Play,Weight,Trackball,Buttons quantity,Bluetooth,Compatible operating systems,Recharge station for parent unit,On/Off switch,Scroll,Color,Mac compatibility,Designjet model size (metric),Battery level indicator,Contents,Keys,Minimum system requirements,Warranty,LED indicators,7498,Timer,Source data-sheet,;-129222056;
Media Presenters;Display;Display diagonal,Display resolution,Display,;452333051;
Media Presenters;System Requirements;Linux operating systems supported,Windows operating systems supported,Mac operating systems supported,;-1757836614;
Media Presenters;Ports & interfaces;Frequency band,Wireless range,Bluetooth version,Wireless technology,;487350537;
Media Presenters;Weight & Dimensions;Dimensions (WxDxH),Weight,;-1185924984;
Media Presenters;Energy Management;Battery technology,Battery type,Number of batteries supported,;-484272396;
Media Presenters;Operational Conditions;Operating temperature range (T-T),;1814552973;
Media Presenters;Color;Color of product,;1425415900;
Media Presenters;Storage;Compatible memory cards,Card reader integrated,Maximum memory card size,;1191262132;
Media Presenters;Packaging Data;Package weight,Package dimensions (WxDxH),;-1257791762;
Media Presenters;Certificates;Certification,RoHS compliance,;-422750173;
Media Presenters;Operating System/Software;;568056225;
Media Presenters;Packaging Content;User guide,Receiver included,Batteries included,Included memory card size,Carrying case,Memory card included,;-2071261515;
Media Presenters;Receiver;Receiver type,Wireless receiver interface,;43621334;
Data-Entry & Controls;Technical Details;Cable length,Seek time,Deskbased accessories description,Interface,Device read/write media compatibility,I/O ports,Keyboard type,Package weight,Media compatibility,Drive device speed,Power consumption (typical),Input devices description,Drive device, transfer rate,Access time,UNSPSC-code,Function keys,Drive device, buffer size,Compatibility,Package dimensions (WxDxH),Storage capacity,Weight,Sustained data rate,Mac compatibility,Keys,Minimum system requirements,Recommended system requirements,Dimensions (WxDxH),Compatible operating systems,Source data-sheet,;501879966;
Graphic Tablets;Technical Details;Interface,Can be used as mouse pad,Tool ID,Compatible memory cards,Plug and Play,Card reader integrated,Tilt angle,Eraser,Color of product,Transparent trace sheet,LED indicators,Source data-sheet,I/O ports,Integrated pen storage cavity,Widescreen/Standard modes switching,Internal memory,Contents,;-2046105718;
Graphic Tablets;Display;Pixel pitch,Display number of colors,Response time,Brightness,Display,Viewing angle,Contrast ratio (typical),;1371550125;
Graphic Tablets;System Requirements;Windows operating systems supported,Minimum hard disk space,CD/DVD-ROM drive required,Minimum processor,Minimum RAM,Linux operating systems supported,USB required,Mac operating systems supported,;-1342065812;
Graphic Tablets;Ports & interfaces;Cable length,Bluetooth version,USB 2.0 ports quantity,Frequency range,DVI-I ports quantity,VGA (D-Sub) ports quantity,Wireless range,;1193499159;
Graphic Tablets;Weight & Dimensions;Tablet weight,Product dimensions (W x D x H),Pen dimensions LxD,Weight note (metric),Dimensions (WxDxH),Pen weight,;-770154182;
Graphic Tablets;Energy Management;Power consumption (typical),Battery life (max),Power consumption,Battery technology,Battery type,USB powered,Input frequency,Number of batteries supported,Standby time,Input voltage,;1893811238;
Graphic Tablets;Packaging Data;Package dimensions (WxDxH),Packaging type,Package weight,;716263164;
Graphic Tablets;Certificates;Certification,RoHS compliance,;1201648561;
Graphic Tablets;Operating System/Software;Bundled software,;1174090963;
Graphic Tablets;Packaging Content;Cables included,Number of pen tips,Batteries included,Battery charger,Interface adapters included,Pen holder,Receiver included,Quick start guide,Tablet stand,Refill tweezer,;306822119;
Graphic Tablets;Tablet;Number of programmable keys,Number of rolling pads,Diagonal,Resolution,Device interface,Working area,Aspect ratio,Maximum working area (WxD),Maximum reading height,Tablet function keys,Tablet input type,Tablet buttons,Number of hot keys,Wireless technologies,;-59778021;
Graphic Tablets;Pen;Accuracy pen,Rubber grips,Rotation,Report rate (pen),Wireless pen,Pen working area (WxD),Pen included,Battery free pen,Pressure levels,Resolution pen input,Pen number of buttons,;-2100562044;
Graphic Tablets;Other features;Format,Power requirements,Active area (WxD),Buttons quantity,Compatible operating systems,Minimum system requirements,Tablet included,;-1504948222;
Graphic Tablets;Receiver;Receiver type,Wireless receiver interface,;-1525420444;
Graphic Tablets;Mouse;Accuracy mouse,Movement resolution,Button functions,Form factor,Mouse number of buttons,Mouse included,Scroll,;-7957424;
Graphic Tablets;Touch input;Report rate (touch),Touch working area (WxD),Resolution touch input,Accuracy touch,;-726578412;
