INSERT INTO TSEO (SEO_ID, URI, TITLE, METAKEYWORDS, METADESCRIPTION)
  VALUES ( 300001, 'Золотой браслет 750 пробы с сапфирами и бриллиантами','Золотой браслет 750 пробы с сапфирами и бриллиантами','золото, мапфиры, блиллианты','Купить золотой браслет 750 пробы с сапфирами и бриллиантами');
INSERT INTO TPRODUCT (
    PRODUCT_ID,
    CODE,
    NAME,
    DESCRIPTION,
    BRAND_ID,
    PRODUCTTYPE_ID,
    AVAILABILITY_ID,
    SEO_ID)
VALUES (300001,
        'С01-00001-7Б',
        'Золотой браслет 750 пробы с сапфирами и бриллиантами',
        'Золотой браслет 750 пробы с сапфирами и бриллиантами',
        50,
        500,
        1,
        300001);

INSERT INTO TPRODUCTATTRVALUE (ATTRVALUE_ID, CODE, VAL, PRODUCT_ID) VALUES (3000001, 'Материал' , 'Золото', 300001);
INSERT INTO TPRODUCTATTRVALUE (ATTRVALUE_ID, CODE, VAL, PRODUCT_ID) VALUES (3000002, 'Проба' , '750', 300001);
INSERT INTO TPRODUCTATTRVALUE (ATTRVALUE_ID, CODE, VAL, PRODUCT_ID) VALUES (3000003, 'Цвет_металла' , 'Белый', 300001);
INSERT INTO TPRODUCTATTRVALUE (ATTRVALUE_ID, CODE, VAL, PRODUCT_ID) VALUES (3000004, 'Вставка' , 'Бриллиант', 300001);
INSERT INTO TPRODUCTATTRVALUE (ATTRVALUE_ID, CODE, VAL, PRODUCT_ID) VALUES (3000005, 'Цвет_вставки' , 'Белый', 300001);
INSERT INTO TPRODUCTATTRVALUE (ATTRVALUE_ID, CODE, VAL, PRODUCT_ID) VALUES (3000006, 'Размер' , '17.5', 300001);
INSERT INTO TPRODUCTATTRVALUE (ATTRVALUE_ID, CODE, VAL, PRODUCT_ID) VALUES (3000007, 'IMAGE0' , 'С01-00001-7Б_a.jpeg', 300001 );
INSERT INTO TPRODUCTATTRVALUE (ATTRVALUE_ID, CODE, VAL, PRODUCT_ID) VALUES (2000007, 'IMAGE1' , 'С01-00001-7Б_b.jpeg', 300001 );
INSERT INTO TPRODUCTATTRVALUE (ATTRVALUE_ID, CODE, VAL, PRODUCT_ID) VALUES (3000008, 'Вставка' , 'Сапфир', 300001);
INSERT INTO TPRODUCTATTRVALUE (ATTRVALUE_ID, CODE, VAL, PRODUCT_ID) VALUES (3000009, 'Цвет_вставки' , 'Красный', 300001);
INSERT INTO TSKU(SKU_ID,PRODUCT_ID,CODE,NAME,DESCRIPTION,RANK) VALUES (300001,  300001,  'С01-00001-7Б', 'Золотой браслет 750 пробы с сапфирами и бриллиантами',  'Золотой браслет 750 пробы с сапфирами и бриллиантами',  1 );
INSERT INTO TSKUPRICE (SKUPRICE_ID, SKU_ID, SHOP_ID, CURRENCY, QTY, REGULAR_PRICE)  VALUES (300001, 300001, 40, 'USD', 1, 100.00);
INSERT INTO TPRODUCTCATEGORY (PRODUCTCATEGORY_ID, PRODUCT_ID, CATEGORY_ID,RANK) VALUES (90001,300001,3000,999);


INSERT INTO TSEO (SEO_ID, URI, TITLE, METAKEYWORDS, METADESCRIPTION)
VALUES ( 300002, 'Браслет из желто-белого золота 750 пробы с бриллиантами','Браслет из желто-белого золота 750 пробы с бриллиантами','золото, блиллианты, белый, желтый','Купить браслет из желто-белого золота 750 пробы с бриллиантами');
INSERT INTO TPRODUCT (
  PRODUCT_ID,
  CODE,
  NAME,
  DESCRIPTION,
  BRAND_ID,
  PRODUCTTYPE_ID,
  AVAILABILITY_ID,
  SEO_ID)
VALUES (300002,
      'С01-00002-7Б',
      'Браслет из желто-белого золота 750 пробы с бриллиантами',
      'Описание <b>браслета</b> ',
      50,
      500,
      1,
      300002);
INSERT INTO TPRODUCTATTRVALUE (ATTRVALUE_ID, CODE, VAL, PRODUCT_ID) VALUES (3000010, 'Цвет_металла' , 'Белый', 300002);
INSERT INTO TPRODUCTATTRVALUE (ATTRVALUE_ID, CODE, VAL, PRODUCT_ID) VALUES (3000011, 'Цвет_металла' , 'Желтый', 300002);
INSERT INTO TPRODUCTATTRVALUE (ATTRVALUE_ID, CODE, VAL, PRODUCT_ID) VALUES (3000012, 'Вставка' , 'Бриллиант', 300002);
INSERT INTO TPRODUCTATTRVALUE (ATTRVALUE_ID, CODE, VAL, PRODUCT_ID) VALUES (3000013, 'Цвет_вставки' , 'Белый', 300002);
INSERT INTO TPRODUCTATTRVALUE (ATTRVALUE_ID, CODE, VAL, PRODUCT_ID) VALUES (3000014, 'Размер' , '19.5', 300002);
INSERT INTO TPRODUCTATTRVALUE (ATTRVALUE_ID, CODE, VAL, PRODUCT_ID) VALUES (3000015, 'IMAGE0' , 'С01-00002-7Б_a.jpeg', 300002 );
INSERT INTO TPRODUCTATTRVALUE (ATTRVALUE_ID, CODE, VAL, PRODUCT_ID) VALUES (3000016, 'Материал' , 'Золото', 300002);
INSERT INTO TPRODUCTATTRVALUE (ATTRVALUE_ID, CODE, VAL, PRODUCT_ID) VALUES (3000017, 'Проба' , '750', 300002);


INSERT INTO TSKU(SKU_ID,PRODUCT_ID,CODE,NAME,DESCRIPTION,RANK) VALUES (300002,  300002,  'С01-00002-7Б', 'Браслет из желто-белого золота 750 пробы с бриллиантами',  'Браслет из желто-белого золота 750 пробы с бриллиантами',  1 );
INSERT INTO TSKUPRICE (SKUPRICE_ID, SKU_ID, SHOP_ID, CURRENCY, QTY, REGULAR_PRICE)  VALUES (300002, 300002, 40, 'USD', 1, 38.00);
INSERT INTO TPRODUCTCATEGORY (PRODUCTCATEGORY_ID, PRODUCT_ID, CATEGORY_ID,RANK) VALUES (90002,300002,3000,999);


INSERT INTO TSEO (SEO_ID, URI, TITLE, METAKEYWORDS, METADESCRIPTION)
VALUES ( 300003, 'Золотой браслет 585 пробы с самоцветами','Золотой браслет 585 пробы с самоцветами','золото, самоцветы, браслет','Золотой браслет 585 пробы с самоцветами');
INSERT INTO TPRODUCT (
  PRODUCT_ID,
  CODE,
  NAME,
  DESCRIPTION,
  BRAND_ID,
  PRODUCTTYPE_ID,
  AVAILABILITY_ID,
  SEO_ID)
VALUES (300003,
      'С01-00002-5Ч',
      'Золотой браслет 585 пробы с самоцветами',
      'Описание Золотой браслет 585 пробы с самоцветами ',
      50,
      500,
      1,
      300003);
INSERT INTO TPRODUCTATTRVALUE (ATTRVALUE_ID, CODE, VAL, PRODUCT_ID) VALUES (3000018, 'Цвет_металла' , 'Белый', 300003);
INSERT INTO TPRODUCTATTRVALUE (ATTRVALUE_ID, CODE, VAL, PRODUCT_ID) VALUES (3000019, 'Вставка' , 'Цитрин', 300003);
INSERT INTO TPRODUCTATTRVALUE (ATTRVALUE_ID, CODE, VAL, PRODUCT_ID) VALUES (3000020, 'Вставка' , 'Топаз', 300003);
INSERT INTO TPRODUCTATTRVALUE (ATTRVALUE_ID, CODE, VAL, PRODUCT_ID) VALUES (3000021, 'Вставка' , 'Аметист', 300003);
INSERT INTO TPRODUCTATTRVALUE (ATTRVALUE_ID, CODE, VAL, PRODUCT_ID) VALUES (3000022, 'Цвет_вставки' , 'Желтый', 300003);
INSERT INTO TPRODUCTATTRVALUE (ATTRVALUE_ID, CODE, VAL, PRODUCT_ID) VALUES (3000023, 'Цвет_вставки' , 'Голубой', 300003);
INSERT INTO TPRODUCTATTRVALUE (ATTRVALUE_ID, CODE, VAL, PRODUCT_ID) VALUES (3000024, 'Цвет_вставки' , 'Сереневый', 300003);
INSERT INTO TPRODUCTATTRVALUE (ATTRVALUE_ID, CODE, VAL, PRODUCT_ID) VALUES (3000025, 'Размер' , '17.5', 300003);
INSERT INTO TPRODUCTATTRVALUE (ATTRVALUE_ID, CODE, VAL, PRODUCT_ID) VALUES (3000026, 'IMAGE0' , 'С01-00002-5Ч_a.jpeg', 300003 );
INSERT INTO TPRODUCTATTRVALUE (ATTRVALUE_ID, CODE, VAL, PRODUCT_ID) VALUES (3000027, 'Материал' , 'Золото', 300003);
INSERT INTO TPRODUCTATTRVALUE (ATTRVALUE_ID, CODE, VAL, PRODUCT_ID) VALUES (3000028, 'Проба' , '585', 300003);


INSERT INTO TSKU(SKU_ID,PRODUCT_ID,CODE,NAME,DESCRIPTION,RANK) VALUES (300003,  300003,  'С01-00002-5Ч', 'Золотой браслет 585 пробы с самоцветами',  'Золотой браслет 585 пробы с самоцветами',  1 );
INSERT INTO TSKUPRICE (SKUPRICE_ID, SKU_ID, SHOP_ID, CURRENCY, QTY, REGULAR_PRICE)  VALUES (300003, 300003, 40, 'USD', 1, 230);
INSERT INTO TPRODUCTCATEGORY (PRODUCTCATEGORY_ID, PRODUCT_ID, CATEGORY_ID,RANK) VALUES (90003,300003,3000,999);
