product guid;SKU code;model;brand;product type;barcode;name;EN;RU;UK;description;EN;RU;UK;availability;featured;tag
"17208134";"C5A60EA";"6570b";;;;"6570b";"6570b";"6570b";"6570b";;;;;;;
"17359399";"H5E92EA";"900 G1";;;;"900 G1";"900 G1";"900 G1";"900 G1";;;;;;;
"17371603";"AM379A";"Integrity BL870c i4 c3000 Server Blade";;;;"Integrity BL870c i4 c3000 Server Blade";"Integrity BL870c i4 c3000 Server Blade";"Integrity BL870c i4 c3000 Server Blade";"Integrity BL870c i4 c3000 Server Blade";;;;;;;
"17371623";"AT101A";"Integrity rx2800 i4 Rack Optimized Server";;;;"Integrity rx2800 i4 Rack Optimized Server";"Integrity rx2800 i4 Rack Optimized Server";"Integrity rx2800 i4 Rack Optimized Server";"Integrity rx2800 i4 Rack Optimized Server";;;;;;;
"17371624";"AM378A";"Integrity BL870c i4 c7000 Server Blade";;;;"Integrity BL870c i4 c7000 Server Blade";"Integrity BL870c i4 c7000 Server Blade";"Integrity BL870c i4 c7000 Server Blade";"Integrity BL870c i4 c7000 Server Blade";;;;;;;
"17405011";"663600-B22";"ProLiant SL454x 2x Node Chassis";;;;"ProLiant SL454x 2x Node Chassis";"ProLiant SL454x 2x Node Chassis";"ProLiant SL454x 2x Node Chassis";"ProLiant SL454x 2x Node Chassis";;;;;;;
"17500245";"SVS1313R9EB";"SVS1313R9E";;;;"SVS1313R9E";"SVS1313R9E Black";"SVS1313R9E черный";"SVS1313R9E чорний";;;;;;;
"17500245";"SVE1513O9ESI";"SVE1513O9E";;;;"SVE1513O9E";"SVE1513O9E Grey";"SVE1513O9E серый";"SVE1513O9E сірий";;;;;;;
"17632750";"H5E92EA-ABH";"900 G1";;;;"900 G1";"900 G1";"900 G1";"900 G1";;;;;;;
"17636856";"C5A66EA";"6570b";;;;"6570b";"6570b";"6570b";"6570b";;;;;;;
"17637045";"C5A56EA-ABH";"ProBook 6475b Notebook PC";;;;"ProBook 6475b Notebook PC";"ProBook 6475b Notebook PC";"ProBook 6475b Notebook PC";"ProBook 6475b Notebook PC";;;;;;;
"17637047";"C5A61EA-ABH";"ProBook 6570b Notebook PC";;;;"ProBook 6570b Notebook PC";"ProBook 6570b Notebook PC";"ProBook 6570b Notebook PC";"ProBook 6570b Notebook PC";;;;;;;
"17637048";"C5A66EA-ABH";"6570b";;;;"6570b";"6570b";"6570b";"6570b";;;;;;;
"17637068";"H5E57EA-ABH";"ProBook 6470b Notebook PC";;;;"ProBook 6470b Notebook PC";"ProBook 6470b Notebook PC";"ProBook 6470b Notebook PC";"ProBook 6470b Notebook PC";;;;;;;
"17638363";"NT-L16EE-002";"Tab B1 16GB WiFi";;;;"Tab B1 16GB WiFi";"Tab B1 16GB WiFi";"Tab B1 16GB WiFi";"Tab B1 16GB WiFi";;;;;;;
"17660686";"DT528AT-B13";"USB Standard Keyboard";;;;"USB Standard Keyboard";"USB Standard Keyboard";"USB Standard Keyboard";"USB Standard Keyboard";;;;;;;
"17698795";"H5E56EA";"6470b";;;;"6470b";"6470b";"6470b";"6470b";;;;;;;
"17698797";"H5E74EA";"6570b";;;;"6570b";"6570b";"6570b";"6570b";;;;;;;
"17737118";"H5E77ET";"6570b";;;;"6570b";"6570b";"6570b";"6570b";;;;;;;
"17756246";"721546-041";"ML310e Gen8";;;;"ML310e Gen8";"ML310e Gen8";"ML310e Gen8";"ML310e Gen8";;;;;;;
"17756296";"721546-051";"ProLiant ML310e Gen8 G2020 2GB-U Non-hot Plug LFF 350W PS Server";;;;"ProLiant ML310e Gen8 G2020 2GB-U Non-hot Plug LFF 350W PS Server";"ProLiant ML310e Gen8 G2020 2GB-U Non-hot Plug LFF 350W PS Server";"ProLiant ML310e Gen8 G2020 2GB-U Non-hot Plug LFF 350W PS Server";"ProLiant ML310e Gen8 G2020 2GB-U Non-hot Plug LFF 350W PS Server";;;;;;;
"17967907";"7147D4G";"3690 X5";;;;"3690 X5";"3690 X5";"3690 X5";"3690 X5";;;;;;;
"18020389";"H5F24EA";"ProBook 6470b Notebook PC";;;;"ProBook 6470b Notebook PC";"ProBook 6470b Notebook PC";"ProBook 6470b Notebook PC";"ProBook 6470b Notebook PC";;;;;;;
"18022441";"664646-B23";"ProLiant SL4545 G7 Tray 3x Node Server";;;;"ProLiant SL4545 G7 Tray 3x Node Server";"ProLiant SL4545 G7 Tray 3x Node Server";"ProLiant SL4545 G7 Tray 3x Node Server";"ProLiant SL4545 G7 Tray 3x Node Server";;;;;;;
"18022713";"LY542EA-ABB";"8470w";;;;"8470w";"8470w";"8470w";"8470w";;;;;;;
"18023286";"QY776AT-ABB";"USB Keyboard";;;;"USB Keyboard";"USB Keyboard";"USB Keyboard";"USB Keyboard";;;;;;;
"18023674";"H5F23EA-ABH";"6470b";;;;"6470b";"6470b";"6470b";"6470b";;;;;;;
"18032228";"E0H92AA-ABB";"7 2800 Tablet";;;;"7 2800 Tablet";"7 2800 Tablet";"7 2800 Tablet";"7 2800 Tablet";;;;;;;
"18152366";"SGP311DEAB";"Z";;;;"Z";"Z black";"Z черный";"Z чорний";;;;;;;
"18152366";"SGP321E2";"Z";;;;"Z";"Z black";"Z черный";"Z чорний";;;;;;;
"18152366";"SGP312DEAW";"Z";;;;"Z";"Z white";"Z белый";"Z білий";;;;;;;
"18188206";"E0P94AA-ABB";"7 2801 Tablet";;;;"7 2801 Tablet";"7 2801 Tablet";"7 2801 Tablet";"7 2801 Tablet";;;;;;;
"18238795";"SGP312E1AB-CE3";"Z 32GB Wi-Fi";;;;"Z 32GB Wi-Fi";"Z 32GB Wi-Fi";"Z 32GB Wi-Fi";"Z 32GB Wi-Fi";;;;;;;
"18248409";"D0M18B";"Vertica DL380p Gen8 V16 Server";;;;"Vertica DL380p Gen8 V16 Server";"Vertica DL380p Gen8 V16 Server";"Vertica DL380p Gen8 V16 Server";"Vertica DL380p Gen8 V16 Server";;;;;;;
"18262089";"663600-B23";"ProLiant SL454x 3x Node Chassis";;;;"ProLiant SL454x 3x Node Chassis";"ProLiant SL454x 3x Node Chassis";"ProLiant SL454x 3x Node Chassis";"ProLiant SL454x 3x Node Chassis";;;;;;;
"18262091";"664644-B23-0D1";"ProLiant SL4540 Gen8 Tray 3x Node Server";;;;"ProLiant SL4540 Gen8 Tray 3x Node Server";"ProLiant SL4540 Gen8 Tray 3x Node Server";"ProLiant SL4540 Gen8 Tray 3x Node Server";"ProLiant SL4540 Gen8 Tray 3x Node Server";;;;;;;
"18269621";"SGP312E4AB";"Z";;;;"Z";"Z";"Z";"Z";;;;;;;
"18271679";"H5F77EA";"900 G1";;;;"900 G1";"900 G1";"900 G1";"900 G1";;;;;;;
"18295047";"NT-L1CEG-001";"A1-810";;;;"A1-810";"A1-810";"A1-810";"A1-810";;;;;;;
"18302609";"2583F2U";"3250 M4";;;;"3250 M4";"3250 M4";"3250 M4";"3250 M4";;;;;;;
"18328005";"NT-L1JEH-005";"W3-810 64GB";;;;"W3-810 64GB";"W3-810 64GB";"W3-810 64GB";"W3-810 64GB";;;;;;;
"18341036";"H5F87EA";"900";;;;"900";"900";"900";"900";;;;;;;
"18363951";"H5F58EA";"900 G1";;;;"900 G1";"900 G1";"900 G1";"900 G1";;;;;;;
"18369235";"NT-L1CEE-004";"A1-810 16GB Wi-Fi";;;;"A1-810 16GB Wi-Fi";"A1-810 16GB Wi-Fi";"A1-810 16GB Wi-Fi";"A1-810 16GB Wi-Fi";;;;;;;
"18401822";"E2T66EA";"10-h000sa";;;;"10-h000sa";"10-h000sa";"10-h000sa";"10-h000sa";;;;;;;
"18403721";"E4A07EA";"TouchSmart 15-j003ed";;;;"TouchSmart 15-j003ed";"TouchSmart 15-j003ed";"TouchSmart 15-j003ed";"TouchSmart 15-j003ed";;;;;;;
"18410913";"H5F59EA";"ElitePad 900 G1 Tablet";;;;"ElitePad 900 G1 Tablet";"ElitePad 900 G1 Tablet";"ElitePad 900 G1 Tablet";"ElitePad 900 G1 Tablet";;;;;;;
"18476695";"E3Z77EA-ABH";"11-e000ed";;;;"11-e000ed";"11-e000ed";"11-e000ed";"11-e000ed";;;;;;;
"18480862";"GT-P5210ZWA";"3 10.1";;;;"3 10.1";"3 10.1";"3 10.1";"3 10.1";;;;;;;
"18484376";"E2T58EA-ABH";"17-e004ed";;;;"17-e004ed";"17-e004ed";"17-e004ed";"17-e004ed";;;;;;;
"18485714";"712317-421";"MicroServer Gen8";;;;"MicroServer Gen8";"MicroServer Gen8";"MicroServer Gen8";"MicroServer Gen8";;;;;;;
"18485717";"712329-421";"ML310e Gen8 v2";;;;"ML310e Gen8 v2";"ML310e Gen8 v2";"ML310e Gen8 v2";"ML310e Gen8 v2";;;;;;;
"18501874";"DT527A";"PS/2 Standard Keyboard";;;;"PS/2 Standard Keyboard";"PS/2 Standard Keyboard";"PS/2 Standard Keyboard";"PS/2 Standard Keyboard";;;;;;;
"18627518";"H5F58EA-ABH";"900 G1";;;;"900 G1";"900 G1";"900 G1";"900 G1";;;;;;;
"18627698";"712329-031";"ProLiant ML310e Gen8 v2 E3-1220v3 1P 4GB-U B120i 350W PS Svr";;;;"ProLiant ML310e Gen8 v2 E3-1220v3 1P 4GB-U B120i 350W PS Svr";"ProLiant ML310e Gen8 v2 E3-1220v3 1P 4GB-U B120i 350W PS Svr";"ProLiant ML310e Gen8 v2 E3-1220v3 1P 4GB-U B120i 350W PS Svr";"ProLiant ML310e Gen8 v2 E3-1220v3 1P 4GB-U B120i 350W PS Svr";;;;;;;
"18637930";"724146-425";"ProLiant MicroSvr Gen8 G1610T 1P 4GB-U B120i NHP SATA 1TB LFF 150W PS Svr/GO";;;;"ProLiant MicroSvr Gen8 G1610T 1P 4GB-U B120i NHP SATA 1TB LFF 150W PS Svr/GO";"ProLiant MicroSvr Gen8 G1610T 1P 4GB-U B120i NHP SATA 1TB LFF 150W PS Svr/GO";"ProLiant MicroSvr Gen8 G1610T 1P 4GB-U B120i NHP SATA 1TB LFF 150W PS Svr/GO";"ProLiant MicroSvr Gen8 G1610T 1P 4GB-U B120i NHP SATA 1TB LFF 150W PS Svr/GO";;;;;;;
"18637990";"726043-425";"ProLiant DL320e Gen8 v2 E3-1230v3 1P 4GB-U NHP 2 LFF 300W PS Server/GO";;;;"ProLiant DL320e Gen8 v2 E3-1230v3 1P 4GB-U NHP 2 LFF 300W PS Server/GO";"ProLiant DL320e Gen8 v2 E3-1230v3 1P 4GB-U NHP 2 LFF 300W PS Server/GO";"ProLiant DL320e Gen8 v2 E3-1230v3 1P 4GB-U NHP 2 LFF 300W PS Server/GO";"ProLiant DL320e Gen8 v2 E3-1230v3 1P 4GB-U NHP 2 LFF 300W PS Server/GO";;;;;;;
"18638297";"724160-045";"ML310e Gen8";;;;"ML310e Gen8";"ML310e Gen8";"ML310e Gen8";"ML310e Gen8";;;;;;;
"18648823";"GT-P5210ZWAPHN";"3 10.1";;;;"3 10.1";"3 10.1";"3 10.1";"3 10.1";;;;;;;
"18648823";"GT-P5210ZWALUX";"3 10.1";;;;"3 10.1";"3 10.1";"3 10.1";"3 10.1";;;;;;;
"18671575";"NT-L1VEH-001";"B1-710 16GB WiFi";;;;"B1-710 16GB WiFi";"B1-710 16GB WiFi";"B1-710 16GB WiFi";"B1-710 16GB WiFi";;;;;;;
"19133177";"H5F86EA-ABH";"900";;;;"900";"900";"900";"900";;;;;;;
"19206240";"631348-B21-0D1";"USB BFR with PVC Free ES Keyboard/Mouse Kit";;;;"USB BFR with PVC Free ES Keyboard/Mouse Kit";"USB BFR with PVC Free ES Keyboard/Mouse Kit";"USB BFR with PVC Free ES Keyboard/Mouse Kit";"USB BFR with PVC Free ES Keyboard/Mouse Kit";;;;;;;
"19268828";"NT-L1VEE-004";"B1-710 16GB WiFi";;;;"B1-710 16GB WiFi";"B1-710 16GB WiFi";"B1-710 16GB WiFi";"B1-710 16GB WiFi";;;;;;;
"19281792";"ME302C-A1-BL";"ME302C-A1-BL";;;;"ME302C-A1-BL";"ME302C-A1-BL";"ME302C-A1-BL";"ME302C-A1-BL";;;;;;;
"19281793";"ME302C-A1-WH";"ME302C-A1-WH";;;;"ME302C-A1-WH";"ME302C-A1-WH";"ME302C-A1-WH";"ME302C-A1-WH";;;;;;;
"19299893";"SGP312A1W";"32GB Wi-Fi";;;;"32GB Wi-Fi";"32GB Wi-Fi";"32GB Wi-Fi";"32GB Wi-Fi";;;;;;;
"19334118";"910-003913";"M560";;;;"M560";"M560";"M560";"M560";;;;;;;
"19365318";"E8P93EA-ABH";"15-n002ed";;;;"15-n002ed";"15-n002ed 1.6 GHz";"15-n002ed 1,6 ГГц";"15-n002ed 1,6 ГГц";;;;;;;
"19365318";"E8P97EA-ABH";"15-n056ed";;;;"15-n056ed";"15-n056ed 1.5 GHz";"15-n056ed 1,5 ГГц";"15-n056ed 1,5 ГГц";;;;;;;
"19394240";"GT-P5210MKAPHN";"3 10.1";;;;"3 10.1";"3 10.1";"3 10.1";"3 10.1";;;;;;;
"19419495";"GT-P5210MKA";"3 10.1";;;;"3 10.1";"3 10.1";"3 10.1";"3 10.1";;;;;;;
"19567088";"730651-421";"ProLiant ML10 G2130 1P 2GB-U B110i 300W PS Entry Server";;;;"ProLiant ML10 G2130 1P 2GB-U B110i 300W PS Entry Server";"ProLiant ML10 G2130 1P 2GB-U B110i 300W PS Entry Server";"ProLiant ML10 G2130 1P 2GB-U B110i 300W PS Entry Server";"ProLiant ML10 G2130 1P 2GB-U B110i 300W PS Entry Server";;;;;;;
"19598822";"H5G18ET";"840 G1";;;;"840 G1";"840 G1";"840 G1";"840 G1";;;;;;;
"19598823";"H5G28ET";"840";;;;"840";"840";"840";"840";;;;;;;
"19599726";"F0B18A";"ProLiant DL385p Gen8 6376 1P 8GB-R 460W PS Server/TV";;;;"ProLiant DL385p Gen8 6376 1P 8GB-R 460W PS Server/TV";"ProLiant DL385p Gen8 6376 1P 8GB-R 460W PS Server/TV";"ProLiant DL385p Gen8 6376 1P 8GB-R 460W PS Server/TV";"ProLiant DL385p Gen8 6376 1P 8GB-R 460W PS Server/TV";;;;;;;
"19601549";"E2A60UT";"230 MT";;;;"230 MT";"230 MT";"230 MT";"230 MT";;;;;;;
"19604432";"GT-P5210GNA";"3 10.1";;;;"3 10.1";"3 10.1";"3 10.1";"3 10.1";;;;;;;
"19615984";"910-003883";"M560";;;;"M560";"M560";"M560";"M560";;;;;;;
"19615989";"H5G17EA";"840 G1";;;;"840 G1";"840 G1 500G";"840 G1 500G";"840 G1 500G";;;;;;;
"19615989";"H5G21EA";"840 G1";;;;"840 G1";"840 G1 500G";"840 G1 500G";"840 G1 500G";;;;;;;
"19615989";"H5G24EA";"840 G1";;;;"840 G1";"840 G1 180G SSD";"840 G1 180G SSD";"840 G1 180G SSD";;;;;;;
"19615989";"H5G30EA";"840 G1";;;;"840 G1";"840 G1 256G SSD";"840 G1 256G SSD";"840 G1 256G SSD";;;;;;;
"19622728";"GT-P5210MKALUX";"3 10.1";;;;"3 10.1";"3 10.1";"3 10.1";"3 10.1";;;;;;;
"19656880";"AM377A-0D1";"Integrity BL860c i4 Server Blade";;;;"Integrity BL860c i4 Server Blade";"Integrity BL860c i4 Server Blade";"Integrity BL860c i4 Server Blade";"Integrity BL860c i4 Server Blade";;;;;;;
"19664773";"733733-421";"DL360p Gen8";;;;"DL360p Gen8";"DL360p Gen8";"DL360p Gen8";"DL360p Gen8";;;;;;;
"19666909";"709942-421";"DL380p Gen8";;;;"DL380p Gen8";"DL380p Gen8";"DL380p Gen8";"DL380p Gen8";;;;;;;
"19666910";"709943-421";"DL380p Gen8";;;;"DL380p Gen8";"DL380p Gen8";"DL380p Gen8";"DL380p Gen8";;;;;;;
"19666964";"724082-B21";"ProLiant BL460c Gen8 E5-2670v2 2P 64GB-R P220i/512 FBWC Server";;;;"ProLiant BL460c Gen8 E5-2670v2 2P 64GB-R P220i/512 FBWC Server";"ProLiant BL460c Gen8 E5-2670v2 2P 64GB-R P220i/512 FBWC Server";"ProLiant BL460c Gen8 E5-2670v2 2P 64GB-R P220i/512 FBWC Server";"ProLiant BL460c Gen8 E5-2670v2 2P 64GB-R P220i/512 FBWC Server";;;;;;;
"19666967";"724086-B21";"BL460c Gen8";;;;"BL460c Gen8";"BL460c Gen8";"BL460c Gen8";"BL460c Gen8";;;;;;;
"19666968";"724087-B21";"BL460c Gen8";;;;"BL460c Gen8";"BL460c Gen8";"BL460c Gen8";"BL460c Gen8";;;;;;;
"19666969";"724088-B21";"BL460c Gen8";;;;"BL460c Gen8";"BL460c Gen8";"BL460c Gen8";"BL460c Gen8";;;;;;;
"19666971";"733738-421";"DL360p Gen8";;;;"DL360p Gen8";"DL360p Gen8";"DL360p Gen8";"DL360p Gen8";;;;;;;
"19666976";"736958-421";"ML350p Gen8";;;;"ML350p Gen8";"ML350p Gen8";"ML350p Gen8";"ML350p Gen8";;;;;;;
"19666978";"736968-031";"ProLiant ML350p Gen8 E5-2650v2 2P 16GB-R P420i/2GB FBWC 8 SFF 750W RPS Server";;;;"ProLiant ML350p Gen8 E5-2650v2 2P 16GB-R P420i/2GB FBWC 8 SFF 750W RPS Server";"ProLiant ML350p Gen8 E5-2650v2 2P 16GB-R P420i/2GB FBWC 8 SFF 750W RPS Server";"ProLiant ML350p Gen8 E5-2650v2 2P 16GB-R P420i/2GB FBWC 8 SFF 750W RPS Server";"ProLiant ML350p Gen8 E5-2650v2 2P 16GB-R P420i/2GB FBWC 8 SFF 750W RPS Server";;;;;;;
"19667389";"736958-051";"ProLiant ML350p Gen8 E5-2620v2 1P 8GB-R P420i/512 FBWC 8 SFF 460W PS Server";;;;"ProLiant ML350p Gen8 E5-2620v2 1P 8GB-R P420i/512 FBWC 8 SFF 460W PS Server";"ProLiant ML350p Gen8 E5-2620v2 1P 8GB-R P420i/512 FBWC 8 SFF 460W PS Server";"ProLiant ML350p Gen8 E5-2620v2 1P 8GB-R P420i/512 FBWC 8 SFF 460W PS Server";"ProLiant ML350p Gen8 E5-2620v2 1P 8GB-R P420i/512 FBWC 8 SFF 460W PS Server";;;;;;;
"19669141";"736947-041";"ML350p Gen8";;;;"ML350p Gen8";"ML350p Gen8";"ML350p Gen8";"ML350p Gen8";;;;;;;
"19669143";"736968-041";"ML350p Gen8";;;;"ML350p Gen8";"ML350p Gen8";"ML350p Gen8";"ML350p Gen8";;;;;;;
"19671065";"736982-425";"ProLiant ML350p Gen8 E5-2620v2 2.1GHz 6-core 1P 8GB-R P420i/512 2x300GB SFF 460W PS Svr/GO";;;;"ProLiant ML350p Gen8 E5-2620v2 2.1GHz 6-core 1P 8GB-R P420i/512 2x300GB SFF 460W PS Svr/GO";"ProLiant ML350p Gen8 E5-2620v2 2.1GHz 6-core 1P 8GB-R P420i/512 2x300GB SFF 460W PS Svr/GO";"ProLiant ML350p Gen8 E5-2620v2 2.1GHz 6-core 1P 8GB-R P420i/512 2x300GB SFF 460W PS Svr/GO";"ProLiant ML350p Gen8 E5-2620v2 2.1GHz 6-core 1P 8GB-R P420i/512 2x300GB SFF 460W PS Svr/GO";;;;;;;
"19681556";"F2V71EA-ABH";"15-n014ed";;;;"15-n014ed";"15-n014ed";"15-n014ed";"15-n014ed";;;;;;;
"19681561";"F4T69EA-ABH";"15-n008ed";;;;"15-n008ed";"15-n008ed";"15-n008ed";"15-n008ed";;;;;;;
"19681618";"F4T76EA-ABH";"15-n077ed";;;;"15-n077ed";"15-n077ed";"15-n077ed";"15-n077ed";;;;;;;
"19681619";"F2T52EA-ABH";"15-n076ed";;;;"15-n076ed";"15-n076ed";"15-n076ed";"15-n076ed";;;;;;;
"19681693";"F2T59EA-ABH";"17-e075ed";;;;"17-e075ed";"17-e075ed";"17-e075ed";"17-e075ed";;;;;;;
"19681772";"E8P84EA";"15-n050ed";;;;"15-n050ed";"15-n050ed";"15-n050ed";"15-n050ed";;;;;;;
"19681780";"F2T52EA";"15-n076ed";;;;"15-n076ed";"15-n076ed";"15-n076ed";"15-n076ed";;;;;;;
"19681782";"F2T59EA";"17-e075ed";;;;"17-e075ed";"17-e075ed";"17-e075ed";"17-e075ed";;;;;;;
"19692973";"SVT1312V1RS";"SVT1312V1R";;;;"SVT1312V1R";"SVT1312V1R";"SVT1312V1R";"SVT1312V1R";;;;;;;
"19693199";"SVS1513V9RB";"SVS1513V9R";;;;"SVS1513V9R";"SVS1513V9R";"SVS1513V9R";"SVS1513V9R";;;;;;;
"19693443";"SVS1513M1RW";"SVS1513M1R";;;;"SVS1513M1R";"SVS1513M1R";"SVS1513M1R";"SVS1513M1R";;;;;;;
"19760016";"F2U76EA";"17-j120ed Leap Motion TS SE";;;;"17-j120ed Leap Motion TS SE";"17-j120ed Leap Motion TS SE";"17-j120ed Leap Motion TS SE";"17-j120ed Leap Motion TS SE";;;;;;;
"19765540";"E3W30UT";"840 G1";;;;"840 G1";"840 G1";"840 G1";"840 G1";;;;;;;
"19765545";"F2P22UT";"840 G1";;;;"840 G1";"840 G1";"840 G1";"840 G1";;;;;;;
"19766148";"469-4355";"12 (9q33)";;;;"12 (9q33)";"12 (9q33)";"12 (9q33)";"12 (9q33)";;;;;;;
"19766149";"469-4356";"12 (9q33)";;;;"12 (9q33)";"12 (9q33)";"12 (9q33)";"12 (9q33)";;;;;;;
"19787741";"H5G26ET";"840 G1";;;;"840 G1";"840 G1";"840 G1";"840 G1";;;;;;;
"19790145";"E6D77AT";"USB SmartCard CCID Keyboard";;;;"USB SmartCard CCID Keyboard";"USB SmartCard CCID Keyboard";"USB SmartCard CCID Keyboard";"USB SmartCard CCID Keyboard";;;;;;;
"19811288";"H5G17EA-ABH";"840 G1";;;;"840 G1";"840 G1";"840 G1";"840 G1";;;;;;;
"19811289";"H5G19EA-ABH";"840 G1";;;;"840 G1";"840 G1";"840 G1";"840 G1";;;;;;;
"19811290";"H5G21EA-ABH";"840 G1";;;;"840 G1";"840 G1";"840 G1";"840 G1";;;;;;;
"19811291";"H5G26EA-ABH";"840 G1";;;;"840 G1";"840 G1";"840 G1";"840 G1";;;;;;;
"19811292";"H5G30EA-ABH";"840 G1";;;;"840 G1";"840 G1";"840 G1";"840 G1";;;;;;;
"19811293";"H5G32EA-ABH";"840 G1";;;;"840 G1";"840 G1";"840 G1";"840 G1";;;;;;;
"19847134";"H5G29EA";"840 G1";;;;"840 G1";"840 G1";"840 G1";"840 G1";;;;;;;
"19847135";"H5G32EA";"840 G1";;;;"840 G1";"840 G1";"840 G1";"840 G1";;;;;;;
"19867365";"E4Z29ET";"6305 SFF";;;;"6305 SFF";"6305 SFF";"6305 SFF";"6305 SFF";;;;;;;
"19886448";"H5G16EA";"840 G1";;;;"840 G1";"840 G1";"840 G1";"840 G1";;;;;;;
"19886449";"H5G18EA";"840 G1";;;;"840 G1";"840 G1";"840 G1";"840 G1";;;;;;;
"19887468";"F1N25EA";"840 G1";;;;"840 G1";"840 G1";"840 G1";"840 G1";;;;;;;
"19887472";"H5G19EA";"840 G1";;;;"840 G1";"840 G1";"840 G1";"840 G1";;;;;;;
"19887473";"H5G26EA";"840 G1";;;;"840 G1";"840 G1";"840 G1";"840 G1";;;;;;;
"19908846";"735151-B21";"BL460c Gen8";;;;"BL460c Gen8";"BL460c Gen8";"BL460c Gen8";"BL460c Gen8";;;;;;;
"19989257";"F1R88AW";"840 G1";;;;"840 G1";"840 G1";"840 G1";"840 G1";;;;;;;
"20085599";"NT-L29EE-008";"A3-A10 16 GB WiFi";;;;"A3-A10 16 GB WiFi";"A3-A10 16 GB WiFi";"A3-A10 16 GB WiFi";"A3-A10 16 GB WiFi";;;;;;;
"20089804";"D4T10AW-AKD-H4F20AA-ABB";"900 G1";;;;"900 G1";"900 G1";"900 G1";"900 G1";;;;;;;
"20089805";"D4T15AA-AKD-H4F20AA-ABB";"ElitePad 900 G1 Tablet";;;;"ElitePad 900 G1 Tablet";"ElitePad 900 G1 Tablet";"ElitePad 900 G1 Tablet";"ElitePad 900 G1 Tablet";;;;;;;
"20115973";"F4T66EA";"13-p100ed x2";;;;"13-p100ed x2";"13-p100ed x2";"13-p100ed x2";"13-p100ed x2";;;;;;;
"20332517";"E2A60UTABA";"230 MT";;;;"230 MT";"230 MT";"230 MT";"230 MT";;;;;;;
"20355336";"H5F74EA";"840 G1";;;;"840 G1";"840 G1";"840 G1";"840 G1";;;;;;;
"20411212";"NS-MKIT100";"NS-MKIT100";;;;"NS-MKIT100";"NS-MKIT100";"NS-MKIT100";"NS-MKIT100";;;;;;;
"20416638";"F2P26UT";"840 G1";;;;"840 G1";"840 G1";"840 G1";"840 G1";;;;;;;
"20419875";"F4U47EA-ABH";"10-e001ed";;;;"10-e001ed";"10-e001ed";"10-e001ed";"10-e001ed";;;;;;;
"20422556";"F1N76EA";"900 G1";;;;"900 G1";"900 G1";"900 G1";"900 G1";;;;;;;
"20561135";"733644-425";"DL380p Gen8";;;;"DL380p Gen8";"DL380p Gen8";"DL380p Gen8";"DL380p Gen8";;;;;;;
"20561196";"H5G60EA";"645 G1";;;;"645 G1";"645 G1";"645 G1";"645 G1";;;;;;;
"20561198";"H5G64EA";"640 G1";;;;"640 G1";"640 G1";"640 G1";"640 G1";;;;;;;
"20561200";"H5G66EA";"640 G1";;;;"640 G1";"640 G1";"640 G1";"640 G1";;;;;;;
"20561206";"H5G77EA";"650";;;;"650";"650";"650";"650";;;;;;;
"20561207";"H5G79EA";"650 G1";;;;"650 G1";"650 G1";"650 G1";"650 G1";;;;;;;
"20631245";"736974-425";"ML350p Gen8";;;;"ML350p Gen8";"ML350p Gen8";"ML350p Gen8";"ML350p Gen8";;;;;;;
"20631247";"737287-425";"ProLiant DL360p Gen8 E5-2620v2 1P 8GB-R P420i/1GB FBWC 460W PS Server/TV";;;;"ProLiant DL360p Gen8 E5-2620v2 1P 8GB-R P420i/1GB FBWC 460W PS Server/TV";"ProLiant DL360p Gen8 E5-2620v2 1P 8GB-R P420i/1GB FBWC 460W PS Server/TV";"ProLiant DL360p Gen8 E5-2620v2 1P 8GB-R P420i/1GB FBWC 460W PS Server/TV";"ProLiant DL360p Gen8 E5-2620v2 1P 8GB-R P420i/1GB FBWC 460W PS Server/TV";;;;;;;
"20635472";"712327-051";"ProLiant ML310e Gen8 v2 i3-4130 1P 2GB-U NHP 4 LFF 350W PS Entry Svr";;;;"ProLiant ML310e Gen8 v2 i3-4130 1P 2GB-U NHP 4 LFF 350W PS Entry Svr";"ProLiant ML310e Gen8 v2 i3-4130 1P 2GB-U NHP 4 LFF 350W PS Entry Svr";"ProLiant ML310e Gen8 v2 i3-4130 1P 2GB-U NHP 4 LFF 350W PS Entry Svr";"ProLiant ML310e Gen8 v2 i3-4130 1P 2GB-U NHP 4 LFF 350W PS Entry Svr";;;;;;;
"20635489";"F4W53EA";"7 Plus 4200eg";;;;"7 Plus 4200eg";"7 Plus 4200eg";"7 Plus 4200eg";"7 Plus 4200eg";;;;;;;
"20635641";"F2P27UA";"840 G1";;;;"840 G1";"840 G1";"840 G1";"840 G1";;;;;;;
"20694736";"H5G74ET";"650 G1";;;;"650 G1";"650 G1";"650 G1";"650 G1";;;;;;;
"20694737";"H5G75ET";"650 G1";;;;"650 G1";"650 G1";"650 G1";"650 G1";;;;;;;
"20722571";"PT330E-0VF03JCE";"R930-1MM";;;;"R930-1MM";"R930-1MM";"R930-1MM";"R930-1MM";;;;;;;
"20765244";"H5G77EA-ABH";"650";;;;"650";"650";"650";"650";;;;;;;
"20771015";"F4X12EA";"10 HD 3500eg";;;;"10 HD 3500eg";"10 HD 3500eg";"10 HD 3500eg";"10 HD 3500eg";;;;;;;
"20817392";"E3U25UT";"405 G1 MT";;;;"405 G1 MT";"405 G1 MT";"405 G1 MT";"405 G1 MT";;;;;;;
"20828449";"E3U25UTABA";"405 G1 MT";;;;"405 G1 MT";"405 G1 MT";"405 G1 MT";"405 G1 MT";;;;;;;
"20852690";"H5G78EA";"650 G1";;;;"650 G1";"650 G1";"650 G1";"650 G1";;;;;;;
"20873054";"H5G22EA-ABH";"840 G1";;;;"840 G1";"840 G1";"840 G1";"840 G1";;;;;;;
"20873286";"H5G23EA-ABH";"840 G1";;;;"840 G1";"840 G1";"840 G1";"840 G1";;;;;;;
"20878140";"H5G18EA-ABH";"840 G1";;;;"840 G1";"840 G1";"840 G1";"840 G1";;;;;;;
"20878479";"NT-L0KEH-005";"W510";;;;"W510";"W510";"W510";"W510";;;;;;;
"20878574";"H5G81EA-ABH";"650 G1";;;;"650 G1";"650 G1";"650 G1";"650 G1";;;;;;;
"20878575";"H5G69EA-ABH";"640 G1";;;;"640 G1";"640 G1";"640 G1";"640 G1";;;;;;;
"20878576";"F1R88AW-ABH";"840 G1";;;;"840 G1";"840 G1";"840 G1";"840 G1";;;;;;;
"20878577";"F1R92AW-ABH";"840 G1";;;;"840 G1";"840 G1";"840 G1";"840 G1";;;;;;;
"20878578";"F1R86AW-ABH";"840 G1";;;;"840 G1";"840 G1";"840 G1";"840 G1";;;;;;;
"20878907";"H5G29EA-ABH";"840 G1";;;;"840 G1";"840 G1";"840 G1";"840 G1";;;;;;;
"20878914";"H5G28EA-ABH";"840 G1";;;;"840 G1";"840 G1";"840 G1";"840 G1";;;;;;;
"20878915";"H5G25EA-ABH";"840 G1";;;;"840 G1";"840 G1";"840 G1";"840 G1";;;;;;;
"20878916";"H5G24EA-ABH";"840 G1";;;;"840 G1";"840 G1";"840 G1";"840 G1";;;;;;;
"20878924";"H5F74EA-ABH";"840 G1";;;;"840 G1";"840 G1";"840 G1";"840 G1";;;;;;;
"20882213";"NT-L31EH-005";"W4-820";;;;"W4-820";"W4-820";"W4-820";"W4-820";;;;;;;
"20886099";"F5B81EA-ABH";"11-e100ed";;;;"11-e100ed";"11-e100ed";"11-e100ed";"11-e100ed";;;;;;;
"20886161";"F5C00EA";"15-n200ed";;;;"15-n200ed";"15-n200ed";"15-n200ed";"15-n200ed";;;;;;;
"20886163";"F5C10EA";"15-n210ed";;;;"15-n210ed";"15-n210ed";"15-n210ed";"15-n210ed";;;;;;;
"20886189";"F5C10EA-ABH";"15-n210ed";;;;"15-n210ed";"15-n210ed";"15-n210ed";"15-n210ed";;;;;;;
"20886190";"F9G11EA-ABH";"15-n213ed";;;;"15-n213ed";"15-n213ed";"15-n213ed";"15-n213ed";;;;;;;
"20886195";"F5C12EA";"15-n212ed";;;;"15-n212ed";"15-n212ed";"15-n212ed";"15-n212ed";;;;;;;
"20886301";"F5C32EA";"17-j100ed";;;;"17-j100ed";"17-j100ed";"17-j100ed";"17-j100ed";;;;;;;
"20886326";"F5C32EA-ABH";"17-j100ed";;;;"17-j100ed";"17-j100ed";"17-j100ed";"17-j100ed";;;;;;;
"20946907";"G1F24PA";"840 G1";;;;"840 G1";"840 G1";"840 G1";"840 G1";;;;;;;
"20996293";"F1N62EA";"900 G1";;;;"900 G1";"900 G1";"900 G1";"900 G1";;;;;;;
"20996307";"F1N64EA";"ElitePad 900 G1 Tablet";;;;"ElitePad 900 G1 Tablet";"ElitePad 900 G1 Tablet";"ElitePad 900 G1 Tablet";"ElitePad 900 G1 Tablet";;;;;;;
"21001727";"F9G12EA";"15-n215ed";;;;"15-n215ed";"15-n215ed";"15-n215ed";"15-n215ed";;;;;;;
"21048674";"NP940X3G-K03FR";"NP940X3G";;;;"NP940X3G";"NP940X3G";"NP940X3G";"NP940X3G";;;;;;;
"21060273";"748209-425";"ProLiant DL380e Gen8 E5-2407v2 1P 8GB-R SATA 1TB 460W PS Server/TV";;;;"ProLiant DL380e Gen8 E5-2407v2 1P 8GB-R SATA 1TB 460W PS Server/TV";"ProLiant DL380e Gen8 E5-2407v2 1P 8GB-R SATA 1TB 460W PS Server/TV";"ProLiant DL380e Gen8 E5-2407v2 1P 8GB-R SATA 1TB 460W PS Server/TV";"ProLiant DL380e Gen8 E5-2407v2 1P 8GB-R SATA 1TB 460W PS Server/TV";;;;;;;
"21124919";"19733";"Isotto Wired Mini Mouse";;;;"Isotto Wired Mini Mouse";"Isotto Wired Mini Mouse";"Isotto Wired Mini Mouse";"Isotto Wired Mini Mouse";;;;;;;
"21129489";"SM-T111NDWANEE";"3 7.0 Lite";;;;"3 7.0 Lite";"3 7.0 Lite";"3 7.0 Lite";"3 7.0 Lite";;;;;;;
"21129855";"747089-421";"DL360e Gen8";;;;"DL360e Gen8";"DL360e Gen8";"DL360e Gen8";"DL360e Gen8";;;;;;;
"21129856";"747090-421";"DL360e Gen8";;;;"DL360e Gen8";"DL360e Gen8";"DL360e Gen8";"DL360e Gen8";;;;;;;
"21129858";"747767-421";"DL380e Gen8";;;;"DL380e Gen8";"DL380e Gen8";"DL380e Gen8";"DL380e Gen8";;;;;;;
"21129860";"747769-421";"DL380e Gen8";;;;"DL380e Gen8";"DL380e Gen8";"DL380e Gen8";"DL380e Gen8";;;;;;;
"21132461";"740899-031";"ProLiant ML350e Gen8 v2 E5-2407 1P 4GB-U B120i 460W PS Base Server";;;;"ProLiant ML350e Gen8 v2 E5-2407 1P 4GB-U B120i 460W PS Base Server";"ProLiant ML350e Gen8 v2 E5-2407 1P 4GB-U B120i 460W PS Base Server";"ProLiant ML350e Gen8 v2 E5-2407 1P 4GB-U B120i 460W PS Base Server";"ProLiant ML350e Gen8 v2 E5-2407 1P 4GB-U B120i 460W PS Base Server";;;;;;;
"21138588";"90NB0391-M01050";"K95VB-YZ075H";;;;"K95VB-YZ075H";"K95VB-YZ075H";"K95VB-YZ075H";"K95VB-YZ075H";;;;;;;
"21378161";"NT-L3JEE-005";"B1-720";;;;"B1-720";"B1-720";"B1-720";"B1-720";;;;;;;
"21421153";"NT-L2AEE-010";"A3-A11";;;;"A3-A11";"A3-A11";"A3-A11";"A3-A11";;;;;;;
"21421892";"NT-L0MEH-014";"W510";;;;"W510";"W510";"W510";"W510";;;;;;;
"21486830";"D3J20LT-ABM-LA";"6305 SFF";;;;"6305 SFF";"6305 SFF";"6305 SFF";"6305 SFF";;;;;;;
"21517878";"GT-P5200MKAXEO";"3 10.1";;;;"3 10.1";"3 10.1";"3 10.1";"3 10.1";;;;;;;
"21542678";"SM-T520ZWALUX";"Pro 10.1";;;;"Pro 10.1";"Pro 10.1";"Pro 10.1";"Pro 10.1";;;;;;;
"21562051";"F8Q86EA";"17-j106sg";;;;"17-j106sg";"17-j106sg";"17-j106sg";"17-j106sg";;;;;;;
"21565401";"SM-T520NZWAPHN";"Pro 10.1";;;;"Pro 10.1";"Pro 10.1";"Pro 10.1";"Pro 10.1";;;;;;;
"21565402";"SM-T520NZKAPHN";"Pro 10.1";;;;"Pro 10.1";"Pro 10.1";"Pro 10.1";"Pro 10.1";;;;;;;
"21578279";"20A8002FUK";"X1 Carbon";;;;"X1 Carbon";"X1 Carbon";"X1 Carbon";"X1 Carbon";;;;;;;
"21578622";"20A8002GUK";"X1 Carbon";;;;"X1 Carbon";"X1 Carbon";"X1 Carbon";"X1 Carbon";;;;;;;
"21579504";"20A8002HGE";"X1 Carbon";;;;"X1 Carbon";"X1 Carbon";"X1 Carbon";"X1 Carbon";;;;;;;
"21601586";"F1N62EA-ABH";"900 G1";;;;"900 G1";"900 G1";"900 G1";"900 G1";;;;;;;
"21608037";"F1N49EA";"900 G1";;;;"900 G1";"900 G1";"900 G1";"900 G1";;;;;;;
"21608040";"H6P82EA";"ElitePad 900 G1 Tablet";;;;"ElitePad 900 G1 Tablet";"ElitePad 900 G1 Tablet";"ElitePad 900 G1 Tablet";"ElitePad 900 G1 Tablet";;;;;;;
"21764752";"NT-L3WEE-002";"A1-830";;;;"A1-830";"A1-830";"A1-830";"A1-830";;;;;;;
"21809611";"728547-421";"DL580";;;;"DL580";"DL580";"DL580";"DL580";;;;;;;
"21811723";"SGP512E1AW-EC5";"Z2";;;;"Z2";"Z2";"Z2";"Z2";;;;;;;
"21844731";"G6X12AW";"1000 G2";;;;"1000 G2";"1000 G2";"1000 G2";"1000 G2";;;;;;;
"21926589";"732341-421";"ProLiant DL560 Gen8 E5-4610v2 2P 32GB-R Hot Plug SFF 1200W RPS Server";;;;"ProLiant DL560 Gen8 E5-4610v2 2P 32GB-R Hot Plug SFF 1200W RPS Server";"ProLiant DL560 Gen8 E5-4610v2 2P 32GB-R Hot Plug SFF 1200W RPS Server";"ProLiant DL560 Gen8 E5-4610v2 2P 32GB-R Hot Plug SFF 1200W RPS Server";"ProLiant DL560 Gen8 E5-4610v2 2P 32GB-R Hot Plug SFF 1200W RPS Server";;;;;;;
"21926592";"F4Q34EA";"ProDesk 400 G1 Small Form Factor PC";;;;"ProDesk 400 G1 Small Form Factor PC";"ProDesk 400 G1 Small Form Factor PC";"ProDesk 400 G1 Small Form Factor PC";"ProDesk 400 G1 Small Form Factor PC";;;;;;;
"21971720";"G6X12AW-ABH";"1000 G2";;;;"1000 G2";"1000 G2";"1000 G2";"1000 G2";;;;;;;
"22124170";"G2E68EA-ABB";"7 6101en VoiceTab";;;;"7 6101en VoiceTab";"7 6101en VoiceTab";"7 6101en VoiceTab";"7 6101en VoiceTab";;;;;;;
"22124931";"VFYZQ7040M87B1ES";"Q704";;;;"Q704";"Q704";"Q704";"Q704";;;;;;;
"22124966";"VFYZQ5840M80A2ES";"Q584";;;;"Q584";"Q584";"Q584";"Q584";;;;;;;
"22150378";"G2E67EA";"6 6001en VoiceTab";;;;"6 6001en VoiceTab";"6 6001en VoiceTab";"6 6001en VoiceTab";"6 6001en VoiceTab";;;;;;;
"22303440";"G1K29AA";"G1K29AA";;;;"G1K29AA";"G1K29AA";"G1K29AA";"G1K29AA";;;;;;;
"22552995";"70B0000EUX";"RD640";;;;"RD640";"RD640";"RD640";"RD640";;;;;;;
"22585143";"E2A60UTRABA";"230 MT";;;;"230 MT";"230 MT";"230 MT";"230 MT";;;;;;;
"22587355";"E4Z29ETABU-MFC00007";"6305 SFF";;;;"6305 SFF";"6305 SFF";"6305 SFF";"6305 SFF";;;;;;;
"22587801";"E4Z29ETABU";"6305 SFF";;;;"6305 SFF";"6305 SFF";"6305 SFF";"6305 SFF";;;;;;;
"22615443";"J4C95AA";"Chromebox";;;;"Chromebox";"Chromebox";"Chromebox";"Chromebox";;;;;;;
"22615446";"J4C96AA";"Chromebox";;;;"Chromebox";"Chromebox";"Chromebox";"Chromebox";;;;;;;
"22622340";"F1Q78EA-ABH";"1000 G2";;;;"1000 G2";"1000 G2";"1000 G2";"1000 G2";;;;;;;
"22631609";"SGP511B2AB-EC5";"Z2 FIFA";;;;"Z2 FIFA";"Z2 FIFA";"Z2 FIFA";"Z2 FIFA";;;;;;;
"22633372";"F1Q70EA";"1000 G2";;;;"1000 G2";"1000 G2";"1000 G2";"1000 G2";;;;;;;
"22633374";"F1Q75EA";"1000 G2";;;;"1000 G2";"1000 G2";"1000 G2";"1000 G2";;;;;;;
"22648989";"F1Q72EA";"1000 G2";;;;"1000 G2";"1000 G2";"1000 G2";"1000 G2";;;;;;;
"22759382";"VFYZP0720PXSA1CZ";"P720 E85+";;;;"P720 E85+";"P720 E85+";"P720 E85+";"P720 E85+";;;;;;;
"22806892";"J6T84AW-ABH";"1000 G2";;;;"1000 G2";"1000 G2";"1000 G2";"1000 G2";;;;;;;
"22806894";"J6T92AW-ABH";"1000 G2";;;;"1000 G2";"1000 G2";"1000 G2";"1000 G2";;;;;;;
"22820780";"E3U25UTRABA";"405 G1 MT";;;;"405 G1 MT";"405 G1 MT";"405 G1 MT";"405 G1 MT";;;;;;;
"22839177";"TABLET-S100SILVER";"TABLET-S100SILVER";;;;"TABLET-S100SILVER";"TABLET-S100SILVER";"TABLET-S100SILVER";"TABLET-S100SILVER";;;;;;;
"22839178";"TABLET-UN100BLACK";"TABLET-UN100BLACK";;;;"TABLET-UN100BLACK";"TABLET-UN100BLACK";"TABLET-UN100BLACK";"TABLET-UN100BLACK";;;;;;;
"23060898";"768748-371";"ProLiant ML310e Gen8 v2 i3-4150 1P 2GB-U B120i Non-hot Plug 350W PS Entry Server";;;;"ProLiant ML310e Gen8 v2 i3-4150 1P 2GB-U B120i Non-hot Plug 350W PS Entry Server";"ProLiant ML310e Gen8 v2 i3-4150 1P 2GB-U B120i Non-hot Plug 350W PS Entry Server";"ProLiant ML310e Gen8 v2 i3-4150 1P 2GB-U B120i Non-hot Plug 350W PS Entry Server";"ProLiant ML310e Gen8 v2 i3-4150 1P 2GB-U B120i Non-hot Plug 350W PS Entry Server";;;;;;;
"23060936";"768645-421";"ProLiant DL320e Gen8 v2 E3-1241v3 1P 8GB-U P222 Hot Plug 4 SFF Perf Svr";;;;"ProLiant DL320e Gen8 v2 E3-1241v3 1P 8GB-U P222 Hot Plug 4 SFF Perf Svr";"ProLiant DL320e Gen8 v2 E3-1241v3 1P 8GB-U P222 Hot Plug 4 SFF Perf Svr";"ProLiant DL320e Gen8 v2 E3-1241v3 1P 8GB-U P222 Hot Plug 4 SFF Perf Svr";"ProLiant DL320e Gen8 v2 E3-1241v3 1P 8GB-U P222 Hot Plug 4 SFF Perf Svr";;;;;;;
"23060946";"768638-AA1";"ProLiant DL320e Gen8 v2 G3240 1P 2GB-U Non-hot Plug 2 LFF Entry Server";;;;"ProLiant DL320e Gen8 v2 G3240 1P 2GB-U Non-hot Plug 2 LFF Entry Server";"ProLiant DL320e Gen8 v2 G3240 1P 2GB-U Non-hot Plug 2 LFF Entry Server";"ProLiant DL320e Gen8 v2 G3240 1P 2GB-U Non-hot Plug 2 LFF Entry Server";"ProLiant DL320e Gen8 v2 G3240 1P 2GB-U Non-hot Plug 2 LFF Entry Server";;;;;;;
"23060957";"768752-425";"ProLiant ML310e Gen8 v2 i3-4150 1P 4GB-U B120i Non-hot Plug 350W PS Server/TV";;;;"ProLiant ML310e Gen8 v2 i3-4150 1P 4GB-U B120i Non-hot Plug 350W PS Server/TV";"ProLiant ML310e Gen8 v2 i3-4150 1P 4GB-U B120i Non-hot Plug 350W PS Server/TV";"ProLiant ML310e Gen8 v2 i3-4150 1P 4GB-U B120i Non-hot Plug 350W PS Server/TV";"ProLiant ML310e Gen8 v2 i3-4150 1P 4GB-U B120i Non-hot Plug 350W PS Server/TV";;;;;;;
"23060998";"768729-041";"ProLiant ML310e Gen8 v2 E3-1241v3 1P 8GB-U B120i 460W PS Performance Server";;;;"ProLiant ML310e Gen8 v2 E3-1241v3 1P 8GB-U B120i 460W PS Performance Server";"ProLiant ML310e Gen8 v2 E3-1241v3 1P 8GB-U B120i 460W PS Performance Server";"ProLiant ML310e Gen8 v2 E3-1241v3 1P 8GB-U B120i 460W PS Performance Server";"ProLiant ML310e Gen8 v2 E3-1241v3 1P 8GB-U B120i 460W PS Performance Server";;;;;;;
"23061008";"768729-051";"ProLiant ML310e Gen8 v2 E3-1241v3 1P 8GB-U B120i 460W PS Performance Server";;;;"ProLiant ML310e Gen8 v2 E3-1241v3 1P 8GB-U B120i 460W PS Performance Server";"ProLiant ML310e Gen8 v2 E3-1241v3 1P 8GB-U B120i 460W PS Performance Server";"ProLiant ML310e Gen8 v2 E3-1241v3 1P 8GB-U B120i 460W PS Performance Server";"ProLiant ML310e Gen8 v2 E3-1241v3 1P 8GB-U B120i 460W PS Performance Server";;;;;;;
"23061027";"768748-031";"ProLiant ML310e Gen8 v2 i3-4150 1P 2GB-U B120i Non-hot Plug 350W PS Entry Server";;;;"ProLiant ML310e Gen8 v2 i3-4150 1P 2GB-U B120i Non-hot Plug 350W PS Entry Server";"ProLiant ML310e Gen8 v2 i3-4150 1P 2GB-U B120i Non-hot Plug 350W PS Entry Server";"ProLiant ML310e Gen8 v2 i3-4150 1P 2GB-U B120i Non-hot Plug 350W PS Entry Server";"ProLiant ML310e Gen8 v2 i3-4150 1P 2GB-U B120i Non-hot Plug 350W PS Entry Server";;;;;;;
"23061031";"768729-371";"ProLiant ML310e Gen8 v2 E3-1241v3 1P 8GB-U B120i 460W PS Performance Server";;;;"ProLiant ML310e Gen8 v2 E3-1241v3 1P 8GB-U B120i 460W PS Performance Server";"ProLiant ML310e Gen8 v2 E3-1241v3 1P 8GB-U B120i 460W PS Performance Server";"ProLiant ML310e Gen8 v2 E3-1241v3 1P 8GB-U B120i 460W PS Performance Server";"ProLiant ML310e Gen8 v2 E3-1241v3 1P 8GB-U B120i 460W PS Performance Server";;;;;;;
"23061057";"768748-041";"ProLiant ML310e Gen8 v2 i3-4150 1P 2GB-U B120i Non-hot Plug 350W PS Entry Server";;;;"ProLiant ML310e Gen8 v2 i3-4150 1P 2GB-U B120i Non-hot Plug 350W PS Entry Server";"ProLiant ML310e Gen8 v2 i3-4150 1P 2GB-U B120i Non-hot Plug 350W PS Entry Server";"ProLiant ML310e Gen8 v2 i3-4150 1P 2GB-U B120i Non-hot Plug 350W PS Entry Server";"ProLiant ML310e Gen8 v2 i3-4150 1P 2GB-U B120i Non-hot Plug 350W PS Entry Server";;;;;;;
"23061089";"768748-421";"ProLiant ML310e Gen8 v2 i3-4150 1P 2GB-U B120i Non-hot Plug 350W PS Entry Server";;;;"ProLiant ML310e Gen8 v2 i3-4150 1P 2GB-U B120i Non-hot Plug 350W PS Entry Server";"ProLiant ML310e Gen8 v2 i3-4150 1P 2GB-U B120i Non-hot Plug 350W PS Entry Server";"ProLiant ML310e Gen8 v2 i3-4150 1P 2GB-U B120i Non-hot Plug 350W PS Entry Server";"ProLiant ML310e Gen8 v2 i3-4150 1P 2GB-U B120i Non-hot Plug 350W PS Entry Server";;;;;;;
"23061113";"768748-051";"ProLiant ML310e Gen8 v2 i3-4150 1P 2GB-U B120i Non-hot Plug 350W PS Entry Server";;;;"ProLiant ML310e Gen8 v2 i3-4150 1P 2GB-U B120i Non-hot Plug 350W PS Entry Server";"ProLiant ML310e Gen8 v2 i3-4150 1P 2GB-U B120i Non-hot Plug 350W PS Entry Server";"ProLiant ML310e Gen8 v2 i3-4150 1P 2GB-U B120i Non-hot Plug 350W PS Entry Server";"ProLiant ML310e Gen8 v2 i3-4150 1P 2GB-U B120i Non-hot Plug 350W PS Entry Server";;;;;;;
"23063677";"57329724";"515";;;;"515";"515";"515";"515";;;;;;;
"23071885";"M11BB-NR040S";"M11BB-NR040S";;;;"M11BB-NR040S";"M11BB-NR040S";"M11BB-NR040S";"M11BB-NR040S";;;;;;;
"23093097";"QY776AA-B15";"USB Keyboard for PC";;;;"USB Keyboard for PC";"USB Keyboard for PC";"USB Keyboard for PC";"USB Keyboard for PC";;;;;;;
"23093592";"70B0000ESP";"RD640";;;;"RD640";"RD640";"RD640";"RD640";;;;;;;
"23143006";"19829";"Evo Advanced Laser Mouse";;;;"Evo Advanced Laser Mouse";"Evo Advanced Laser Mouse";"Evo Advanced Laser Mouse";"Evo Advanced Laser Mouse";;;;;;;
"23153915";"SM-T531NYKASER";"Galaxy Tab 4 10.1\" 3G";;;;"Galaxy Tab 4 10.1\" 3G";"Galaxy Tab 4 10.1\" 3G";"Galaxy Tab 4 10.1\" 3G";"Galaxy Tab 4 10.1\" 3G";;;;;;;
"23154708";"PDW0AE-00900PEN";"WT8-B-102";;;;"WT8-B-102";"WT8-B-102";"WT8-B-102";"WT8-B-102";;;;;;;
"23155962";"VFYZW5300W28A1IT";"W530";;;;"W530";"W530";"W530";"W530";;;;;;;
"23169851";"E2A60UTR";"230 MT";;;;"230 MT";"230 MT";"230 MT";"230 MT";;;;;;;
"23174992";"E3U25UTR";"405 G1 MT";;;;"405 G1 MT";"405 G1 MT";"405 G1 MT";"405 G1 MT";;;;;;;
"23188053";"PDW0BE-00600TEN";"WT10-A";;;;"WT10-A";"WT10-A";"WT10-A";"WT10-A";;;;;;;
"23190648";"VFYZP0520P27A1IT";"P520 E85+";;;;"P520 E85+";"P520 E85+";"P520 E85+";"P520 E85+";;;;;;;
"23190654";"VFYZP0920PXP81IT";"P920 E85+";;;;"P920 E85+";"P920 E85+";"P920 E85+";"P920 E85+";;;;;;;
"23190656";"VFYZQ0520P73A1IT";"Q520";;;;"Q520";"Q520";"Q520";"Q520";;;;;;;
"23190661";"VFYZW5300W28B1IT";"W530";;;;"W530";"W530";"W530";"W530";;;;;;;
"23304546";"70B0000ERU";"RD640";;;;"RD640";"RD640";"RD640";"RD640";;;;;;;
"23320908";"CA012D3020MT11HSW";"3020 MT";;;;"3020 MT";"3020 MT";"3020 MT";"3020 MT";;;;;;;
"23320909";"CA023D3020MT11HSW";"3020 MT";;;;"3020 MT";"3020 MT";"3020 MT";"3020 MT";;;;;;;
"23332342";"CA004D3020MT11HSW";"3020 MT";;;;"3020 MT";"3020 MT";"3020 MT";"3020 MT";;;;;;;
"23332347";"CA020D3020MT11HSW";"3020 MT";;;;"3020 MT";"3020 MT";"3020 MT";"3020 MT";;;;;;;
"24219944";"70CK9000WWAK4";"EMC px4-400r 8TB";;;;"EMC px4-400r 8TB";"EMC px4-400r 8TB";"EMC px4-400r 8TB";"EMC px4-400r 8TB";;;;;;;
"24219948";"70CK9000WWAK1";"EMC px4-400r 4TB";;;;"EMC px4-400r 4TB";"EMC px4-400r 4TB";"EMC px4-400r 4TB";"EMC px4-400r 4TB";;;;;;;
"24219949";"70CK9000WWAK2";"EMC px4-400r 8TB";;;;"EMC px4-400r 8TB";"EMC px4-400r 8TB";"EMC px4-400r 8TB";"EMC px4-400r 8TB";;;;;;;
"24219950";"70CK9000WWAK3";"EMC px4-400r 12TB";;;;"EMC px4-400r 12TB";"EMC px4-400r 12TB";"EMC px4-400r 12TB";"EMC px4-400r 12TB";;;;;;;
"24219954";"70CK9000WWAK5";"EMC px4-400r 12TB";;;;"EMC px4-400r 12TB";"EMC px4-400r 12TB";"EMC px4-400r 12TB";"EMC px4-400r 12TB";;;;;;;
"24224424";"J0F20ET";"800 G1 SFF";;;;"800 G1 SFF";"800 G1 SFF";"800 G1 SFF";"800 G1 SFF";;;;;;;
"24233037";"J4C96AA-ABH";"Chromebox";;;;"Chromebox";"Chromebox";"Chromebox";"Chromebox";;;;;;;
"24233103";"J4C98AA-ABH";"Chromebox";;;;"Chromebox";"Chromebox";"Chromebox";"Chromebox";;;;;;;
"24240060";"G0K55AV";"EliteDesk 705 G1 Base Model Small Form Factor PC";;;;"EliteDesk 705 G1 Base Model Small Form Factor PC";"EliteDesk 705 G1 Base Model Small Form Factor PC";"EliteDesk 705 G1 Base Model Small Form Factor PC";"EliteDesk 705 G1 Base Model Small Form Factor PC";;;;;;;
"24240074";"G0K54AV";"EliteDesk 705 G1 Base Model Microtower PC";;;;"EliteDesk 705 G1 Base Model Microtower PC";"EliteDesk 705 G1 Base Model Microtower PC";"EliteDesk 705 G1 Base Model Microtower PC";"EliteDesk 705 G1 Base Model Microtower PC";;;;;;;
"24325631";"J8Q17EA";"ElitePad 1000 G2 Tablet";;;;"ElitePad 1000 G2 Tablet";"ElitePad 1000 G2 Tablet";"ElitePad 1000 G2 Tablet";"ElitePad 1000 G2 Tablet";;;;;;;
"24337736";"J8Q20EA";"ElitePad 1000 G2 Tablet";;;;"ElitePad 1000 G2 Tablet";"ElitePad 1000 G2 Tablet";"ElitePad 1000 G2 Tablet";"ElitePad 1000 G2 Tablet";;;;;;;
"24337751";"J8Q14EA";"ElitePad 1000 G2 Tablet";;;;"ElitePad 1000 G2 Tablet";"ElitePad 1000 G2 Tablet";"ElitePad 1000 G2 Tablet";"ElitePad 1000 G2 Tablet";;;;;;;
"24368584";"57326147";"H535";;;;"H535";"H535";"H535";"H535";;;;;;;
"24368607";"D5S20EA-ABB";"400 G1 SFF";;;;"400 G1 SFF";"400 G1 SFF";"400 G1 SFF";"400 G1 SFF";;;;;;;
"24368611";"A70CV-AT4501";"A70CV.AT4501";;;;"A70CV.AT4501";"A70CV.AT4501";"A70CV.AT4501";"A70CV.AT4501";;;;;;;
"24368612";"D3J20LT";"6305 SFF";;;;"6305 SFF";"6305 SFF";"6305 SFF";"6305 SFF";;;;;;;
"24368613";"A70CV-AH450P";"A70CV.AH450P";;;;"A70CV.AH450P";"A70CV.AH450P";"A70CV.AH450P";"A70CV.AH450P";;;;;;;
"24368615";"A70CH-AH4511";"A70CH.AH4511";;;;"A70CH.AH4511";"A70CH.AH4511";"A70CH.AH4511";"A70CH.AH4511";;;;;;;
"24368616";"A75CV-AH4301";"A75CV.AH4301";;;;"A75CV.AH4301";"A75CV.AH4301";"A75CV.AH4301";"A75CV.AH4301";;;;;;;
"24368622";"XE3000TC-EG1CN";"XE3000TC";;;;"XE3000TC";"XE3000TC";"XE3000TC";"XE3000TC";;;;;;;
"24368632";"XE300TZC-K01CL";"XE300TZC";;;;"XE300TZC";"XE300TZC";"XE300TZC";"XE300TZC";;;;;;;
"24368639";"XE5100TC-EG1CN";"XE5100TC";;;;"XE5100TC";"XE5100TC";"XE5100TC";"XE5100TC";;;;;;;
"24368659";"XE700T1C-G02MY";"Tab 7";;;;"XE700T1C";"XE700T1C";"XE700T1C";"XE700T1C";;;;;;;
"24368668";"XE7100TC-EG1CN";"Tab 7";;;;"XE7100TC";"XE7100TC";"XE7100TC";"XE7100TC";;;;;;;
"24368695";"NT-L3WAA-003";"A1-830-1838";;;;"A1-830-1838";"A1-830-1838";"A1-830-1838";"A1-830-1838";;;;;;;
"24368791";"E7Q32US";"600 G1";;;;"600 G1";"600 G1";"600 G1";"600 G1";;;;;;;
"24368798";"CA019D3020SFF11HSW";"3020 MT";;;;"3020 MT";"3020 MT";"3020 MT";"3020 MT";;;;;;;
"24368800";"SM010D3020MT11HSW1";"3020 MT";;;;"3020 MT";"3020 MT";"3020 MT";"3020 MT";;;;;;;
"24368801";"SM016D3020MT11HSW1";"3020 MT";;;;"3020 MT";"3020 MT";"3020 MT";"3020 MT";;;;;;;
