sku code;model;shop code;currency;list price;tier;sale price
"C5A60EA";"6570b";"SHOP10";"USD";500.54;1;
"C5A60EA";"6570b";"SHOP10";"EUR";374.26;1;
"C5A60EA";"6570b";"SHOP10";"UAH";6564.83;1;
"H5E92EA";"900 G1";"SHOP10";"USD";2158.47;1;
"H5E92EA";"900 G1";"SHOP10";"EUR";1613.93;1;
"H5E92EA";"900 G1";"SHOP10";"UAH";28309.41;1;
"AM379A";"Integrity BL870c i4 c3000 Server Blade";"SHOP10";"USD";731.62;1;
"AM379A";"Integrity BL870c i4 c3000 Server Blade";"SHOP10";"EUR";547.05;1;
"AM379A";"Integrity BL870c i4 c3000 Server Blade";"SHOP10";"UAH";9595.56;1;
"AT101A";"Integrity rx2800 i4 Rack Optimized Server";"SHOP10";"USD";1753.57;1;
"AT101A";"Integrity rx2800 i4 Rack Optimized Server";"SHOP10";"EUR";1311.18;1;
"AT101A";"Integrity rx2800 i4 Rack Optimized Server";"SHOP10";"UAH";22998.95;1;
"AM378A";"Integrity BL870c i4 c7000 Server Blade";"SHOP10";"USD";1105.15;1;
"AM378A";"Integrity BL870c i4 c7000 Server Blade";"SHOP10";"EUR";826.34;1;
"AM378A";"Integrity BL870c i4 c7000 Server Blade";"SHOP10";"UAH";14494.59;1;
"663600-B22";"ProLiant SL454x 2x Node Chassis";"SHOP10";"USD";2693.25;1;
"663600-B22";"ProLiant SL454x 2x Node Chassis";"SHOP10";"EUR";2013.80;1;
"663600-B22";"ProLiant SL454x 2x Node Chassis";"SHOP10";"UAH";35323.32;1;
"SVS1313R9EB";"SVS1313R9E";"SHOP10";"USD";2816.22;1;2534.5980
"SVS1313R9EB";"SVS1313R9E";"SHOP10";"EUR";2105.74;1;1895.1660
"SVS1313R9EB";"SVS1313R9E";"SHOP10";"UAH";36936.13;1;33242.5170
"SVE1513O9ESI";"SVE1513O9E";"SHOP10";"USD";1333.47;1;
"SVE1513O9ESI";"SVE1513O9E";"SHOP10";"EUR";997.06;1;
"SVE1513O9ESI";"SVE1513O9E";"SHOP10";"UAH";17489.13;1;
"H5E92EA-ABH";"900 G1";"SHOP10";"USD";1491.12;1;
"H5E92EA-ABH";"900 G1";"SHOP10";"EUR";1114.94;1;
"H5E92EA-ABH";"900 G1";"SHOP10";"UAH";19556.78;1;
"C5A66EA";"6570b";"SHOP10";"USD";539.20;1;
"C5A66EA";"6570b";"SHOP10";"EUR";403.17;1;
"C5A66EA";"6570b";"SHOP10";"UAH";7071.88;1;
"C5A56EA-ABH";"ProBook 6475b Notebook PC";"SHOP10";"USD";2825.04;1;2542.5360
"C5A56EA-ABH";"ProBook 6475b Notebook PC";"SHOP10";"EUR";2112.34;1;1901.1060
"C5A56EA-ABH";"ProBook 6475b Notebook PC";"SHOP10";"UAH";37051.81;1;33346.6290
"C5A61EA-ABH";"ProBook 6570b Notebook PC";"SHOP10";"USD";1309.40;1;1047.5200
"C5A61EA-ABH";"ProBook 6570b Notebook PC";"SHOP10";"EUR";979.06;1;783.2480
"C5A61EA-ABH";"ProBook 6570b Notebook PC";"SHOP10";"UAH";17173.44;1;13738.7520
"C5A66EA-ABH";"6570b";"SHOP10";"USD";2247.26;1;
"C5A66EA-ABH";"6570b";"SHOP10";"EUR";1680.32;1;
"C5A66EA-ABH";"6570b";"SHOP10";"UAH";29473.94;1;
"H5E57EA-ABH";"ProBook 6470b Notebook PC";"SHOP10";"USD";2649.87;1;
"H5E57EA-ABH";"ProBook 6470b Notebook PC";"SHOP10";"EUR";1981.36;1;
"H5E57EA-ABH";"ProBook 6470b Notebook PC";"SHOP10";"UAH";34754.37;1;
"NT-L16EE-002";"Tab B1 16GB WiFi";"SHOP10";"USD";1150.69;1;
"NT-L16EE-002";"Tab B1 16GB WiFi";"SHOP10";"EUR";860.39;1;
"NT-L16EE-002";"Tab B1 16GB WiFi";"SHOP10";"UAH";15091.87;1;
"DT528AT-B13";"USB Standard Keyboard";"SHOP10";"USD";1677.57;1;1509.8130
"DT528AT-B13";"USB Standard Keyboard";"SHOP10";"EUR";1254.35;1;1128.9150
"DT528AT-B13";"USB Standard Keyboard";"SHOP10";"UAH";22002.17;1;19801.9530
"H5E56EA";"6470b";"SHOP10";"USD";2457.75;1;
"H5E56EA";"6470b";"SHOP10";"EUR";1837.71;1;
"H5E56EA";"6470b";"SHOP10";"UAH";32234.62;1;
"H5E74EA";"6570b";"SHOP10";"USD";1052.41;1;
"H5E74EA";"6570b";"SHOP10";"EUR";786.91;1;
"H5E74EA";"6570b";"SHOP10";"UAH";13802.88;1;
"H5E77ET";"6570b";"SHOP10";"USD";2802.15;1;
"H5E77ET";"6570b";"SHOP10";"EUR";2095.22;1;
"H5E77ET";"6570b";"SHOP10";"UAH";36751.60;1;
"721546-041";"ML310e Gen8";"SHOP10";"USD";924.58;1;
"721546-041";"ML310e Gen8";"SHOP10";"EUR";691.33;1;
"721546-041";"ML310e Gen8";"SHOP10";"UAH";12126.33;1;
"721546-051";"ProLiant ML310e Gen8 G2020 2GB-U Non-hot Plug LFF 350W PS Server";"SHOP10";"USD";2219.15;1;
"721546-051";"ProLiant ML310e Gen8 G2020 2GB-U Non-hot Plug LFF 350W PS Server";"SHOP10";"EUR";1659.30;1;
"721546-051";"ProLiant ML310e Gen8 G2020 2GB-U Non-hot Plug LFF 350W PS Server";"SHOP10";"UAH";29105.26;1;
"7147D4G";"3690 X5";"SHOP10";"USD";1689.99;1;
"7147D4G";"3690 X5";"SHOP10";"EUR";1263.64;1;
"7147D4G";"3690 X5";"SHOP10";"UAH";22165.06;1;
"H5F24EA";"ProBook 6470b Notebook PC";"SHOP10";"USD";2863.33;1;
"H5F24EA";"ProBook 6470b Notebook PC";"SHOP10";"EUR";2140.97;1;
"H5F24EA";"ProBook 6470b Notebook PC";"SHOP10";"UAH";37554.00;1;
"664646-B23";"ProLiant SL4545 G7 Tray 3x Node Server";"SHOP10";"USD";2536.10;1;
"664646-B23";"ProLiant SL4545 G7 Tray 3x Node Server";"SHOP10";"EUR";1896.29;1;
"664646-B23";"ProLiant SL4545 G7 Tray 3x Node Server";"SHOP10";"UAH";33262.22;1;
"LY542EA-ABB";"8470w";"SHOP10";"USD";1031.13;1;
"LY542EA-ABB";"8470w";"SHOP10";"EUR";771.00;1;
"LY542EA-ABB";"8470w";"SHOP10";"UAH";13523.79;1;
"QY776AT-ABB";"USB Keyboard";"SHOP10";"USD";1413.24;1;
"QY776AT-ABB";"USB Keyboard";"SHOP10";"EUR";1056.71;1;
"QY776AT-ABB";"USB Keyboard";"SHOP10";"UAH";18535.35;1;
"H5F23EA-ABH";"6470b";"SHOP10";"USD";2994.34;1;
"H5F23EA-ABH";"6470b";"SHOP10";"EUR";2238.93;1;
"H5F23EA-ABH";"6470b";"SHOP10";"UAH";39272.27;1;
"E0H92AA-ABB";"7 2800 Tablet";"SHOP10";"USD";1602.98;1;
"E0H92AA-ABB";"7 2800 Tablet";"SHOP10";"EUR";1198.58;1;
"E0H92AA-ABB";"7 2800 Tablet";"SHOP10";"UAH";21023.88;1;
"SGP311DEAB";"Z";"SHOP10";"USD";2739.19;1;
"SGP311DEAB";"Z";"SHOP10";"EUR";2048.15;1;
"SGP311DEAB";"Z";"SHOP10";"UAH";35925.85;1;
"SGP321E2";"Z";"SHOP10";"USD";2585.72;1;
"SGP321E2";"Z";"SHOP10";"EUR";1933.39;1;
"SGP321E2";"Z";"SHOP10";"UAH";33913.01;1;
"SGP312DEAW";"Z";"SHOP10";"USD";2958.11;1;
"SGP312DEAW";"Z";"SHOP10";"EUR";2211.84;1;
"SGP312DEAW";"Z";"SHOP10";"UAH";38797.09;1;
"E0P94AA-ABB";"7 2801 Tablet";"SHOP10";"USD";3437.45;1;
"E0P94AA-ABB";"7 2801 Tablet";"SHOP10";"EUR";2570.25;1;
"E0P94AA-ABB";"7 2801 Tablet";"SHOP10";"UAH";45083.88;1;
"SGP312E1AB-CE3";"Z 32GB Wi-Fi";"SHOP10";"USD";3489.87;1;
"SGP312E1AB-CE3";"Z 32GB Wi-Fi";"SHOP10";"EUR";2609.45;1;
"SGP312E1AB-CE3";"Z 32GB Wi-Fi";"SHOP10";"UAH";45771.39;1;
"D0M18B";"Vertica DL380p Gen8 V16 Server";"SHOP10";"USD";1007.09;1;
"D0M18B";"Vertica DL380p Gen8 V16 Server";"SHOP10";"EUR";753.02;1;
"D0M18B";"Vertica DL380p Gen8 V16 Server";"SHOP10";"UAH";13208.49;1;
"663600-B23";"ProLiant SL454x 3x Node Chassis";"SHOP10";"USD";600.29;1;
"663600-B23";"ProLiant SL454x 3x Node Chassis";"SHOP10";"EUR";448.85;1;
"663600-B23";"ProLiant SL454x 3x Node Chassis";"SHOP10";"UAH";7873.10;1;
"664644-B23-0D1";"ProLiant SL4540 Gen8 Tray 3x Node Server";"SHOP10";"USD";1094.03;1;
"664644-B23-0D1";"ProLiant SL4540 Gen8 Tray 3x Node Server";"SHOP10";"EUR";818.03;1;
"664644-B23-0D1";"ProLiant SL4540 Gen8 Tray 3x Node Server";"SHOP10";"UAH";14348.75;1;
"SGP312E4AB";"Z";"SHOP10";"USD";2243.25;1;
"SGP312E4AB";"Z";"SHOP10";"EUR";1677.32;1;
"SGP312E4AB";"Z";"SHOP10";"UAH";29421.35;1;
"H5F77EA";"900 G1";"SHOP10";"USD";2149.59;1;
"H5F77EA";"900 G1";"SHOP10";"EUR";1607.29;1;
"H5F77EA";"900 G1";"SHOP10";"UAH";28192.95;1;
"NT-L1CEG-001";"A1-810";"SHOP10";"USD";2283.12;1;
"NT-L1CEG-001";"A1-810";"SHOP10";"EUR";1707.13;1;
"NT-L1CEG-001";"A1-810";"SHOP10";"UAH";29944.26;1;
"2583F2U";"3250 M4";"SHOP10";"USD";1636.33;1;
"2583F2U";"3250 M4";"SHOP10";"EUR";1223.52;1;
"2583F2U";"3250 M4";"SHOP10";"UAH";21461.29;1;
"NT-L1JEH-005";"W3-810 64GB";"SHOP10";"USD";512.81;1;
"NT-L1JEH-005";"W3-810 64GB";"SHOP10";"EUR";383.44;1;
"NT-L1JEH-005";"W3-810 64GB";"SHOP10";"UAH";6725.76;1;
"H5F87EA";"900";"SHOP10";"USD";1302.23;1;
"H5F87EA";"900";"SHOP10";"EUR";973.70;1;
"H5F87EA";"900";"SHOP10";"UAH";17079.40;1;
"H5F58EA";"900 G1";"SHOP10";"USD";2401.14;1;
"H5F58EA";"900 G1";"SHOP10";"EUR";1795.38;1;
"H5F58EA";"900 G1";"SHOP10";"UAH";31492.15;1;
"NT-L1CEE-004";"A1-810 16GB Wi-Fi";"SHOP10";"USD";1703.34;1;
"NT-L1CEE-004";"A1-810 16GB Wi-Fi";"SHOP10";"EUR";1273.62;1;
"NT-L1CEE-004";"A1-810 16GB Wi-Fi";"SHOP10";"UAH";22340.16;1;
"E2T66EA";"10-h000sa";"SHOP10";"USD";578.34;1;
"E2T66EA";"10-h000sa";"SHOP10";"EUR";432.44;1;
"E2T66EA";"10-h000sa";"SHOP10";"UAH";7585.22;1;
"E4A07EA";"TouchSmart 15-j003ed";"SHOP10";"USD";2393.17;1;
"E4A07EA";"TouchSmart 15-j003ed";"SHOP10";"EUR";1789.42;1;
"E4A07EA";"TouchSmart 15-j003ed";"SHOP10";"UAH";31387.62;1;
"H5F59EA";"ElitePad 900 G1 Tablet";"SHOP10";"USD";3443.48;1;
"H5F59EA";"ElitePad 900 G1 Tablet";"SHOP10";"EUR";2574.76;1;
"H5F59EA";"ElitePad 900 G1 Tablet";"SHOP10";"UAH";45162.96;1;
"E3Z77EA-ABH";"11-e000ed";"SHOP10";"USD";1229.60;1;
"E3Z77EA-ABH";"11-e000ed";"SHOP10";"EUR";919.40;1;
"E3Z77EA-ABH";"11-e000ed";"SHOP10";"UAH";16126.82;1;
"GT-P5210ZWA";"3 10.1";"SHOP10";"USD";2678.02;1;
"GT-P5210ZWA";"3 10.1";"SHOP10";"EUR";2002.41;1;
"GT-P5210ZWA";"3 10.1";"SHOP10";"UAH";35123.57;1;
"E2T58EA-ABH";"17-e004ed";"SHOP10";"USD";2954.58;1;2363.6640
"E2T58EA-ABH";"17-e004ed";"SHOP10";"EUR";2209.20;1;1767.3600
"E2T58EA-ABH";"17-e004ed";"SHOP10";"UAH";38750.79;1;31000.6320
"712317-421";"MicroServer Gen8";"SHOP10";"USD";2122.19;1;1909.9710
"712317-421";"MicroServer Gen8";"SHOP10";"EUR";1586.80;1;1428.1200
"712317-421";"MicroServer Gen8";"SHOP10";"UAH";27833.58;1;25050.2220
"712329-421";"ML310e Gen8 v2";"SHOP10";"USD";3308.16;1;
"712329-421";"ML310e Gen8 v2";"SHOP10";"EUR";2473.58;1;
"712329-421";"ML310e Gen8 v2";"SHOP10";"UAH";43388.17;1;
"DT527A";"PS/2 Standard Keyboard";"SHOP10";"USD";848.68;1;
"DT527A";"PS/2 Standard Keyboard";"SHOP10";"EUR";634.58;1;
"DT527A";"PS/2 Standard Keyboard";"SHOP10";"UAH";11130.86;1;
"H5F58EA-ABH";"900 G1";"SHOP10";"USD";3143.38;1;
"H5F58EA-ABH";"900 G1";"SHOP10";"EUR";2350.37;1;
"H5F58EA-ABH";"900 G1";"SHOP10";"UAH";41227.00;1;
"712329-031";"ProLiant ML310e Gen8 v2 E3-1220v3 1P 4GB-U B120i 350W PS Svr";"SHOP10";"USD";2723.97;1;2179.1760
"712329-031";"ProLiant ML310e Gen8 v2 E3-1220v3 1P 4GB-U B120i 350W PS Svr";"SHOP10";"EUR";2036.77;1;1629.4160
"712329-031";"ProLiant ML310e Gen8 v2 E3-1220v3 1P 4GB-U B120i 350W PS Svr";"SHOP10";"UAH";35726.23;1;28580.9840
"724146-425";"ProLiant MicroSvr Gen8 G1610T 1P 4GB-U B120i NHP SATA 1TB LFF 150W PS Svr/GO";"SHOP10";"USD";2570.41;1;
"724146-425";"ProLiant MicroSvr Gen8 G1610T 1P 4GB-U B120i NHP SATA 1TB LFF 150W PS Svr/GO";"SHOP10";"EUR";1921.95;1;
"724146-425";"ProLiant MicroSvr Gen8 G1610T 1P 4GB-U B120i NHP SATA 1TB LFF 150W PS Svr/GO";"SHOP10";"UAH";33712.21;1;
"726043-425";"ProLiant DL320e Gen8 v2 E3-1230v3 1P 4GB-U NHP 2 LFF 300W PS Server/GO";"SHOP10";"USD";3100.28;1;
"726043-425";"ProLiant DL320e Gen8 v2 E3-1230v3 1P 4GB-U NHP 2 LFF 300W PS Server/GO";"SHOP10";"EUR";2318.14;1;
"726043-425";"ProLiant DL320e Gen8 v2 E3-1230v3 1P 4GB-U NHP 2 LFF 300W PS Server/GO";"SHOP10";"UAH";40661.72;1;
"724160-045";"ML310e Gen8";"SHOP10";"USD";1219.23;1;
"724160-045";"ML310e Gen8";"SHOP10";"EUR";911.64;1;
"724160-045";"ML310e Gen8";"SHOP10";"UAH";15990.81;1;
"GT-P5210ZWAPHN";"3 10.1";"SHOP10";"USD";1539.36;1;
"GT-P5210ZWAPHN";"3 10.1";"SHOP10";"EUR";1151.01;1;
"GT-P5210ZWAPHN";"3 10.1";"SHOP10";"UAH";20189.48;1;
"GT-P5210ZWALUX";"3 10.1";"SHOP10";"USD";2431.57;1;
"GT-P5210ZWALUX";"3 10.1";"SHOP10";"EUR";1818.13;1;
"GT-P5210ZWALUX";"3 10.1";"SHOP10";"UAH";31891.26;1;
"NT-L1VEH-001";"B1-710 16GB WiFi";"SHOP10";"USD";1918.79;1;
"NT-L1VEH-001";"B1-710 16GB WiFi";"SHOP10";"EUR";1434.72;1;
"NT-L1VEH-001";"B1-710 16GB WiFi";"SHOP10";"UAH";25165.89;1;
"H5F86EA-ABH";"900";"SHOP10";"USD";1489.63;1;
"H5F86EA-ABH";"900";"SHOP10";"EUR";1113.83;1;
"H5F86EA-ABH";"900";"SHOP10";"UAH";19537.24;1;
"631348-B21-0D1";"USB BFR with PVC Free ES Keyboard/Mouse Kit";"SHOP10";"USD";1314.65;1;
"631348-B21-0D1";"USB BFR with PVC Free ES Keyboard/Mouse Kit";"SHOP10";"EUR";982.99;1;
"631348-B21-0D1";"USB BFR with PVC Free ES Keyboard/Mouse Kit";"SHOP10";"UAH";17242.29;1;
"NT-L1VEE-004";"B1-710 16GB WiFi";"SHOP10";"USD";1125.52;1;
"NT-L1VEE-004";"B1-710 16GB WiFi";"SHOP10";"EUR";841.57;1;
"NT-L1VEE-004";"B1-710 16GB WiFi";"SHOP10";"UAH";14761.76;1;
"ME302C-A1-BL";"ME302C-A1-BL";"SHOP10";"USD";1361.44;1;
"ME302C-A1-BL";"ME302C-A1-BL";"SHOP10";"EUR";1017.98;1;
"ME302C-A1-BL";"ME302C-A1-BL";"SHOP10";"UAH";17855.97;1;
"ME302C-A1-WH";"ME302C-A1-WH";"SHOP10";"USD";1088.90;1;980.0100
"ME302C-A1-WH";"ME302C-A1-WH";"SHOP10";"EUR";814.19;1;732.7710
"ME302C-A1-WH";"ME302C-A1-WH";"SHOP10";"UAH";14281.47;1;12853.3230
"SGP312A1W";"32GB Wi-Fi";"SHOP10";"USD";3100.83;1;
"SGP312A1W";"32GB Wi-Fi";"SHOP10";"EUR";2318.55;1;
"SGP312A1W";"32GB Wi-Fi";"SHOP10";"UAH";40668.94;1;
"910-003913";"M560";"SHOP10";"USD";3060.80;1;
"910-003913";"M560";"SHOP10";"EUR";2288.62;1;
"910-003913";"M560";"SHOP10";"UAH";40143.92;1;
"E8P93EA-ABH";"15-n002ed";"SHOP10";"USD";2895.84;1;
"E8P93EA-ABH";"15-n002ed";"SHOP10";"EUR";2165.28;1;
"E8P93EA-ABH";"15-n002ed";"SHOP10";"UAH";37980.39;1;
"E8P97EA-ABH";"15-n056ed";"SHOP10";"USD";1987.17;1;
"E8P97EA-ABH";"15-n056ed";"SHOP10";"EUR";1485.85;1;
"E8P97EA-ABH";"15-n056ed";"SHOP10";"UAH";26062.73;1;
"GT-P5210MKAPHN";"3 10.1";"SHOP10";"USD";2945.17;1;2650.6530
"GT-P5210MKAPHN";"3 10.1";"SHOP10";"EUR";2202.16;1;1981.9440
"GT-P5210MKAPHN";"3 10.1";"SHOP10";"UAH";38627.38;1;34764.6420
"GT-P5210MKA";"3 10.1";"SHOP10";"USD";1274.63;1;
"GT-P5210MKA";"3 10.1";"SHOP10";"EUR";953.07;1;
"GT-P5210MKA";"3 10.1";"SHOP10";"UAH";16717.41;1;
"730651-421";"ProLiant ML10 G2130 1P 2GB-U B110i 300W PS Entry Server";"SHOP10";"USD";2027.70;1;1824.9300
"730651-421";"ProLiant ML10 G2130 1P 2GB-U B110i 300W PS Entry Server";"SHOP10";"EUR";1516.15;1;1364.5350
"730651-421";"ProLiant ML10 G2130 1P 2GB-U B110i 300W PS Entry Server";"SHOP10";"UAH";26594.30;1;23934.8700
"H5G18ET";"840 G1";"SHOP10";"USD";1300.45;1;
"H5G18ET";"840 G1";"SHOP10";"EUR";972.37;1;
"H5G18ET";"840 G1";"SHOP10";"UAH";17056.05;1;
"H5G28ET";"840";"SHOP10";"USD";1997.43;1;
"H5G28ET";"840";"SHOP10";"EUR";1493.52;1;
"H5G28ET";"840";"SHOP10";"UAH";26197.29;1;
"F0B18A";"ProLiant DL385p Gen8 6376 1P 8GB-R 460W PS Server/TV";"SHOP10";"USD";2170.94;1;
"F0B18A";"ProLiant DL385p Gen8 6376 1P 8GB-R 460W PS Server/TV";"SHOP10";"EUR";1623.26;1;
"F0B18A";"ProLiant DL385p Gen8 6376 1P 8GB-R 460W PS Server/TV";"SHOP10";"UAH";28472.96;1;
"E2A60UT";"230 MT";"SHOP10";"USD";2537.08;1;
"E2A60UT";"230 MT";"SHOP10";"EUR";1897.03;1;
"E2A60UT";"230 MT";"SHOP10";"UAH";33275.07;1;
"GT-P5210GNA";"3 10.1";"SHOP10";"USD";3060.06;1;
"GT-P5210GNA";"3 10.1";"SHOP10";"EUR";2288.07;1;
"GT-P5210GNA";"3 10.1";"SHOP10";"UAH";40134.22;1;
"910-003883";"M560";"SHOP10";"USD";2056.54;1;
"910-003883";"M560";"SHOP10";"EUR";1537.72;1;
"910-003883";"M560";"SHOP10";"UAH";26972.55;1;
"H5G17EA";"840 G1";"SHOP10";"USD";1499.42;1;
"H5G17EA";"840 G1";"SHOP10";"EUR";1121.15;1;
"H5G17EA";"840 G1";"SHOP10";"UAH";19665.64;1;
"H5G21EA";"840 G1";"SHOP10";"USD";906.63;1;
"H5G21EA";"840 G1";"SHOP10";"EUR";677.91;1;
"H5G21EA";"840 G1";"SHOP10";"UAH";11890.91;1;
"H5G24EA";"840 G1";"SHOP10";"USD";3416.51;1;
"H5G24EA";"840 G1";"SHOP10";"EUR";2554.59;1;
"H5G24EA";"840 G1";"SHOP10";"UAH";44809.24;1;
"H5G30EA";"840 G1";"SHOP10";"USD";1247.20;1;
"H5G30EA";"840 G1";"SHOP10";"EUR";932.56;1;
"H5G30EA";"840 G1";"SHOP10";"UAH";16357.65;1;
"GT-P5210MKALUX";"3 10.1";"SHOP10";"USD";2285.89;1;
"GT-P5210MKALUX";"3 10.1";"SHOP10";"EUR";1709.21;1;
"GT-P5210MKALUX";"3 10.1";"SHOP10";"UAH";29980.59;1;
"AM377A-0D1";"Integrity BL860c i4 Server Blade";"SHOP10";"USD";2371.23;1;2134.1070
"AM377A-0D1";"Integrity BL860c i4 Server Blade";"SHOP10";"EUR";1773.02;1;1595.7180
"AM377A-0D1";"Integrity BL860c i4 Server Blade";"SHOP10";"UAH";31099.87;1;27989.8830
"733733-421";"DL360p Gen8";"SHOP10";"USD";1410.07;1;
"733733-421";"DL360p Gen8";"SHOP10";"EUR";1054.34;1;
"733733-421";"DL360p Gen8";"SHOP10";"UAH";18493.77;1;
"709942-421";"DL380p Gen8";"SHOP10";"USD";2629.50;1;
"709942-421";"DL380p Gen8";"SHOP10";"EUR";1966.13;1;
"709942-421";"DL380p Gen8";"SHOP10";"UAH";34487.21;1;
"709943-421";"DL380p Gen8";"SHOP10";"USD";951.27;1;
"709943-421";"DL380p Gen8";"SHOP10";"EUR";711.28;1;
"709943-421";"DL380p Gen8";"SHOP10";"UAH";12476.38;1;
"724082-B21";"ProLiant BL460c Gen8 E5-2670v2 2P 64GB-R P220i/512 FBWC Server";"SHOP10";"USD";2773.37;1;
"724082-B21";"ProLiant BL460c Gen8 E5-2670v2 2P 64GB-R P220i/512 FBWC Server";"SHOP10";"EUR";2073.70;1;
"724082-B21";"ProLiant BL460c Gen8 E5-2670v2 2P 64GB-R P220i/512 FBWC Server";"SHOP10";"UAH";36374.13;1;
"724086-B21";"BL460c Gen8";"SHOP10";"USD";1598.19;1;
"724086-B21";"BL460c Gen8";"SHOP10";"EUR";1195.00;1;
"724086-B21";"BL460c Gen8";"SHOP10";"UAH";20961.06;1;
"724087-B21";"BL460c Gen8";"SHOP10";"USD";3460.05;1;3114.0450
"724087-B21";"BL460c Gen8";"SHOP10";"EUR";2587.15;1;2328.4350
"724087-B21";"BL460c Gen8";"SHOP10";"UAH";45380.29;1;40842.2610
"724088-B21";"BL460c Gen8";"SHOP10";"USD";871.94;1;
"724088-B21";"BL460c Gen8";"SHOP10";"EUR";651.97;1;
"724088-B21";"BL460c Gen8";"SHOP10";"UAH";11435.93;1;
"733738-421";"DL360p Gen8";"SHOP10";"USD";1384.13;1;
"733738-421";"DL360p Gen8";"SHOP10";"EUR";1034.94;1;
"733738-421";"DL360p Gen8";"SHOP10";"UAH";18153.56;1;
"736958-421";"ML350p Gen8";"SHOP10";"USD";1443.27;1;
"736958-421";"ML350p Gen8";"SHOP10";"EUR";1079.16;1;
"736958-421";"ML350p Gen8";"SHOP10";"UAH";18929.21;1;
"736968-031";"ProLiant ML350p Gen8 E5-2650v2 2P 16GB-R P420i/2GB FBWC 8 SFF 750W RPS Server";"SHOP10";"USD";1749.48;1;1574.5320
"736968-031";"ProLiant ML350p Gen8 E5-2650v2 2P 16GB-R P420i/2GB FBWC 8 SFF 750W RPS Server";"SHOP10";"EUR";1308.12;1;1177.3080
"736968-031";"ProLiant ML350p Gen8 E5-2650v2 2P 16GB-R P420i/2GB FBWC 8 SFF 750W RPS Server";"SHOP10";"UAH";22945.30;1;20650.7700
"736958-051";"ProLiant ML350p Gen8 E5-2620v2 1P 8GB-R P420i/512 FBWC 8 SFF 460W PS Server";"SHOP10";"USD";1523.09;1;
"736958-051";"ProLiant ML350p Gen8 E5-2620v2 1P 8GB-R P420i/512 FBWC 8 SFF 460W PS Server";"SHOP10";"EUR";1138.84;1;
"736958-051";"ProLiant ML350p Gen8 E5-2620v2 1P 8GB-R P420i/512 FBWC 8 SFF 460W PS Server";"SHOP10";"UAH";19976.09;1;
"736947-041";"ML350p Gen8";"SHOP10";"USD";591.83;1;
"736947-041";"ML350p Gen8";"SHOP10";"EUR";442.52;1;
"736947-041";"ML350p Gen8";"SHOP10";"UAH";7762.15;1;
"736968-041";"ML350p Gen8";"SHOP10";"USD";2437.95;1;
"736968-041";"ML350p Gen8";"SHOP10";"EUR";1822.90;1;
"736968-041";"ML350p Gen8";"SHOP10";"UAH";31974.93;1;
"736982-425";"ProLiant ML350p Gen8 E5-2620v2 2.1GHz 6-core 1P 8GB-R P420i/512 2x300GB SFF 460W PS Svr/GO";"SHOP10";"USD";1517.91;1;
"736982-425";"ProLiant ML350p Gen8 E5-2620v2 2.1GHz 6-core 1P 8GB-R P420i/512 2x300GB SFF 460W PS Svr/GO";"SHOP10";"EUR";1134.97;1;
"736982-425";"ProLiant ML350p Gen8 E5-2620v2 2.1GHz 6-core 1P 8GB-R P420i/512 2x300GB SFF 460W PS Svr/GO";"SHOP10";"UAH";19908.15;1;
"F2V71EA-ABH";"15-n014ed";"SHOP10";"USD";1917.06;1;
"F2V71EA-ABH";"15-n014ed";"SHOP10";"EUR";1433.42;1;
"F2V71EA-ABH";"15-n014ed";"SHOP10";"UAH";25143.20;1;
"F4T69EA-ABH";"15-n008ed";"SHOP10";"USD";1399.25;1;
"F4T69EA-ABH";"15-n008ed";"SHOP10";"EUR";1046.25;1;
"F4T69EA-ABH";"15-n008ed";"SHOP10";"UAH";18351.86;1;
"F4T76EA-ABH";"15-n077ed";"SHOP10";"USD";1776.37;1;
"F4T76EA-ABH";"15-n077ed";"SHOP10";"EUR";1328.23;1;
"F4T76EA-ABH";"15-n077ed";"SHOP10";"UAH";23297.98;1;
"F2T52EA-ABH";"15-n076ed";"SHOP10";"USD";1916.13;1;
"F2T52EA-ABH";"15-n076ed";"SHOP10";"EUR";1432.73;1;
"F2T52EA-ABH";"15-n076ed";"SHOP10";"UAH";25131.00;1;
"F2T59EA-ABH";"17-e075ed";"SHOP10";"USD";1279.59;1;
"F2T59EA-ABH";"17-e075ed";"SHOP10";"EUR";956.78;1;
"F2T59EA-ABH";"17-e075ed";"SHOP10";"UAH";16782.46;1;
"E8P84EA";"15-n050ed";"SHOP10";"USD";2270.94;1;1816.7520
"E8P84EA";"15-n050ed";"SHOP10";"EUR";1698.03;1;1358.4240
"E8P84EA";"15-n050ed";"SHOP10";"UAH";29784.51;1;23827.6080
"F2T52EA";"15-n076ed";"SHOP10";"USD";1318.18;1;
"F2T52EA";"15-n076ed";"SHOP10";"EUR";985.63;1;
"F2T52EA";"15-n076ed";"SHOP10";"UAH";17288.59;1;
"F2T59EA";"17-e075ed";"SHOP10";"USD";2443.72;1;
"F2T59EA";"17-e075ed";"SHOP10";"EUR";1827.22;1;
"F2T59EA";"17-e075ed";"SHOP10";"UAH";32050.61;1;
"SVT1312V1RS";"SVT1312V1R";"SHOP10";"USD";1700.54;1;
"SVT1312V1RS";"SVT1312V1R";"SHOP10";"EUR";1271.53;1;
"SVT1312V1RS";"SVT1312V1R";"SHOP10";"UAH";22303.43;1;
"SVS1513V9RB";"SVS1513V9R";"SHOP10";"USD";2782.59;1;
"SVS1513V9RB";"SVS1513V9R";"SHOP10";"EUR";2080.60;1;
"SVS1513V9RB";"SVS1513V9R";"SHOP10";"UAH";36495.06;1;
"SVS1513M1RW";"SVS1513M1R";"SHOP10";"USD";778.17;1;
"SVS1513M1RW";"SVS1513M1R";"SHOP10";"EUR";581.85;1;
"SVS1513M1RW";"SVS1513M1R";"SHOP10";"UAH";10206.09;1;
"F2U76EA";"17-j120ed Leap Motion TS SE";"SHOP10";"USD";1424.02;1;
"F2U76EA";"17-j120ed Leap Motion TS SE";"SHOP10";"EUR";1064.77;1;
"F2U76EA";"17-j120ed Leap Motion TS SE";"SHOP10";"UAH";18676.73;1;
"E3W30UT";"840 G1";"SHOP10";"USD";1729.80;1;
"E3W30UT";"840 G1";"SHOP10";"EUR";1293.41;1;
"E3W30UT";"840 G1";"SHOP10";"UAH";22687.19;1;
"F2P22UT";"840 G1";"SHOP10";"USD";3201.72;1;
"F2P22UT";"840 G1";"SHOP10";"EUR";2393.99;1;
"F2P22UT";"840 G1";"SHOP10";"UAH";41992.16;1;
"469-4355";"12 (9q33)";"SHOP10";"USD";2239.55;1;
"469-4355";"12 (9q33)";"SHOP10";"EUR";1674.56;1;
"469-4355";"12 (9q33)";"SHOP10";"UAH";29372.82;1;
"469-4356";"12 (9q33)";"SHOP10";"USD";2502.47;1;
"469-4356";"12 (9q33)";"SHOP10";"EUR";1871.15;1;
"469-4356";"12 (9q33)";"SHOP10";"UAH";32821.15;1;
"H5G26ET";"840 G1";"SHOP10";"USD";819.44;1;
"H5G26ET";"840 G1";"SHOP10";"EUR";612.71;1;
"H5G26ET";"840 G1";"SHOP10";"UAH";10747.37;1;
"E6D77AT";"USB SmartCard CCID Keyboard";"SHOP10";"USD";1838.78;1;
"E6D77AT";"USB SmartCard CCID Keyboard";"SHOP10";"EUR";1374.89;1;
"E6D77AT";"USB SmartCard CCID Keyboard";"SHOP10";"UAH";24116.52;1;
"H5G17EA-ABH";"840 G1";"SHOP10";"USD";2641.00;1;2112.8000
"H5G17EA-ABH";"840 G1";"SHOP10";"EUR";1974.73;1;1579.7840
"H5G17EA-ABH";"840 G1";"SHOP10";"UAH";34638.04;1;27710.4320
"H5G19EA-ABH";"840 G1";"SHOP10";"USD";1896.00;1;
"H5G19EA-ABH";"840 G1";"SHOP10";"EUR";1417.68;1;
"H5G19EA-ABH";"840 G1";"SHOP10";"UAH";24866.99;1;
"H5G21EA-ABH";"840 G1";"SHOP10";"USD";3497.40;1;
"H5G21EA-ABH";"840 G1";"SHOP10";"EUR";2615.08;1;
"H5G21EA-ABH";"840 G1";"SHOP10";"UAH";45870.15;1;
"H5G26EA-ABH";"840 G1";"SHOP10";"USD";544.47;1;
"H5G26EA-ABH";"840 G1";"SHOP10";"EUR";407.11;1;
"H5G26EA-ABH";"840 G1";"SHOP10";"UAH";7141.00;1;
"H5G30EA-ABH";"840 G1";"SHOP10";"USD";1449.65;1;
"H5G30EA-ABH";"840 G1";"SHOP10";"EUR";1083.93;1;
"H5G30EA-ABH";"840 G1";"SHOP10";"UAH";19012.88;1;
"H5G32EA-ABH";"840 G1";"SHOP10";"USD";2841.45;1;
"H5G32EA-ABH";"840 G1";"SHOP10";"EUR";2124.61;1;
"H5G32EA-ABH";"840 G1";"SHOP10";"UAH";37267.04;1;
"H5G29EA";"840 G1";"SHOP10";"USD";1046.92;1;
"H5G29EA";"840 G1";"SHOP10";"EUR";782.80;1;
"H5G29EA";"840 G1";"SHOP10";"UAH";13730.88;1;
"H5G32EA";"840 G1";"SHOP10";"USD";1640.45;1;
"H5G32EA";"840 G1";"SHOP10";"EUR";1226.60;1;
"H5G32EA";"840 G1";"SHOP10";"UAH";21515.32;1;
"E4Z29ET";"6305 SFF";"SHOP10";"USD";2627.67;1;
"E4Z29ET";"6305 SFF";"SHOP10";"EUR";1964.76;1;
"E4Z29ET";"6305 SFF";"SHOP10";"UAH";34463.21;1;
"H5G16EA";"840 G1";"SHOP10";"USD";2148.40;1;
"H5G16EA";"840 G1";"SHOP10";"EUR";1606.40;1;
"H5G16EA";"840 G1";"SHOP10";"UAH";28177.34;1;
"H5G18EA";"840 G1";"SHOP10";"USD";2648.60;1;
"H5G18EA";"840 G1";"SHOP10";"EUR";1980.41;1;
"H5G18EA";"840 G1";"SHOP10";"UAH";34737.71;1;
"F1N25EA";"840 G1";"SHOP10";"USD";2761.89;1;
"F1N25EA";"840 G1";"SHOP10";"EUR";2065.12;1;
"F1N25EA";"840 G1";"SHOP10";"UAH";36223.57;1;
"H5G19EA";"840 G1";"SHOP10";"USD";2981.35;1;
"H5G19EA";"840 G1";"SHOP10";"EUR";2229.22;1;
"H5G19EA";"840 G1";"SHOP10";"UAH";39101.90;1;
"H5G26EA";"840 G1";"SHOP10";"USD";2128.60;1;
"H5G26EA";"840 G1";"SHOP10";"EUR";1591.60;1;
"H5G26EA";"840 G1";"SHOP10";"UAH";27917.65;1;
"735151-B21";"BL460c Gen8";"SHOP10";"USD";1780.76;1;
"735151-B21";"BL460c Gen8";"SHOP10";"EUR";1331.51;1;
"735151-B21";"BL460c Gen8";"SHOP10";"UAH";23355.56;1;
"F1R88AW";"840 G1";"SHOP10";"USD";1217.73;1;
"F1R88AW";"840 G1";"SHOP10";"EUR";910.52;1;
"F1R88AW";"840 G1";"SHOP10";"UAH";15971.14;1;
"NT-L29EE-008";"A3-A10 16 GB WiFi";"SHOP10";"USD";3244.78;1;
"NT-L29EE-008";"A3-A10 16 GB WiFi";"SHOP10";"EUR";2426.19;1;
"NT-L29EE-008";"A3-A10 16 GB WiFi";"SHOP10";"UAH";42556.91;1;
"D4T10AW-AKD-H4F20AA-ABB";"900 G1";"SHOP10";"USD";1967.80;1;
"D4T10AW-AKD-H4F20AA-ABB";"900 G1";"SHOP10";"EUR";1471.36;1;
"D4T10AW-AKD-H4F20AA-ABB";"900 G1";"SHOP10";"UAH";25808.68;1;
"D4T15AA-AKD-H4F20AA-ABB";"ElitePad 900 G1 Tablet";"SHOP10";"USD";2718.02;1;
"D4T15AA-AKD-H4F20AA-ABB";"ElitePad 900 G1 Tablet";"SHOP10";"EUR";2032.32;1;
"D4T15AA-AKD-H4F20AA-ABB";"ElitePad 900 G1 Tablet";"SHOP10";"UAH";35648.19;1;
"F4T66EA";"13-p100ed x2";"SHOP10";"USD";1282.70;1;
"F4T66EA";"13-p100ed x2";"SHOP10";"EUR";959.10;1;
"F4T66EA";"13-p100ed x2";"SHOP10";"UAH";16823.25;1;
"E2A60UTABA";"230 MT";"SHOP10";"USD";2660.40;1;
"E2A60UTABA";"230 MT";"SHOP10";"EUR";1989.23;1;
"E2A60UTABA";"230 MT";"SHOP10";"UAH";34892.48;1;
"H5F74EA";"840 G1";"SHOP10";"USD";2912.97;1;
"H5F74EA";"840 G1";"SHOP10";"EUR";2178.09;1;
"H5F74EA";"840 G1";"SHOP10";"UAH";38205.06;1;
"NS-MKIT100";"NS-MKIT100";"SHOP10";"USD";1155.39;1;
"NS-MKIT100";"NS-MKIT100";"SHOP10";"EUR";863.91;1;
"NS-MKIT100";"NS-MKIT100";"SHOP10";"UAH";15153.52;1;
"F2P26UT";"840 G1";"SHOP10";"USD";1722.46;1;
"F2P26UT";"840 G1";"SHOP10";"EUR";1287.92;1;
"F2P26UT";"840 G1";"SHOP10";"UAH";22590.92;1;
"F4U47EA-ABH";"10-e001ed";"SHOP10";"USD";2159.55;1;1943.5950
"F4U47EA-ABH";"10-e001ed";"SHOP10";"EUR";1614.74;1;1453.2660
"F4U47EA-ABH";"10-e001ed";"SHOP10";"UAH";28323.58;1;25491.2220
"F1N76EA";"900 G1";"SHOP10";"USD";2838.33;1;
"F1N76EA";"900 G1";"SHOP10";"EUR";2122.28;1;
"F1N76EA";"900 G1";"SHOP10";"UAH";37226.12;1;
"733644-425";"DL380p Gen8";"SHOP10";"USD";1346.30;1;
"733644-425";"DL380p Gen8";"SHOP10";"EUR";1006.66;1;
"733644-425";"DL380p Gen8";"SHOP10";"UAH";17657.40;1;
"H5G60EA";"645 G1";"SHOP10";"USD";2434.12;1;
"H5G60EA";"645 G1";"SHOP10";"EUR";1820.04;1;
"H5G60EA";"645 G1";"SHOP10";"UAH";31924.70;1;
"H5G64EA";"640 G1";"SHOP10";"USD";1897.18;1;
"H5G64EA";"640 G1";"SHOP10";"EUR";1418.56;1;
"H5G64EA";"640 G1";"SHOP10";"UAH";24882.46;1;
"H5G66EA";"640 G1";"SHOP10";"USD";3099.26;1;
"H5G66EA";"640 G1";"SHOP10";"EUR";2317.38;1;
"H5G66EA";"640 G1";"SHOP10";"UAH";40648.34;1;
"H5G77EA";"650";"SHOP10";"USD";515.37;1;
"H5G77EA";"650";"SHOP10";"EUR";385.35;1;
"H5G77EA";"650";"SHOP10";"UAH";6759.34;1;
"H5G79EA";"650 G1";"SHOP10";"USD";640.60;1;
"H5G79EA";"650 G1";"SHOP10";"EUR";478.99;1;
"H5G79EA";"650 G1";"SHOP10";"UAH";8401.79;1;
"736974-425";"ML350p Gen8";"SHOP10";"USD";2039.61;1;1631.6880
"736974-425";"ML350p Gen8";"SHOP10";"EUR";1525.06;1;1220.0480
"736974-425";"ML350p Gen8";"SHOP10";"UAH";26750.50;1;21400.4000
"737287-425";"ProLiant DL360p Gen8 E5-2620v2 1P 8GB-R P420i/1GB FBWC 460W PS Server/TV";"SHOP10";"USD";1780.40;1;
"737287-425";"ProLiant DL360p Gen8 E5-2620v2 1P 8GB-R P420i/1GB FBWC 460W PS Server/TV";"SHOP10";"EUR";1331.24;1;
"737287-425";"ProLiant DL360p Gen8 E5-2620v2 1P 8GB-R P420i/1GB FBWC 460W PS Server/TV";"SHOP10";"UAH";23350.84;1;
"712327-051";"ProLiant ML310e Gen8 v2 i3-4130 1P 2GB-U NHP 4 LFF 350W PS Entry Svr";"SHOP10";"USD";2129.75;1;
"712327-051";"ProLiant ML310e Gen8 v2 i3-4130 1P 2GB-U NHP 4 LFF 350W PS Entry Svr";"SHOP10";"EUR";1592.46;1;
"712327-051";"ProLiant ML310e Gen8 v2 i3-4130 1P 2GB-U NHP 4 LFF 350W PS Entry Svr";"SHOP10";"UAH";27932.74;1;
"F4W53EA";"7 Plus 4200eg";"SHOP10";"USD";2219.24;1;
"F4W53EA";"7 Plus 4200eg";"SHOP10";"EUR";1659.37;1;
"F4W53EA";"7 Plus 4200eg";"SHOP10";"UAH";29106.44;1;
"F2P27UA";"840 G1";"SHOP10";"USD";3237.78;1;
"F2P27UA";"840 G1";"SHOP10";"EUR";2420.95;1;
"F2P27UA";"840 G1";"SHOP10";"UAH";42465.10;1;
"H5G74ET";"650 G1";"SHOP10";"USD";3003.23;1;
"H5G74ET";"650 G1";"SHOP10";"EUR";2245.58;1;
"H5G74ET";"650 G1";"SHOP10";"UAH";39388.86;1;
"H5G75ET";"650 G1";"SHOP10";"USD";2390.68;1;
"H5G75ET";"650 G1";"SHOP10";"EUR";1787.56;1;
"H5G75ET";"650 G1";"SHOP10";"UAH";31354.96;1;
"PT330E-0VF03JCE";"R930-1MM";"SHOP10";"USD";1819.97;1;
"PT330E-0VF03JCE";"R930-1MM";"SHOP10";"EUR";1360.83;1;
"PT330E-0VF03JCE";"R930-1MM";"SHOP10";"UAH";23869.82;1;
"H5G77EA-ABH";"650";"SHOP10";"USD";1740.96;1;
"H5G77EA-ABH";"650";"SHOP10";"EUR";1301.75;1;
"H5G77EA-ABH";"650";"SHOP10";"UAH";22833.56;1;
"F4X12EA";"10 HD 3500eg";"SHOP10";"USD";802.00;1;
"F4X12EA";"10 HD 3500eg";"SHOP10";"EUR";599.67;1;
"F4X12EA";"10 HD 3500eg";"SHOP10";"UAH";10518.63;1;
"E3U25UT";"405 G1 MT";"SHOP10";"USD";2722.07;1;
"E3U25UT";"405 G1 MT";"SHOP10";"EUR";2035.35;1;
"E3U25UT";"405 G1 MT";"SHOP10";"UAH";35701.31;1;
"E3U25UTABA";"405 G1 MT";"SHOP10";"USD";3239.81;1;
"E3U25UTABA";"405 G1 MT";"SHOP10";"EUR";2422.47;1;
"E3U25UTABA";"405 G1 MT";"SHOP10";"UAH";42491.73;1;
"H5G78EA";"650 G1";"SHOP10";"USD";1857.16;1;
"H5G78EA";"650 G1";"SHOP10";"EUR";1388.64;1;
"H5G78EA";"650 G1";"SHOP10";"UAH";24357.58;1;
"H5G22EA-ABH";"840 G1";"SHOP10";"USD";3445.63;1;2756.5040
"H5G22EA-ABH";"840 G1";"SHOP10";"EUR";2576.37;1;2061.0960
"H5G22EA-ABH";"840 G1";"SHOP10";"UAH";45191.16;1;36152.9280
"H5G23EA-ABH";"840 G1";"SHOP10";"USD";1643.64;1;
"H5G23EA-ABH";"840 G1";"SHOP10";"EUR";1228.98;1;
"H5G23EA-ABH";"840 G1";"SHOP10";"UAH";21557.16;1;
"H5G18EA-ABH";"840 G1";"SHOP10";"USD";2644.96;1;2380.4640
"H5G18EA-ABH";"840 G1";"SHOP10";"EUR";1977.69;1;1779.9210
"H5G18EA-ABH";"840 G1";"SHOP10";"UAH";34689.97;1;31220.9730
"NT-L0KEH-005";"W510";"SHOP10";"USD";653.40;1;
"NT-L0KEH-005";"W510";"SHOP10";"EUR";488.56;1;
"NT-L0KEH-005";"W510";"SHOP10";"UAH";8569.67;1;
"H5G81EA-ABH";"650 G1";"SHOP10";"USD";848.54;1;
"H5G81EA-ABH";"650 G1";"SHOP10";"EUR";634.47;1;
"H5G81EA-ABH";"650 G1";"SHOP10";"UAH";11129.03;1;
"H5G69EA-ABH";"640 G1";"SHOP10";"USD";651.35;1;
"H5G69EA-ABH";"640 G1";"SHOP10";"EUR";487.03;1;
"H5G69EA-ABH";"640 G1";"SHOP10";"UAH";8542.78;1;
"F1R88AW-ABH";"840 G1";"SHOP10";"USD";538.05;1;
"F1R88AW-ABH";"840 G1";"SHOP10";"EUR";402.31;1;
"F1R88AW-ABH";"840 G1";"SHOP10";"UAH";7056.79;1;
"F1R92AW-ABH";"840 G1";"SHOP10";"USD";2687.96;1;
"F1R92AW-ABH";"840 G1";"SHOP10";"EUR";2009.84;1;
"F1R92AW-ABH";"840 G1";"SHOP10";"UAH";35253.94;1;
"F1R86AW-ABH";"840 G1";"SHOP10";"USD";3022.42;1;
"F1R86AW-ABH";"840 G1";"SHOP10";"EUR";2259.92;1;
"F1R86AW-ABH";"840 G1";"SHOP10";"UAH";39640.55;1;
"H5G29EA-ABH";"840 G1";"SHOP10";"USD";843.48;1;
"H5G29EA-ABH";"840 G1";"SHOP10";"EUR";630.69;1;
"H5G29EA-ABH";"840 G1";"SHOP10";"UAH";11062.66;1;
"H5G28EA-ABH";"840 G1";"SHOP10";"USD";2102.44;1;
"H5G28EA-ABH";"840 G1";"SHOP10";"EUR";1572.04;1;
"H5G28EA-ABH";"840 G1";"SHOP10";"UAH";27574.55;1;
"H5G25EA-ABH";"840 G1";"SHOP10";"USD";2087.00;1;
"H5G25EA-ABH";"840 G1";"SHOP10";"EUR";1560.49;1;
"H5G25EA-ABH";"840 G1";"SHOP10";"UAH";27372.05;1;
"H5G24EA-ABH";"840 G1";"SHOP10";"USD";2928.87;1;
"H5G24EA-ABH";"840 G1";"SHOP10";"EUR";2189.97;1;
"H5G24EA-ABH";"840 G1";"SHOP10";"UAH";38413.59;1;
"H5F74EA-ABH";"840 G1";"SHOP10";"USD";2197.27;1;
"H5F74EA-ABH";"840 G1";"SHOP10";"EUR";1642.94;1;
"H5F74EA-ABH";"840 G1";"SHOP10";"UAH";28818.29;1;
"NT-L31EH-005";"W4-820";"SHOP10";"USD";634.03;1;
"NT-L31EH-005";"W4-820";"SHOP10";"EUR";474.08;1;
"NT-L31EH-005";"W4-820";"SHOP10";"UAH";8315.62;1;
"F5B81EA-ABH";"11-e100ed";"SHOP10";"USD";1871.22;1;
"F5B81EA-ABH";"11-e100ed";"SHOP10";"EUR";1399.15;1;
"F5B81EA-ABH";"11-e100ed";"SHOP10";"UAH";24541.99;1;
"F5C00EA";"15-n200ed";"SHOP10";"USD";3383.68;1;2706.9440
"F5C00EA";"15-n200ed";"SHOP10";"EUR";2530.05;1;2024.0400
"F5C00EA";"15-n200ed";"SHOP10";"UAH";44378.66;1;35502.9280
"F5C10EA";"15-n210ed";"SHOP10";"USD";2596.51;1;2336.8590
"F5C10EA";"15-n210ed";"SHOP10";"EUR";1941.46;1;1747.3140
"F5C10EA";"15-n210ed";"SHOP10";"UAH";34054.53;1;30649.0770
"F5C10EA-ABH";"15-n210ed";"SHOP10";"USD";1032.66;1;
"F5C10EA-ABH";"15-n210ed";"SHOP10";"EUR";772.14;1;
"F5C10EA-ABH";"15-n210ed";"SHOP10";"UAH";13543.85;1;
"F9G11EA-ABH";"15-n213ed";"SHOP10";"USD";3041.29;1;
"F9G11EA-ABH";"15-n213ed";"SHOP10";"EUR";2274.03;1;
"F9G11EA-ABH";"15-n213ed";"SHOP10";"UAH";39888.04;1;
"F5C12EA";"15-n212ed";"SHOP10";"USD";2418.72;1;
"F5C12EA";"15-n212ed";"SHOP10";"EUR";1808.53;1;
"F5C12EA";"15-n212ed";"SHOP10";"UAH";31722.72;1;
"F5C32EA";"17-j100ed";"SHOP10";"USD";1767.89;1;
"F5C32EA";"17-j100ed";"SHOP10";"EUR";1321.89;1;
"F5C32EA";"17-j100ed";"SHOP10";"UAH";23186.76;1;
"F5C32EA-ABH";"17-j100ed";"SHOP10";"USD";1281.12;1;
"F5C32EA-ABH";"17-j100ed";"SHOP10";"EUR";957.92;1;
"F5C32EA-ABH";"17-j100ed";"SHOP10";"UAH";16802.53;1;
"G1F24PA";"840 G1";"SHOP10";"USD";853.91;1;
"G1F24PA";"840 G1";"SHOP10";"EUR";638.49;1;
"G1F24PA";"840 G1";"SHOP10";"UAH";11199.46;1;
"F1N62EA";"900 G1";"SHOP10";"USD";2648.81;1;
"F1N62EA";"900 G1";"SHOP10";"EUR";1980.57;1;
"F1N62EA";"900 G1";"SHOP10";"UAH";34740.47;1;
"F1N64EA";"ElitePad 900 G1 Tablet";"SHOP10";"USD";1422.57;1;
"F1N64EA";"ElitePad 900 G1 Tablet";"SHOP10";"EUR";1063.68;1;
"F1N64EA";"ElitePad 900 G1 Tablet";"SHOP10";"UAH";18657.72;1;
"F9G12EA";"15-n215ed";"SHOP10";"USD";2722.76;1;2178.2080
"F9G12EA";"15-n215ed";"SHOP10";"EUR";2035.86;1;1628.6880
"F9G12EA";"15-n215ed";"SHOP10";"UAH";35710.36;1;28568.2880
"NP940X3G-K03FR";"NP940X3G";"SHOP10";"USD";2195.93;1;
"NP940X3G-K03FR";"NP940X3G";"SHOP10";"EUR";1641.94;1;
"NP940X3G-K03FR";"NP940X3G";"SHOP10";"UAH";28800.72;1;
"748209-425";"ProLiant DL380e Gen8 E5-2407v2 1P 8GB-R SATA 1TB 460W PS Server/TV";"SHOP10";"USD";2184.83;1;1747.8640
"748209-425";"ProLiant DL380e Gen8 E5-2407v2 1P 8GB-R SATA 1TB 460W PS Server/TV";"SHOP10";"EUR";1633.64;1;1306.9120
"748209-425";"ProLiant DL380e Gen8 E5-2407v2 1P 8GB-R SATA 1TB 460W PS Server/TV";"SHOP10";"UAH";28655.14;1;22924.1120
"19733";"Isotto Wired Mini Mouse";"SHOP10";"USD";860.21;1;
"19733";"Isotto Wired Mini Mouse";"SHOP10";"EUR";643.20;1;
"19733";"Isotto Wired Mini Mouse";"SHOP10";"UAH";11282.08;1;
"SM-T111NDWANEE";"3 7.0 Lite";"SHOP10";"USD";2434.24;1;
"SM-T111NDWANEE";"3 7.0 Lite";"SHOP10";"EUR";1820.13;1;
"SM-T111NDWANEE";"3 7.0 Lite";"SHOP10";"UAH";31926.27;1;
"747089-421";"DL360e Gen8";"SHOP10";"USD";2832.20;1;
"747089-421";"DL360e Gen8";"SHOP10";"EUR";2117.69;1;
"747089-421";"DL360e Gen8";"SHOP10";"UAH";37145.72;1;
"747090-421";"DL360e Gen8";"SHOP10";"USD";1054.45;1;
"747090-421";"DL360e Gen8";"SHOP10";"EUR";788.43;1;
"747090-421";"DL360e Gen8";"SHOP10";"UAH";13829.64;1;
"747767-421";"DL380e Gen8";"SHOP10";"USD";1874.82;1;1499.8560
"747767-421";"DL380e Gen8";"SHOP10";"EUR";1401.84;1;1121.4720
"747767-421";"DL380e Gen8";"SHOP10";"UAH";24589.20;1;19671.3600
"747769-421";"DL380e Gen8";"SHOP10";"USD";2490.85;1;
"747769-421";"DL380e Gen8";"SHOP10";"EUR";1862.46;1;
"747769-421";"DL380e Gen8";"SHOP10";"UAH";32668.74;1;
"740899-031";"ProLiant ML350e Gen8 v2 E5-2407 1P 4GB-U B120i 460W PS Base Server";"SHOP10";"USD";1097.95;1;
"740899-031";"ProLiant ML350e Gen8 v2 E5-2407 1P 4GB-U B120i 460W PS Base Server";"SHOP10";"EUR";820.96;1;
"740899-031";"ProLiant ML350e Gen8 v2 E5-2407 1P 4GB-U B120i 460W PS Base Server";"SHOP10";"UAH";14400.16;1;
"90NB0391-M01050";"K95VB-YZ075H";"SHOP10";"USD";1114.53;1;
"90NB0391-M01050";"K95VB-YZ075H";"SHOP10";"EUR";833.36;1;
"90NB0391-M01050";"K95VB-YZ075H";"SHOP10";"UAH";14617.62;1;
"NT-L3JEE-005";"B1-720";"SHOP10";"USD";1782.25;1;
"NT-L3JEE-005";"B1-720";"SHOP10";"EUR";1332.62;1;
"NT-L3JEE-005";"B1-720";"SHOP10";"UAH";23375.10;1;
"NT-L2AEE-010";"A3-A11";"SHOP10";"USD";1324.77;1;
"NT-L2AEE-010";"A3-A11";"SHOP10";"EUR";990.56;1;
"NT-L2AEE-010";"A3-A11";"SHOP10";"UAH";17375.02;1;
"NT-L0MEH-014";"W510";"SHOP10";"USD";2975.94;1;
"NT-L0MEH-014";"W510";"SHOP10";"EUR";2225.17;1;
"NT-L0MEH-014";"W510";"SHOP10";"UAH";39030.94;1;
"D3J20LT-ABM-LA";"6305 SFF";"SHOP10";"USD";833.77;1;
"D3J20LT-ABM-LA";"6305 SFF";"SHOP10";"EUR";623.43;1;
"D3J20LT-ABM-LA";"6305 SFF";"SHOP10";"UAH";10935.31;1;
"GT-P5200MKAXEO";"3 10.1";"SHOP10";"USD";2255.96;1;
"GT-P5200MKAXEO";"3 10.1";"SHOP10";"EUR";1686.83;1;
"GT-P5200MKAXEO";"3 10.1";"SHOP10";"UAH";29588.04;1;
"SM-T520ZWALUX";"Pro 10.1";"SHOP10";"USD";3255.67;1;
"SM-T520ZWALUX";"Pro 10.1";"SHOP10";"EUR";2434.33;1;
"SM-T520ZWALUX";"Pro 10.1";"SHOP10";"UAH";42699.74;1;
"F8Q86EA";"17-j106sg";"SHOP10";"USD";1054.61;1;
"F8Q86EA";"17-j106sg";"SHOP10";"EUR";788.55;1;
"F8Q86EA";"17-j106sg";"SHOP10";"UAH";13831.74;1;
"SM-T520NZWAPHN";"Pro 10.1";"SHOP10";"USD";2374.60;1;2137.1400
"SM-T520NZWAPHN";"Pro 10.1";"SHOP10";"EUR";1775.54;1;1597.9860
"SM-T520NZWAPHN";"Pro 10.1";"SHOP10";"UAH";31144.07;1;28029.6630
"SM-T520NZKAPHN";"Pro 10.1";"SHOP10";"USD";1310.12;1;
"SM-T520NZKAPHN";"Pro 10.1";"SHOP10";"EUR";979.60;1;
"SM-T520NZKAPHN";"Pro 10.1";"SHOP10";"UAH";17182.88;1;
"20A8002FUK";"X1 Carbon";"SHOP10";"USD";3058.76;1;
"20A8002FUK";"X1 Carbon";"SHOP10";"EUR";2287.10;1;
"20A8002FUK";"X1 Carbon";"SHOP10";"UAH";40117.17;1;
"20A8002GUK";"X1 Carbon";"SHOP10";"USD";2081.02;1;
"20A8002GUK";"X1 Carbon";"SHOP10";"EUR";1556.02;1;
"20A8002GUK";"X1 Carbon";"SHOP10";"UAH";27293.62;1;
"20A8002HGE";"X1 Carbon";"SHOP10";"USD";3147.45;1;
"20A8002HGE";"X1 Carbon";"SHOP10";"EUR";2353.41;1;
"20A8002HGE";"X1 Carbon";"SHOP10";"UAH";41280.38;1;
"F1N62EA-ABH";"900 G1";"SHOP10";"USD";1491.35;1;
"F1N62EA-ABH";"900 G1";"SHOP10";"EUR";1115.11;1;
"F1N62EA-ABH";"900 G1";"SHOP10";"UAH";19559.80;1;
"F1N49EA";"900 G1";"SHOP10";"USD";1912.21;1;
"F1N49EA";"900 G1";"SHOP10";"EUR";1429.80;1;
"F1N49EA";"900 G1";"SHOP10";"UAH";25079.59;1;
"H6P82EA";"ElitePad 900 G1 Tablet";"SHOP10";"USD";1955.00;1;1564.0000
"H6P82EA";"ElitePad 900 G1 Tablet";"SHOP10";"EUR";1461.79;1;1169.4320
"H6P82EA";"ElitePad 900 G1 Tablet";"SHOP10";"UAH";25640.80;1;20512.6400
"NT-L3WEE-002";"A1-830";"SHOP10";"USD";3304.28;1;
"NT-L3WEE-002";"A1-830";"SHOP10";"EUR";2470.68;1;
"NT-L3WEE-002";"A1-830";"SHOP10";"UAH";43337.28;1;
"728547-421";"DL580";"SHOP10";"USD";2846.86;1;
"728547-421";"DL580";"SHOP10";"EUR";2128.65;1;
"728547-421";"DL580";"SHOP10";"UAH";37337.99;1;
"SGP512E1AW-EC5";"Z2";"SHOP10";"USD";2638.51;1;
"SGP512E1AW-EC5";"Z2";"SHOP10";"EUR";1972.87;1;
"SGP512E1AW-EC5";"Z2";"SHOP10";"UAH";34605.38;1;
"G6X12AW";"1000 G2";"SHOP10";"USD";1824.40;1;1641.9600
"G6X12AW";"1000 G2";"SHOP10";"EUR";1364.14;1;1227.7260
"G6X12AW";"1000 G2";"SHOP10";"UAH";23927.92;1;21535.1280
"732341-421";"ProLiant DL560 Gen8 E5-4610v2 2P 32GB-R Hot Plug SFF 1200W RPS Server";"SHOP10";"USD";3080.69;1;2772.6210
"732341-421";"ProLiant DL560 Gen8 E5-4610v2 2P 32GB-R Hot Plug SFF 1200W RPS Server";"SHOP10";"EUR";2303.49;1;2073.1410
"732341-421";"ProLiant DL560 Gen8 E5-4610v2 2P 32GB-R Hot Plug SFF 1200W RPS Server";"SHOP10";"UAH";40404.79;1;36364.3110
"F4Q34EA";"ProDesk 400 G1 Small Form Factor PC";"SHOP10";"USD";531.61;1;
"F4Q34EA";"ProDesk 400 G1 Small Form Factor PC";"SHOP10";"EUR";397.50;1;
"F4Q34EA";"ProDesk 400 G1 Small Form Factor PC";"SHOP10";"UAH";6972.33;1;
"G6X12AW-ABH";"1000 G2";"SHOP10";"USD";3175.86;1;
"G6X12AW-ABH";"1000 G2";"SHOP10";"EUR";2374.65;1;
"G6X12AW-ABH";"1000 G2";"SHOP10";"UAH";41652.99;1;
"G2E68EA-ABB";"7 6101en VoiceTab";"SHOP10";"USD";2857.20;1;
"G2E68EA-ABB";"7 6101en VoiceTab";"SHOP10";"EUR";2136.39;1;
"G2E68EA-ABB";"7 6101en VoiceTab";"SHOP10";"UAH";37473.61;1;
"VFYZQ7040M87B1ES";"Q704";"SHOP10";"USD";1816.47;1;
"VFYZQ7040M87B1ES";"Q704";"SHOP10";"EUR";1358.21;1;
"VFYZQ7040M87B1ES";"Q704";"SHOP10";"UAH";23823.91;1;
"VFYZQ5840M80A2ES";"Q584";"SHOP10";"USD";1966.78;1;
"VFYZQ5840M80A2ES";"Q584";"SHOP10";"EUR";1470.60;1;
"VFYZQ5840M80A2ES";"Q584";"SHOP10";"UAH";25795.30;1;
"G2E67EA";"6 6001en VoiceTab";"SHOP10";"USD";1016.89;1;
"G2E67EA";"6 6001en VoiceTab";"SHOP10";"EUR";760.35;1;
"G2E67EA";"6 6001en VoiceTab";"SHOP10";"UAH";13337.02;1;
"G1K29AA";"G1K29AA";"SHOP10";"USD";2131.53;1;
"G1K29AA";"G1K29AA";"SHOP10";"EUR";1593.79;1;
"G1K29AA";"G1K29AA";"SHOP10";"UAH";27956.08;1;
"70B0000EUX";"RD640";"SHOP10";"USD";670.55;1;
"70B0000EUX";"RD640";"SHOP10";"EUR";501.38;1;
"70B0000EUX";"RD640";"SHOP10";"UAH";8794.60;1;
"E2A60UTRABA";"230 MT";"SHOP10";"USD";2667.06;1;
"E2A60UTRABA";"230 MT";"SHOP10";"EUR";1994.21;1;
"E2A60UTRABA";"230 MT";"SHOP10";"UAH";34979.83;1;
"E4Z29ETABU-MFC00007";"6305 SFF";"SHOP10";"USD";1183.33;1;
"E4Z29ETABU-MFC00007";"6305 SFF";"SHOP10";"EUR";884.80;1;
"E4Z29ETABU-MFC00007";"6305 SFF";"SHOP10";"UAH";15519.96;1;
"E4Z29ETABU";"6305 SFF";"SHOP10";"USD";543.18;1;
"E4Z29ETABU";"6305 SFF";"SHOP10";"EUR";406.15;1;
"E4Z29ETABU";"6305 SFF";"SHOP10";"UAH";7124.08;1;
"J4C95AA";"Chromebox";"SHOP10";"USD";2146.66;1;
"J4C95AA";"Chromebox";"SHOP10";"EUR";1605.10;1;
"J4C95AA";"Chromebox";"SHOP10";"UAH";28154.52;1;
"J4C96AA";"Chromebox";"SHOP10";"USD";1289.01;1;
"J4C96AA";"Chromebox";"SHOP10";"EUR";963.82;1;
"J4C96AA";"Chromebox";"SHOP10";"UAH";16906.01;1;
"F1Q78EA-ABH";"1000 G2";"SHOP10";"USD";1648.09;1;
"F1Q78EA-ABH";"1000 G2";"SHOP10";"EUR";1232.31;1;
"F1Q78EA-ABH";"1000 G2";"SHOP10";"UAH";21615.52;1;
"SGP511B2AB-EC5";"Z2 FIFA";"SHOP10";"USD";871.66;1;
"SGP511B2AB-EC5";"Z2 FIFA";"SHOP10";"EUR";651.76;1;
"SGP511B2AB-EC5";"Z2 FIFA";"SHOP10";"UAH";11432.26;1;
"F1Q70EA";"1000 G2";"SHOP10";"USD";1815.94;1;
"F1Q70EA";"1000 G2";"SHOP10";"EUR";1357.81;1;
"F1Q70EA";"1000 G2";"SHOP10";"UAH";23816.96;1;
"F1Q75EA";"1000 G2";"SHOP10";"USD";1611.61;1;
"F1Q75EA";"1000 G2";"SHOP10";"EUR";1205.03;1;
"F1Q75EA";"1000 G2";"SHOP10";"UAH";21137.07;1;
"F1Q72EA";"1000 G2";"SHOP10";"USD";1440.70;1;
"F1Q72EA";"1000 G2";"SHOP10";"EUR";1077.24;1;
"F1Q72EA";"1000 G2";"SHOP10";"UAH";18895.50;1;
"VFYZP0720PXSA1CZ";"P720 E85+";"SHOP10";"USD";658.46;1;592.6140
"VFYZP0720PXSA1CZ";"P720 E85+";"SHOP10";"EUR";492.34;1;443.1060
"VFYZP0720PXSA1CZ";"P720 E85+";"SHOP10";"UAH";8636.03;1;7772.4270
"J6T84AW-ABH";"1000 G2";"SHOP10";"USD";1679.84;1;
"J6T84AW-ABH";"1000 G2";"SHOP10";"EUR";1256.05;1;
"J6T84AW-ABH";"1000 G2";"SHOP10";"UAH";22031.94;1;
"J6T92AW-ABH";"1000 G2";"SHOP10";"USD";2710.35;1;
"J6T92AW-ABH";"1000 G2";"SHOP10";"EUR";2026.58;1;
"J6T92AW-ABH";"1000 G2";"SHOP10";"UAH";35547.60;1;
"E3U25UTRABA";"405 G1 MT";"SHOP10";"USD";1177.87;1;
"E3U25UTRABA";"405 G1 MT";"SHOP10";"EUR";880.72;1;
"E3U25UTRABA";"405 G1 MT";"SHOP10";"UAH";15448.35;1;
"TABLET-S100SILVER";"TABLET-S100SILVER";"SHOP10";"USD";868.24;1;
"TABLET-S100SILVER";"TABLET-S100SILVER";"SHOP10";"EUR";649.20;1;
"TABLET-S100SILVER";"TABLET-S100SILVER";"SHOP10";"UAH";11387.40;1;
"TABLET-UN100BLACK";"TABLET-UN100BLACK";"SHOP10";"USD";1185.49;1;
"TABLET-UN100BLACK";"TABLET-UN100BLACK";"SHOP10";"EUR";886.41;1;
"TABLET-UN100BLACK";"TABLET-UN100BLACK";"SHOP10";"UAH";15548.29;1;
"768748-371";"ProLiant ML310e Gen8 v2 i3-4150 1P 2GB-U B120i Non-hot Plug 350W PS Entry Server";"SHOP10";"USD";3116.49;1;
"768748-371";"ProLiant ML310e Gen8 v2 i3-4150 1P 2GB-U B120i Non-hot Plug 350W PS Entry Server";"SHOP10";"EUR";2330.26;1;
"768748-371";"ProLiant ML310e Gen8 v2 i3-4150 1P 2GB-U B120i Non-hot Plug 350W PS Entry Server";"SHOP10";"UAH";40874.32;1;
"768645-421";"ProLiant DL320e Gen8 v2 E3-1241v3 1P 8GB-U P222 Hot Plug 4 SFF Perf Svr";"SHOP10";"USD";1136.84;1;
"768645-421";"ProLiant DL320e Gen8 v2 E3-1241v3 1P 8GB-U P222 Hot Plug 4 SFF Perf Svr";"SHOP10";"EUR";850.04;1;
"768645-421";"ProLiant DL320e Gen8 v2 E3-1241v3 1P 8GB-U P222 Hot Plug 4 SFF Perf Svr";"SHOP10";"UAH";14910.23;1;
"768638-AA1";"ProLiant DL320e Gen8 v2 G3240 1P 2GB-U Non-hot Plug 2 LFF Entry Server";"SHOP10";"USD";757.17;1;
"768638-AA1";"ProLiant DL320e Gen8 v2 G3240 1P 2GB-U Non-hot Plug 2 LFF Entry Server";"SHOP10";"EUR";566.15;1;
"768638-AA1";"ProLiant DL320e Gen8 v2 G3240 1P 2GB-U Non-hot Plug 2 LFF Entry Server";"SHOP10";"UAH";9930.66;1;
"768752-425";"ProLiant ML310e Gen8 v2 i3-4150 1P 4GB-U B120i Non-hot Plug 350W PS Server/TV";"SHOP10";"USD";571.89;1;514.7010
"768752-425";"ProLiant ML310e Gen8 v2 i3-4150 1P 4GB-U B120i Non-hot Plug 350W PS Server/TV";"SHOP10";"EUR";427.61;1;384.8490
"768752-425";"ProLiant ML310e Gen8 v2 i3-4150 1P 4GB-U B120i Non-hot Plug 350W PS Server/TV";"SHOP10";"UAH";7500.62;1;6750.5580
"768729-041";"ProLiant ML310e Gen8 v2 E3-1241v3 1P 8GB-U B120i 460W PS Performance Server";"SHOP10";"USD";1524.71;1;1372.2390
"768729-041";"ProLiant ML310e Gen8 v2 E3-1241v3 1P 8GB-U B120i 460W PS Performance Server";"SHOP10";"EUR";1140.06;1;1026.0540
"768729-041";"ProLiant ML310e Gen8 v2 E3-1241v3 1P 8GB-U B120i 460W PS Performance Server";"SHOP10";"UAH";19997.33;1;17997.5970
"768729-051";"ProLiant ML310e Gen8 v2 E3-1241v3 1P 8GB-U B120i 460W PS Performance Server";"SHOP10";"USD";1154.50;1;
"768729-051";"ProLiant ML310e Gen8 v2 E3-1241v3 1P 8GB-U B120i 460W PS Performance Server";"SHOP10";"EUR";863.24;1;
"768729-051";"ProLiant ML310e Gen8 v2 E3-1241v3 1P 8GB-U B120i 460W PS Performance Server";"SHOP10";"UAH";15141.84;1;
"768748-031";"ProLiant ML310e Gen8 v2 i3-4150 1P 2GB-U B120i Non-hot Plug 350W PS Entry Server";"SHOP10";"USD";1839.29;1;
"768748-031";"ProLiant ML310e Gen8 v2 i3-4150 1P 2GB-U B120i Non-hot Plug 350W PS Entry Server";"SHOP10";"EUR";1375.27;1;
"768748-031";"ProLiant ML310e Gen8 v2 i3-4150 1P 2GB-U B120i Non-hot Plug 350W PS Entry Server";"SHOP10";"UAH";24123.21;1;
"768729-371";"ProLiant ML310e Gen8 v2 E3-1241v3 1P 8GB-U B120i 460W PS Performance Server";"SHOP10";"USD";2182.88;1;
"768729-371";"ProLiant ML310e Gen8 v2 E3-1241v3 1P 8GB-U B120i 460W PS Performance Server";"SHOP10";"EUR";1632.18;1;
"768729-371";"ProLiant ML310e Gen8 v2 E3-1241v3 1P 8GB-U B120i 460W PS Performance Server";"SHOP10";"UAH";28629.56;1;
"768748-041";"ProLiant ML310e Gen8 v2 i3-4150 1P 2GB-U B120i Non-hot Plug 350W PS Entry Server";"SHOP10";"USD";1306.63;1;
"768748-041";"ProLiant ML310e Gen8 v2 i3-4150 1P 2GB-U B120i Non-hot Plug 350W PS Entry Server";"SHOP10";"EUR";976.99;1;
"768748-041";"ProLiant ML310e Gen8 v2 i3-4150 1P 2GB-U B120i Non-hot Plug 350W PS Entry Server";"SHOP10";"UAH";17137.11;1;
"768748-421";"ProLiant ML310e Gen8 v2 i3-4150 1P 2GB-U B120i Non-hot Plug 350W PS Entry Server";"SHOP10";"USD";3495.82;1;
"768748-421";"ProLiant ML310e Gen8 v2 i3-4150 1P 2GB-U B120i Non-hot Plug 350W PS Entry Server";"SHOP10";"EUR";2613.89;1;
"768748-421";"ProLiant ML310e Gen8 v2 i3-4150 1P 2GB-U B120i Non-hot Plug 350W PS Entry Server";"SHOP10";"UAH";45849.43;1;
"768748-051";"ProLiant ML310e Gen8 v2 i3-4150 1P 2GB-U B120i Non-hot Plug 350W PS Entry Server";"SHOP10";"USD";2497.92;1;
"768748-051";"ProLiant ML310e Gen8 v2 i3-4150 1P 2GB-U B120i Non-hot Plug 350W PS Entry Server";"SHOP10";"EUR";1867.74;1;
"768748-051";"ProLiant ML310e Gen8 v2 i3-4150 1P 2GB-U B120i Non-hot Plug 350W PS Entry Server";"SHOP10";"UAH";32761.47;1;
"57329724";"515";"SHOP10";"USD";2185.30;1;
"57329724";"515";"SHOP10";"EUR";1633.99;1;
"57329724";"515";"SHOP10";"UAH";28661.30;1;
"M11BB-NR040S";"M11BB-NR040S";"SHOP10";"USD";561.18;1;
"M11BB-NR040S";"M11BB-NR040S";"SHOP10";"EUR";419.61;1;
"M11BB-NR040S";"M11BB-NR040S";"SHOP10";"UAH";7360.16;1;
"QY776AA-B15";"USB Keyboard for PC";"SHOP10";"USD";2031.11;1;
"QY776AA-B15";"USB Keyboard for PC";"SHOP10";"EUR";1518.70;1;
"QY776AA-B15";"USB Keyboard for PC";"SHOP10";"UAH";26639.02;1;
"70B0000ESP";"RD640";"SHOP10";"USD";1854.74;1;
"70B0000ESP";"RD640";"SHOP10";"EUR";1386.83;1;
"70B0000ESP";"RD640";"SHOP10";"UAH";24325.84;1;
"19829";"Evo Advanced Laser Mouse";"SHOP10";"USD";3442.17;1;
"19829";"Evo Advanced Laser Mouse";"SHOP10";"EUR";2573.78;1;
"19829";"Evo Advanced Laser Mouse";"SHOP10";"UAH";45145.78;1;
"SM-T531NYKASER";"Galaxy Tab 4 10.1\" 3G";"SHOP10";"USD";3459.27;1;
"SM-T531NYKASER";"Galaxy Tab 4 10.1\" 3G";"SHOP10";"EUR";2586.57;1;
"SM-T531NYKASER";"Galaxy Tab 4 10.1\" 3G";"SHOP10";"UAH";45370.06;1;
"PDW0AE-00900PEN";"WT8-B-102";"SHOP10";"USD";715.80;1;
"PDW0AE-00900PEN";"WT8-B-102";"SHOP10";"EUR";535.22;1;
"PDW0AE-00900PEN";"WT8-B-102";"SHOP10";"UAH";9388.07;1;
"VFYZW5300W28A1IT";"W530";"SHOP10";"USD";2004.58;1;
"VFYZW5300W28A1IT";"W530";"SHOP10";"EUR";1498.86;1;
"VFYZW5300W28A1IT";"W530";"SHOP10";"UAH";26291.07;1;
"E2A60UTR";"230 MT";"SHOP10";"USD";2631.68;1;
"E2A60UTR";"230 MT";"SHOP10";"EUR";1967.76;1;
"E2A60UTR";"230 MT";"SHOP10";"UAH";34515.80;1;
"E3U25UTR";"405 G1 MT";"SHOP10";"USD";670.80;1;603.7200
"E3U25UTR";"405 G1 MT";"SHOP10";"EUR";501.57;1;451.4130
"E3U25UTR";"405 G1 MT";"SHOP10";"UAH";8797.88;1;7918.0920
"PDW0BE-00600TEN";"WT10-A";"SHOP10";"USD";838.47;1;
"PDW0BE-00600TEN";"WT10-A";"SHOP10";"EUR";626.94;1;
"PDW0BE-00600TEN";"WT10-A";"SHOP10";"UAH";10996.95;1;
"VFYZP0520P27A1IT";"P520 E85+";"SHOP10";"USD";1212.79;1;
"VFYZP0520P27A1IT";"P520 E85+";"SHOP10";"EUR";906.83;1;
"VFYZP0520P27A1IT";"P520 E85+";"SHOP10";"UAH";15906.35;1;
"VFYZP0920PXP81IT";"P920 E85+";"SHOP10";"USD";2207.69;1;
"VFYZP0920PXP81IT";"P920 E85+";"SHOP10";"EUR";1650.73;1;
"VFYZP0920PXP81IT";"P920 E85+";"SHOP10";"UAH";28954.96;1;
"VFYZQ0520P73A1IT";"Q520";"SHOP10";"USD";563.95;1;
"VFYZQ0520P73A1IT";"Q520";"SHOP10";"EUR";421.68;1;
"VFYZQ0520P73A1IT";"Q520";"SHOP10";"UAH";7396.49;1;
"VFYZW5300W28B1IT";"W530";"SHOP10";"USD";2134.86;1;
"VFYZW5300W28B1IT";"W530";"SHOP10";"EUR";1596.28;1;
"VFYZW5300W28B1IT";"W530";"SHOP10";"UAH";27999.76;1;
"70B0000ERU";"RD640";"SHOP10";"USD";1018.23;1;
"70B0000ERU";"RD640";"SHOP10";"EUR";761.35;1;
"70B0000ERU";"RD640";"SHOP10";"UAH";13354.60;1;
"CA012D3020MT11HSW";"3020 MT";"SHOP10";"USD";2954.78;1;
"CA012D3020MT11HSW";"3020 MT";"SHOP10";"EUR";2209.35;1;
"CA012D3020MT11HSW";"3020 MT";"SHOP10";"UAH";38753.42;1;
"CA023D3020MT11HSW";"3020 MT";"SHOP10";"USD";1684.32;1;
"CA023D3020MT11HSW";"3020 MT";"SHOP10";"EUR";1259.40;1;
"CA023D3020MT11HSW";"3020 MT";"SHOP10";"UAH";22090.70;1;
"CA004D3020MT11HSW";"3020 MT";"SHOP10";"USD";1734.61;1;
"CA004D3020MT11HSW";"3020 MT";"SHOP10";"EUR";1297.00;1;
"CA004D3020MT11HSW";"3020 MT";"SHOP10";"UAH";22750.28;1;
"CA020D3020MT11HSW";"3020 MT";"SHOP10";"USD";2296.67;1;
"CA020D3020MT11HSW";"3020 MT";"SHOP10";"EUR";1717.27;1;
"CA020D3020MT11HSW";"3020 MT";"SHOP10";"UAH";30121.98;1;
"70CK9000WWAK4";"EMC px4-400r 8TB";"SHOP10";"USD";3303.46;1;
"70CK9000WWAK4";"EMC px4-400r 8TB";"SHOP10";"EUR";2470.06;1;
"70CK9000WWAK4";"EMC px4-400r 8TB";"SHOP10";"UAH";43326.53;1;
"70CK9000WWAK1";"EMC px4-400r 4TB";"SHOP10";"USD";1717.52;1;
"70CK9000WWAK1";"EMC px4-400r 4TB";"SHOP10";"EUR";1284.22;1;
"70CK9000WWAK1";"EMC px4-400r 4TB";"SHOP10";"UAH";22526.13;1;
"70CK9000WWAK2";"EMC px4-400r 8TB";"SHOP10";"USD";575.58;1;
"70CK9000WWAK2";"EMC px4-400r 8TB";"SHOP10";"EUR";430.37;1;
"70CK9000WWAK2";"EMC px4-400r 8TB";"SHOP10";"UAH";7549.02;1;
"70CK9000WWAK3";"EMC px4-400r 12TB";"SHOP10";"USD";1922.58;1;
"70CK9000WWAK3";"EMC px4-400r 12TB";"SHOP10";"EUR";1437.55;1;
"70CK9000WWAK3";"EMC px4-400r 12TB";"SHOP10";"UAH";25215.60;1;
"70CK9000WWAK5";"EMC px4-400r 12TB";"SHOP10";"USD";697.64;1;
"70CK9000WWAK5";"EMC px4-400r 12TB";"SHOP10";"EUR";521.64;1;
"70CK9000WWAK5";"EMC px4-400r 12TB";"SHOP10";"UAH";9149.90;1;
"J0F20ET";"800 G1 SFF";"SHOP10";"USD";1348.65;1;
"J0F20ET";"800 G1 SFF";"SHOP10";"EUR";1008.41;1;
"J0F20ET";"800 G1 SFF";"SHOP10";"UAH";17688.22;1;
"J4C96AA-ABH";"Chromebox";"SHOP10";"USD";3183.31;1;
"J4C96AA-ABH";"Chromebox";"SHOP10";"EUR";2380.22;1;
"J4C96AA-ABH";"Chromebox";"SHOP10";"UAH";41750.70;1;
"J4C98AA-ABH";"Chromebox";"SHOP10";"USD";1976.19;1;
"J4C98AA-ABH";"Chromebox";"SHOP10";"EUR";1477.64;1;
"J4C98AA-ABH";"Chromebox";"SHOP10";"UAH";25918.72;1;
"G0K55AV";"EliteDesk 705 G1 Base Model Small Form Factor PC";"SHOP10";"USD";3216.57;1;
"G0K55AV";"EliteDesk 705 G1 Base Model Small Form Factor PC";"SHOP10";"EUR";2405.09;1;
"G0K55AV";"EliteDesk 705 G1 Base Model Small Form Factor PC";"SHOP10";"UAH";42186.92;1;
"G0K54AV";"EliteDesk 705 G1 Base Model Microtower PC";"SHOP10";"USD";3214.76;1;
"G0K54AV";"EliteDesk 705 G1 Base Model Microtower PC";"SHOP10";"EUR";2403.74;1;
"G0K54AV";"EliteDesk 705 G1 Base Model Microtower PC";"SHOP10";"UAH";42163.18;1;
"J8Q17EA";"ElitePad 1000 G2 Tablet";"SHOP10";"USD";1350.45;1;
"J8Q17EA";"ElitePad 1000 G2 Tablet";"SHOP10";"EUR";1009.76;1;
"J8Q17EA";"ElitePad 1000 G2 Tablet";"SHOP10";"UAH";17711.83;1;
"J8Q20EA";"ElitePad 1000 G2 Tablet";"SHOP10";"USD";3025.18;1;
"J8Q20EA";"ElitePad 1000 G2 Tablet";"SHOP10";"EUR";2261.99;1;
"J8Q20EA";"ElitePad 1000 G2 Tablet";"SHOP10";"UAH";39676.75;1;
"J8Q14EA";"ElitePad 1000 G2 Tablet";"SHOP10";"USD";1776.11;1;
"J8Q14EA";"ElitePad 1000 G2 Tablet";"SHOP10";"EUR";1328.03;1;
"J8Q14EA";"ElitePad 1000 G2 Tablet";"SHOP10";"UAH";23294.57;1;
"57326147";"H535";"SHOP10";"USD";729.65;1;
"57326147";"H535";"SHOP10";"EUR";545.57;1;
"57326147";"H535";"SHOP10";"UAH";9569.72;1;
"D5S20EA-ABB";"400 G1 SFF";"SHOP10";"USD";2778.44;1;
"D5S20EA-ABB";"400 G1 SFF";"SHOP10";"EUR";2077.50;1;
"D5S20EA-ABB";"400 G1 SFF";"SHOP10";"UAH";36440.63;1;
"A70CV-AT4501";"A70CV.AT4501";"SHOP10";"USD";2464.92;1;
"A70CV-AT4501";"A70CV.AT4501";"SHOP10";"EUR";1843.07;1;
"A70CV-AT4501";"A70CV.AT4501";"SHOP10";"UAH";32328.66;1;
"D3J20LT";"6305 SFF";"SHOP10";"USD";2106.96;1;
"D3J20LT";"6305 SFF";"SHOP10";"EUR";1575.42;1;
"D3J20LT";"6305 SFF";"SHOP10";"UAH";27633.83;1;
"A70CV-AH450P";"A70CV.AH450P";"SHOP10";"USD";2097.21;1;
"A70CV-AH450P";"A70CV.AH450P";"SHOP10";"EUR";1568.13;1;
"A70CV-AH450P";"A70CV.AH450P";"SHOP10";"UAH";27505.96;1;
"A70CH-AH4511";"A70CH.AH4511";"SHOP10";"USD";3159.45;1;
"A70CH-AH4511";"A70CH.AH4511";"SHOP10";"EUR";2362.38;1;
"A70CH-AH4511";"A70CH.AH4511";"SHOP10";"UAH";41437.77;1;
"A75CV-AH4301";"A75CV.AH4301";"SHOP10";"USD";1620.03;1;1458.0270
"A75CV-AH4301";"A75CV.AH4301";"SHOP10";"EUR";1211.33;1;1090.1970
"A75CV-AH4301";"A75CV.AH4301";"SHOP10";"UAH";21247.50;1;19122.7500
"XE3000TC-EG1CN";"XE3000TC";"SHOP10";"USD";2728.62;1;
"XE3000TC-EG1CN";"XE3000TC";"SHOP10";"EUR";2040.24;1;
"XE3000TC-EG1CN";"XE3000TC";"SHOP10";"UAH";35787.22;1;
"XE300TZC-K01CL";"XE300TZC";"SHOP10";"USD";2141.71;1;1713.3680
"XE300TZC-K01CL";"XE300TZC";"SHOP10";"EUR";1601.40;1;1281.1200
"XE300TZC-K01CL";"XE300TZC";"SHOP10";"UAH";28089.60;1;22471.6800
"XE5100TC-EG1CN";"XE5100TC";"SHOP10";"USD";2714.12;1;
"XE5100TC-EG1CN";"XE5100TC";"SHOP10";"EUR";2029.40;1;
"XE5100TC-EG1CN";"XE5100TC";"SHOP10";"UAH";35597.04;1;
"XE700T1C-G02MY";"Tab 7";"SHOP10";"USD";2234.56;1;
"XE700T1C-G02MY";"Tab 7";"SHOP10";"EUR";1670.83;1;
"XE700T1C-G02MY";"Tab 7";"SHOP10";"UAH";29307.37;1;
"XE7100TC-EG1CN";"Tab 7";"SHOP10";"USD";3312.94;1;
"XE7100TC-EG1CN";"Tab 7";"SHOP10";"EUR";2477.15;1;
"XE7100TC-EG1CN";"Tab 7";"SHOP10";"UAH";43450.86;1;
"NT-L3WAA-003";"A1-830-1838";"SHOP10";"USD";917.44;1;
"NT-L3WAA-003";"A1-830-1838";"SHOP10";"EUR";685.99;1;
"NT-L3WAA-003";"A1-830-1838";"SHOP10";"UAH";12032.68;1;
"E7Q32US";"600 G1";"SHOP10";"USD";3078.59;1;
"E7Q32US";"600 G1";"SHOP10";"EUR";2301.92;1;
"E7Q32US";"600 G1";"SHOP10";"UAH";40377.25;1;
"CA019D3020SFF11HSW";"3020 MT";"SHOP10";"USD";1344.68;1;
"CA019D3020SFF11HSW";"3020 MT";"SHOP10";"EUR";1005.44;1;
"CA019D3020SFF11HSW";"3020 MT";"SHOP10";"UAH";17636.15;1;
"SM010D3020MT11HSW1";"3020 MT";"SHOP10";"USD";2528.22;1;
"SM010D3020MT11HSW1";"3020 MT";"SHOP10";"EUR";1890.40;1;
"SM010D3020MT11HSW1";"3020 MT";"SHOP10";"UAH";33158.87;1;
"SM016D3020MT11HSW1";"3020 MT";"SHOP10";"USD";831.82;1;
"SM016D3020MT11HSW1";"3020 MT";"SHOP10";"EUR";621.97;1;
"SM016D3020MT11HSW1";"3020 MT";"SHOP10";"UAH";10909.74;1;
