code;shop code;currency;type;action;promotion name;EN;RU;condition;action context;can be combined;enabled;rank;coupon triggered;
SHOP10EURITEMQTY10P;SHOP10;EUR;I;P;10% off when buying 5 or more items;10% off when buying 5 or more items;Скидка 10% при покупке свыше 5 единиц;shoppingCartItem.qty > 5;10;true;true;0;false;
SHOP10EURITEMQTY15P;SHOP10;EUR;I;P;15% off when buying 10 or more items;15% off when buying 10 or more items;Скидка 15% при покупке свыше 10 единиц;shoppingCartItem.qty > 10;15;false;true;0;false;
SHOP10EURITEMQTY20P;SHOP10;EUR;I;P;20% off when buying 20 or more items;20% off when buying 20 or more items;Скидка 20% при покупке свыше 20 единиц;shoppingCartItem.qty > 20;20;false;true;0;false;
SHOP10EURORD50F;SHOP10;EUR;O;F;50 off on orders over 500;50 off on orders over 500;Скидка 50 на заказы свыше 500;shoppingCartItemTotal.priceSubTotal > 500;50;true;true;0;false;
SHOP10EURORD100F;SHOP10;EUR;O;F;100 off on orders over 1000;100 off on orders over 1000;Скидка 100 на заказы свыше 1000;shoppingCartItemTotal.priceSubTotal > 1000;100;false;true;0;false;
SHOP10EURORD150F;SHOP10;EUR;O;F;150 off on orders over 1500;150 off on orders over 1500;Скидка 150 на заказы свыше 1500;shoppingCartItemTotal.priceSubTotal > 1500;150;false;true;0;false;
SHOP10EURSHIP50P;SHOP10;EUR;S;P;50% off shipping for orders over 250;50% off shipping for orders over 250;Скидка 50% на доставку на заказы свыше 250;shoppingCartOrderTotal.subTotal > 250;50;true;true;0;false;
SHOP10EURSHIPFREE;SHOP10;EUR;S;P;free shipping for orders over 500;free shipping for orders over 500;Бесплатная доставка на заказы свыше 250;shoppingCartOrderTotal.subTotal > 500;100;false;true;0;false;
SHOP10EURCOUPON10;SHOP10;EUR;O;P;10% off with coupon;10% off with coupon;Скидка 10% с промо-кодом;;10;false;true;0;true;
SHOP10EURITEMQTY10P;SHOP10;EUR;I;P;10% off when buying 5 or more items;10% off when buying 5 or more items;Скидка 10% при покупке свыше 5 единиц;shoppingCartItem.qty > 5;10;true;true;0;false;
SHOP10USDITEMQTY15P;SHOP10;USD;I;P;15% off when buying 10 or more items;15% off when buying 10 or more items;Скидка 15% при покупке свыше 10 единиц;shoppingCartItem.qty > 10;15;false;true;0;false;
SHOP10USDITEMQTY20P;SHOP10;USD;I;P;20% off when buying 20 or more items;20% off when buying 20 or more items;Скидка 20% при покупке свыше 20 единиц;shoppingCartItem.qty > 20;20;false;true;0;false;
SHOP10USDORD50F;SHOP10;USD;O;F;50 off on orders over 750;50 off on orders over 750;Скидка 50 на заказы свыше 750;shoppingCartItemTotal.priceSubTotal > 750;50;true;true;0;false;
SHOP10USDORD100F;SHOP10;USD;O;F;100 off on orders over 1500;100 off on orders over 1500;Скидка 100 на заказы свыше 1500;shoppingCartItemTotal.priceSubTotal > 1500;100;false;true;0;false;
SHOP10USDORD150F;SHOP10;USD;O;F;150 off on orders over 2250;150 off on orders over 2250;Скидка 150 на заказы свыше 2250;shoppingCartItemTotal.priceSubTotal > 2250;150;false;true;0;false;
SHOP10USDSHIP50P;SHOP10;USD;S;P;50% off shipping for orders over 400;50% off shipping for orders over 400;Скидка 50% на доставку на заказы свыше 400;shoppingCartOrderTotal.subTotal > 400;50;true;true;0;false;
SHOP10USDSHIPFREE;SHOP10;USD;S;P;free shipping for orders over 1000;free shipping for orders over 1000;Бесплатная доставка на заказы свыше 1000;shoppingCartOrderTotal.subTotal > 1000;100;false;true;0;false;
SHOP10USDCOUPON10;SHOP10;USD;O;P;10% off with coupon;10% off with coupon;Скидка 10% с промо-кодом;;10;false;true;0;true;
SHOP10USDITEMQTY15P;SHOP10;USD;I;P;15% off when buying 10 or more items;15% off when buying 10 or more items;Скидка 15% при покупке свыше 10 единиц;shoppingCartItem.qty > 10;15;false;true;0;false;
SHOP10UAHITEMQTY20P;SHOP10;UAH;I;P;20% off when buying 20 or more items;20% off when buying 20 or more items;Скидка 20% при покупке свыше 20 единиц;shoppingCartItem.qty > 20;20;false;true;0;false;
SHOP10UAHORD50F;SHOP10;UAH;O;F;400 off on orders over 6000;400 off on orders over 6000;Скидка 400 на заказы свыше 6000;shoppingCartItemTotal.priceSubTotal > 6000;400;true;true;0;false;
SHOP10UAHORD100F;SHOP10;UAH;O;F;800 off on orders over 12000;800 off on orders over 12000;Скидка 800 на заказы свыше 12000;shoppingCartItemTotal.priceSubTotal > 12000;800;false;true;0;false;
SHOP10UAHORD150F;SHOP10;UAH;O;F;1200 off on orders over 18000;1200 off on orders over 18000;Скидка 1200 на заказы свыше 18000;shoppingCartItemTotal.priceSubTotal > 18000;1200;false;true;0;false;
SHOP10UAHSHIP50P;SHOP10;UAH;S;P;50% off shipping for orders over 3200;50% off shipping for orders over 3200;Скидка 50% на доставку на заказы свыше 3200;shoppingCartOrderTotal.subTotal > 3200;50;true;true;0;false;
SHOP10UAHSHIPFREE;SHOP10;UAH;S;P;free shipping for orders over 8000;free shipping for orders over 8000;Бесплатная доставка на заказы свыше 8000;shoppingCartOrderTotal.subTotal > 8000;100;false;true;0;false;
SHOP10UAHCOUPON10;SHOP10;UAH;O;P;10% off with coupon;10% off with coupon;Скидка 10% с промо-кодом;;10;false;true;0;true;