-- Igor Azarny iazarny@yahoo.com.
-- Initial data.
--

SET character_set_client=utf8;
SET character_set_connection=utf8;

INSERT INTO TASSOCIATION(ASSOCIATION_ID, CODE, NAME, DESCRIPTION)  VALUES (1, 'accessories' , 'Accessories' , 'Product accessories');
INSERT INTO TASSOCIATION(ASSOCIATION_ID, CODE, NAME, DESCRIPTION)  VALUES (2, 'up' , 'Up sell' , 'Up sell');
INSERT INTO TASSOCIATION(ASSOCIATION_ID, CODE, NAME, DESCRIPTION)  VALUES (3, 'cross' , 'Cross sell' , 'Cross sell');
INSERT INTO TASSOCIATION(ASSOCIATION_ID, CODE, NAME, DESCRIPTION)  VALUES (4, 'buywiththis' , 'Buy with this products' , 'Shoppers also buy with this product');


INSERT INTO TETYPE (ETYPE_ID, JAVATYPE, BUSINESSTYPE) VALUES (1000, 'java.lang.String', 'String');
INSERT INTO TETYPE (ETYPE_ID, JAVATYPE, BUSINESSTYPE) VALUES (1001, 'java.lang.String', 'URI');
INSERT INTO TETYPE (ETYPE_ID, JAVATYPE, BUSINESSTYPE) VALUES (1002, 'java.lang.String', 'URL');
INSERT INTO TETYPE (ETYPE_ID, JAVATYPE, BUSINESSTYPE) VALUES (1003, 'java.lang.String', 'Image');
INSERT INTO TETYPE (ETYPE_ID, JAVATYPE, BUSINESSTYPE) VALUES (1004, 'java.lang.String', 'CommaSeparatedList');
INSERT INTO TETYPE (ETYPE_ID, JAVATYPE, BUSINESSTYPE) VALUES (1005, 'java.lang.Float', 'Float');
INSERT INTO TETYPE (ETYPE_ID, JAVATYPE, BUSINESSTYPE) VALUES (1006, 'java.lang.Integer', 'Integer');
INSERT INTO TETYPE (ETYPE_ID, JAVATYPE, BUSINESSTYPE) VALUES (1007, 'java.lang.String', 'Phone');



INSERT INTO TATTRIBUTEGROUP (ATTRIBUTEGROUP_ID, CODE, NAME, DESCRIPTION) VALUES (1000, 'SYSTEM', 'System settings.', 'System wide settings');
INSERT INTO TATTRIBUTEGROUP (ATTRIBUTEGROUP_ID, CODE, NAME, DESCRIPTION) VALUES (1001, 'SHOP', 'Shop settings.', '');
INSERT INTO TATTRIBUTEGROUP (ATTRIBUTEGROUP_ID, CODE, NAME, DESCRIPTION) VALUES (1002, 'CATEGORY', 'Category settings.', '');
INSERT INTO TATTRIBUTEGROUP (ATTRIBUTEGROUP_ID, CODE, NAME, DESCRIPTION) VALUES (1003, 'PRODUCT', 'Product settings.', '');
INSERT INTO TATTRIBUTEGROUP (ATTRIBUTEGROUP_ID, CODE, NAME, DESCRIPTION) VALUES (1004, 'SKU', 'Product sku settings.', '');
INSERT INTO TATTRIBUTEGROUP (ATTRIBUTEGROUP_ID, CODE, NAME, DESCRIPTION) VALUES (1005, 'BRAND', 'Brand settings.', '');
INSERT INTO TATTRIBUTEGROUP (ATTRIBUTEGROUP_ID, CODE, NAME, DESCRIPTION) VALUES (1006, 'CUSTOMER', 'Customer settings.', '');



INSERT INTO TATTRIBUTE (ATTRIBUTE_ID, CODE, MANDATORY, VAL, NAME, DESCRIPTION, ETYPE_ID, ATTRIBUTEGROUP_ID)
  VALUES (  1000,  'SYSTEM_DEFAULT_SHOP',  1,  NULL,  'System. Default shop',
  'This value will be used for redirections when shop can not be resolved by http request', 1002,  1000);

INSERT INTO TATTRIBUTE (ATTRIBUTE_ID, CODE, MANDATORY, VAL, NAME, DESCRIPTION, ETYPE_ID, ATTRIBUTEGROUP_ID)
  VALUES (  1001,  'BRAND_IMAGE',  1,  NULL,  'Brand image',  null,  1003, 1005);

INSERT INTO TATTRIBUTE (ATTRIBUTE_ID, CODE, MANDATORY, VAL, NAME, DESCRIPTION, ETYPE_ID, ATTRIBUTEGROUP_ID)
  VALUES (  1002,  'CATEGORY_ITEMS_PER_PAGE',  0,  NULL,  'Category item per page settings',
   'Category item per page settings with failover',  1004, 1002);

INSERT INTO TATTRIBUTE (ATTRIBUTE_ID, CODE, MANDATORY, VAL, NAME, DESCRIPTION, ETYPE_ID, ATTRIBUTEGROUP_ID)
  VALUES (  1003,  'MATERIAL',  0,  NULL,  'Material',  'Material',   1000, 1003);

INSERT INTO TATTRIBUTE (ATTRIBUTE_ID, CODE, MANDATORY, VAL, NAME, DESCRIPTION, ETYPE_ID, ATTRIBUTEGROUP_ID)
  VALUES (  1004,  'BATTERY_TYPE',  0,  NULL,  'Battery',   'Battery type',   1000, 1003);

INSERT INTO TATTRIBUTE (ATTRIBUTE_ID, CODE, MANDATORY, VAL, NAME, DESCRIPTION, ETYPE_ID, ATTRIBUTEGROUP_ID)
  VALUES (  1005,  'COLOR',  0,  NULL,  'Color',  'Color',  1000, 1003);

INSERT INTO TATTRIBUTE (ATTRIBUTE_ID, CODE, MANDATORY, VAL, NAME, DESCRIPTION, ETYPE_ID, ATTRIBUTEGROUP_ID)
  VALUES (  1006,  'CURRENCY',  0,  NULL,  'Currensies',  'Supported currensies by shop. First one is default',  1004, 1001);

INSERT INTO TATTRIBUTE (ATTRIBUTE_ID, CODE, MANDATORY, VAL, NAME, DESCRIPTION, ETYPE_ID, ATTRIBUTEGROUP_ID)
  VALUES (  1040,  'SHOP_B2B',  1,  NULL,  'Is B2B profile for this shop',  'Is B2B profile for this shop',  1000, 1001);

INSERT INTO TATTRIBUTE (ATTRIBUTE_ID, CODE, MANDATORY, VAL, NAME, DESCRIPTION, ETYPE_ID, ATTRIBUTEGROUP_ID)
  VALUES (  1007,  'SYSTEM_IMAGE_VAULT',  1,  NULL,  'Brand, product and skus image repository',
  'Brand, product and skus image repository', 1000,  1000);

INSERT INTO TATTRIBUTE (ATTRIBUTE_ID, CODE, MANDATORY, VAL, NAME, DESCRIPTION, ETYPE_ID, ATTRIBUTEGROUP_ID)  VALUES (  1008,  'IMAGE0',  1,  NULL,  'Product default image',  'Product default image',  1003, 1003);
INSERT INTO TATTRIBUTE (ATTRIBUTE_ID, CODE, MANDATORY, VAL, NAME, DESCRIPTION, ETYPE_ID, ATTRIBUTEGROUP_ID)  VALUES (  1009,  'IMAGE1',  0,  NULL,  'First product alternative image',  'First product alternative image',  1003, 1003);
INSERT INTO TATTRIBUTE (ATTRIBUTE_ID, CODE, MANDATORY, VAL, NAME, DESCRIPTION, ETYPE_ID, ATTRIBUTEGROUP_ID)  VALUES (  1010,  'IMAGE2',  0,  NULL,  'Second product alternative image',  'Second product alternative image',  1003, 1003);
INSERT INTO TATTRIBUTE (ATTRIBUTE_ID, CODE, MANDATORY, VAL, NAME, DESCRIPTION, ETYPE_ID, ATTRIBUTEGROUP_ID)  VALUES (  1011,  'IMAGE3',  0,  NULL,  'Third product alternative image',  'Third product alternative image',  1003, 1003);
INSERT INTO TATTRIBUTE (ATTRIBUTE_ID, CODE, MANDATORY, VAL, NAME, DESCRIPTION, ETYPE_ID, ATTRIBUTEGROUP_ID)  VALUES (  1012,  'IMAGE4',  0,  NULL,  'Fourth product alternative image',  'Fourth product alternative image',  1003, 1003);
INSERT INTO TATTRIBUTE (ATTRIBUTE_ID, CODE, MANDATORY, VAL, NAME, DESCRIPTION, ETYPE_ID, ATTRIBUTEGROUP_ID)  VALUES (  1013,  'IMAGE5',  0,  NULL,  'Fifth product alternative image',  'Fifth product alternative image',  1003, 1003);

INSERT INTO TATTRIBUTE (ATTRIBUTE_ID, CODE, MANDATORY, VAL, NAME, DESCRIPTION, ETYPE_ID, ATTRIBUTEGROUP_ID)  VALUES (  1014,  'SKUIMAGE0',  0,  NULL,  'Product sku default image',  'Product sku default image',  1003, 1004);
INSERT INTO TATTRIBUTE (ATTRIBUTE_ID, CODE, MANDATORY, VAL, NAME, DESCRIPTION, ETYPE_ID, ATTRIBUTEGROUP_ID)  VALUES (  1015,  'SKUIMAGE1',  0,  NULL,  'First sku alternative image',  'First sku alternative image',  1003, 1004);
INSERT INTO TATTRIBUTE (ATTRIBUTE_ID, CODE, MANDATORY, VAL, NAME, DESCRIPTION, ETYPE_ID, ATTRIBUTEGROUP_ID)  VALUES (  1016,  'SKUIMAGE2',  0,  NULL,  'Second sku alternative image',  'Second sku alternative image',  1003, 1004);
INSERT INTO TATTRIBUTE (ATTRIBUTE_ID, CODE, MANDATORY, VAL, NAME, DESCRIPTION, ETYPE_ID, ATTRIBUTEGROUP_ID)  VALUES (  1017,  'SKUIMAGE3',  0,  NULL,  'Third sku alternative image',  'Third sku alternative image',  1003, 1004);
INSERT INTO TATTRIBUTE (ATTRIBUTE_ID, CODE, MANDATORY, VAL, NAME, DESCRIPTION, ETYPE_ID, ATTRIBUTEGROUP_ID)  VALUES (  1018,  'SKUIMAGE4',  0,  NULL,  'Fourth sku alternative image',  'Fourth sku alternative image',  1003, 1004);
INSERT INTO TATTRIBUTE (ATTRIBUTE_ID, CODE, MANDATORY, VAL, NAME, DESCRIPTION, ETYPE_ID, ATTRIBUTEGROUP_ID)  VALUES (  1019,  'SKUIMAGE5',  0,  NULL,  'Fifth sku alternative image',  'Fifth sku alternative image',  1003, 1004);

INSERT INTO TATTRIBUTE (ATTRIBUTE_ID, CODE, MANDATORY, VAL, NAME, DESCRIPTION, ETYPE_ID, ATTRIBUTEGROUP_ID)  VALUES (  1020,  'WEIGHT',  0,  NULL,  'Weight',  'Weight',  1005, 1003);
INSERT INTO TATTRIBUTE (ATTRIBUTE_ID, CODE, MANDATORY, VAL, NAME, DESCRIPTION, ETYPE_ID, ATTRIBUTEGROUP_ID)  VALUES (  1021,  'LENGTH',  0,  NULL,  'Weight',  'Weight',  1005, 1003);
INSERT INTO TATTRIBUTE (ATTRIBUTE_ID, CODE, MANDATORY, VAL, NAME, DESCRIPTION, ETYPE_ID, ATTRIBUTEGROUP_ID)  VALUES (  1022,  'WIDTH',  0,  NULL,  'Width',  'Width',  1005, 1003);
INSERT INTO TATTRIBUTE (ATTRIBUTE_ID, CODE, MANDATORY, VAL, NAME, DESCRIPTION, ETYPE_ID, ATTRIBUTEGROUP_ID)  VALUES (  1023,  'HEIGHT',  0,  NULL,  'Height',  'Height',  1005, 1003);



INSERT INTO TNPASYSTEM (NPASYSTEM_ID, CODE, NAME, DESCRIPTION)  VALUES (100,'NPASYSTEM','Yes e-commerce platform', 'System table');

INSERT INTO TSYSTEMATTRVALUE ( ATTRVALUE_ID,  VAL,  CODE, NPASYSTEM_ID)   VALUES (1000,'http://gadget.yes-cart.com:8080/webshopwicket','SYSTEM_DEFAULT_SHOP',100);

INSERT INTO TSYSTEMATTRVALUE ( ATTRVALUE_ID,  VAL,  CODE, NPASYSTEM_ID)   VALUES (1002,'10,20,40','SEARCH_ITEMS_PER_PAGE',100);

INSERT INTO TSYSTEMATTRVALUE ( ATTRVALUE_ID,  VAL,  CODE, NPASYSTEM_ID)  VALUES (1003,'common/imagevault','SYSTEM_IMAGE_VAULT',100);



INSERT INTO TSHOP (SHOP_ID, NAME, DESCRIPTION, FSPOINTER, CODE)  VALUES (10, 'Gadget universe', 'Gadget universe shop', 'default', 'SHOP10');
INSERT INTO TSHOP (SHOP_ID, NAME, DESCRIPTION, FSPOINTER, CODE)  VALUES (20, 'Mobile universe', 'Mobile universe shop', 'mobile', 'SHOP20');
INSERT INTO TSHOP (SHOP_ID, NAME, DESCRIPTION, FSPOINTER, CODE)  VALUES (30, 'Game universe', 'Game universe shop', 'game', 'SHOP30');

INSERT INTO TSHOPATTRVALUE(ATTRVALUE_ID,VAL,CODE,SHOP_ID)  VALUES (10, 'EUR,UAH', 'CURRENCY', 10);

INSERT INTO TSTOREEXCHANGERATE (SHOPEXCHANGERATE_ID, FROMCURRENCY, TOCURRENCY, SHOP_ID, RATE)  VALUES(1,'EUR','UAH',10, 11.38);


INSERT INTO TSHOPURL (STOREURL_ID, SHOP_ID, URL )  VALUES (10, 10, 'gadget.yes-cart.com');
INSERT INTO TSHOPURL (STOREURL_ID, SHOP_ID, URL )  VALUES (11, 10, 'www.gadget.yes-cart.com');

INSERT INTO TSHOPURL (STOREURL_ID, SHOP_ID, URL )  VALUES (20, 20, 'mobile.yes-cart.com');
INSERT INTO TSHOPURL (STOREURL_ID, SHOP_ID, URL )  VALUES (21, 20, 'www.mobile.yes-cart.com');

INSERT INTO TSHOPURL (STOREURL_ID, SHOP_ID, URL )  VALUES (30, 30, 'game.yes-cart.com');
INSERT INTO TSHOPURL (STOREURL_ID, SHOP_ID, URL )  VALUES (31, 30, 'www.game.yes-cart.com');



COMMIT;