"parent category id";"guid";"category name";"EN";"RU";"description";"EN";"RU";"keywords";"EN";"RU";"category name";"seo uri"
100;151;"notebooks";"Laptops";"ноутбуки";"A notebook, also known as laptop, is a portable computer. When you are looking for the right notebook, it is important to know where you are going to work with it. Do you want to use it on the road? Choose a model with a special energy saving 'mobile' processor, a good battery and a reasonably small display. This will allow you to work longer with the same battery and saves you the trouble of carrying around a large display that consumes a lot of precious battery power. Or will you be using you notebook mainly in places where you will have access to a power outlet? Then choose a desktop processor (more processing power for less money) and an ordinary battery, this will save you a lot of money, which you could spend on a bigger screen, you'll work faster because you can view more information at once and it's great for multimedia!\n";"A notebook, also known as laptop, is a portable computer. When you are looking for the right notebook, it is important to know where you are going to work with it. Do you want to use it on the road? Choose a model with a special energy saving 'mobile' processor, a good battery and a reasonably small display. This will allow you to work longer with the same battery and saves you the trouble of carrying around a large display that consumes a lot of precious battery power. Or will you be using you notebook mainly in places where you will have access to a power outlet? Then choose a desktop processor (more processing power for less money) and an ordinary battery, this will save you a lot of money, which you could spend on a bigger screen, you'll work faster because you can view more information at once and it's great for multimedia!\n";"A notebook, also known as laptop, is a portable computer. When you are looking for the right notebook, it is important to know where you are going to work with it. Do you want to use it on the road? Choose a model with a special energy saving 'mobile' processor, a good battery and a reasonably small display. This will allow you to work longer with the same battery and saves you the trouble of carrying around a large display that consumes a lot of precious battery power. Or will you be using you notebook mainly in places where you will have access to a power outlet? Then choose a desktop processor (more processing power for less money) and an ordinary battery, this will save you a lot of money, which you could spend on a bigger screen, you'll work faster because you can view more information at once and it's great for multimedia!\n";"laptop, laptops, notebook, notebooks, portable PC";"laptop, laptops, notebook, notebooks, portable PC";"laptop, laptops, notebook, notebooks, portable PC";"notebooks"
100;1296;"computer TV tuners";"Computer TV tuners";"компьютерные ТВ-тюнеры";;;;;;;"computer-tv-tuners"
100;942;"flat panel desk mounts";"Flat panel desk mounts";"подставки и крепления для ЖК-панелей";"A comfortable, ergonomic computer workstation requires an adjustable computer monitor arm or monitor stand. We offer monitor arms and stands for any budget that help make your computer work easier, pain free and more productive.  \n\nMain ergonomic recommendations for monitor use include moving your monitor to a comfortable distance of around an arm's length and position the monitor at a comfortable height of about 2&quot,-3&quot, above eye level. Choose one of our many stylish monitor arms and stands and free up valuable desktop space.\n\n \n ";"A comfortable, ergonomic computer workstation requires an adjustable computer monitor arm or monitor stand. We offer monitor arms and stands for any budget that help make your computer work easier, pain free and more productive.  \n\nMain ergonomic recommendations for monitor use include moving your monitor to a comfortable distance of around an arm's length and position the monitor at a comfortable height of about 2&quot,-3&quot, above eye level. Choose one of our many stylish monitor arms and stands and free up valuable desktop space.\n\n \n ";"A comfortable, ergonomic computer workstation requires an adjustable computer monitor arm or monitor stand. We offer monitor arms and stands for any budget that help make your computer work easier, pain free and more productive.  \n\nMain ergonomic recommendations for monitor use include moving your monitor to a comfortable distance of around an arm's length and position the monitor at a comfortable height of about 2&quot,-3&quot, above eye level. Choose one of our many stylish monitor arms and stands and free up valuable desktop space.\n\n \n ";"monitor arms, monitor stands, monitor arm, monitor stand, arms, stands";"monitor arms, monitor stands, monitor arm, monitor stand, arms, stands";"monitor arms, monitor stands, monitor arm, monitor stand, arms, stands";"flat-panel-desk-mounts"
100;803;"software licenses/upgrades";"Software Licenses/Upgrades";"лицензии/обновления ПО";;;;;;;"software-licenses-upgrades"
100;788;"warranty & support extensions";"Warranty & Support Extensions";"продление гарантийных обязательств";;;;"guarantee extension, guarantee extensions, warranty, guarantee, warranty extension";"guarantee extension, guarantee extensions, warranty, guarantee, warranty extension";"guarantee extension, guarantee extensions, warranty, guarantee, warranty extension";"warranty-and-support-extensions"
100;195;"mice";"Mice";"компьютерные мышки";"The mouse is the second most important way of communicating with a computer. Please be careful to choose the right type of connection when buying a mouse, there are three different types:\n- USB is the most modern. You can recognize it by the rectangular connector.\n- PS/2 connectors are round. This type of connection is fairly commonly used in PCs.\n- Bluetooth is another modern (wireless) connection method.\n";"The mouse is the second most important way of communicating with a computer. Please be careful to choose the right type of connection when buying a mouse, there are three different types:\n- USB is the most modern. You can recognize it by the rectangular connector.\n- PS/2 connectors are round. This type of connection is fairly commonly used in PCs.\n- Bluetooth is another modern (wireless) connection method.\n";"The mouse is the second most important way of communicating with a computer. Please be careful to choose the right type of connection when buying a mouse, there are three different types:\n- USB is the most modern. You can recognize it by the rectangular connector.\n- PS/2 connectors are round. This type of connection is fairly commonly used in PCs.\n- Bluetooth is another modern (wireless) connection method.\n";"mouse, computer mouses, computer mouse";"mouse, computer mouses, computer mouse";"mouse, computer mouses, computer mouse";"mice"
100;194;"keyboards";"Keyboards & Desktops";"клавиатури";"The keyboard is the main input peripheral used by all computers. The keyboard allows for user input and interaction with the computer. Much like many typewriters the keyboard has all the letters of the alphabet, numbers 0 - 9 and additional special operational keys, e.g. for adjusting the volume or going to your inbox directly. There are three different connection types:\n- USB is the most modern. You can recognize it by the rectangular connector.\n- PS/2 connectors are round. This type of connection is fairly commonly used by PC's.\n- Bluetooth is another modern (wireless) connection method.";"The keyboard is the main input peripheral used by all computers. The keyboard allows for user input and interaction with the computer. Much like many typewriters the keyboard has all the letters of the alphabet, numbers 0 - 9 and additional special operational keys, e.g. for adjusting the volume or going to your inbox directly. There are three different connection types:\n- USB is the most modern. You can recognize it by the rectangular connector.\n- PS/2 connectors are round. This type of connection is fairly commonly used by PC's.\n- Bluetooth is another modern (wireless) connection method.";"The keyboard is the main input peripheral used by all computers. The keyboard allows for user input and interaction with the computer. Much like many typewriters the keyboard has all the letters of the alphabet, numbers 0 - 9 and additional special operational keys, e.g. for adjusting the volume or going to your inbox directly. There are three different connection types:\n- USB is the most modern. You can recognize it by the rectangular connector.\n- PS/2 connectors are round. This type of connection is fairly commonly used by PC's.\n- Bluetooth is another modern (wireless) connection method.";"keyboards, keyboard, desktop, desktops";"keyboards, keyboard, desktop, desktops";"keyboards, keyboard, desktop, desktops";"keyboards"
100;197;"scanners";"Scanners";"сканеры";"With a scanner you can make all your documents, pictures, and photo's digital.";"With a scanner you can make all your documents, pictures, and photo's digital.";"With a scanner you can make all your documents, pictures, and photo's digital.";"scanner, flat-bed scanners, flat-bed scanner, photo scanners, photo scanner";"scanner, flat-bed scanners, flat-bed scanner, photo scanners, photo scanner";"scanner, flat-bed scanners, flat-bed scanner, photo scanners, photo scanner";"scanners"
100;943;"display privacy filters";"Monitor Glare & Privacy Filters";"защитные фильтры для дисплеев";"Glare is a common cause of eyestrain among computer users. Glare screens or monitor filters can be used to reduce the glare or the wash out but they do not eliminate the glare problems entirely. Therefore, placing the monitor perpendicular to your windows or obtaining window blinds to prevent the glare on the screen should be the first consideration. ";"Glare is a common cause of eyestrain among computer users. Glare screens or monitor filters can be used to reduce the glare or the wash out but they do not eliminate the glare problems entirely. Therefore, placing the monitor perpendicular to your windows or obtaining window blinds to prevent the glare on the screen should be the first consideration. ";"Glare is a common cause of eyestrain among computer users. Glare screens or monitor filters can be used to reduce the glare or the wash out but they do not eliminate the glare problems entirely. Therefore, placing the monitor perpendicular to your windows or obtaining window blinds to prevent the glare on the screen should be the first consideration. ";"glare screens, monitor filter ";"glare screens, monitor filter ";"glare screens, monitor filter ";"display-privacy-filters"
100;196;"wireless presenters";"Media Presenters";"беспроводные презентеры";;;;;;;"wireless-presenters"
100;191;"data input devices ";"Data-Entry & Controls";"устройства ввода данных";;;;;;;"data-input-devices "
100;192;"graphic tablets";"Graphic Tablets";"графические планшеты";"On a graphic tablet you can write and make drawings with special pen. The information your graphic tablet receives is transferred to your computer and can be displayed as a drawing on your screen. With the appropriate software, it is even possible to write in handwriting on your graphic tablet instead of typing.";"On a graphic tablet you can write and make drawings with special pen. The information your graphic tablet receives is transferred to your computer and can be displayed as a drawing on your screen. With the appropriate software, it is even possible to write in handwriting on your graphic tablet instead of typing.";"On a graphic tablet you can write and make drawings with special pen. The information your graphic tablet receives is transferred to your computer and can be displayed as a drawing on your screen. With the appropriate software, it is even possible to write in handwriting on your graphic tablet instead of typing.";;;;"graphic-tablets"
