code;shop code;currency;type;action;promotion name;EN;RU;UK;condition;action context;can be combined;rank;coupon triggered;enabled
SHOP10EURITEMQTY10P;SHOP10;EUR;I;P;10% off when buying 5 or more items;10% off when buying 5 or more items;Скидка 10% при покупке свыше 5 единиц;Знижка 10% при покупці більше 5 одиниц;shoppingCartItem.qty > 5;10;true;0;false;true;
SHOP10EURITEMQTY15P;SHOP10;EUR;I;P;15% off when buying 10 or more items;15% off when buying 10 or more items;Скидка 15% при покупке свыше 10 единиц;Знижка 15% при покупці більше 10 одиниц;shoppingCartItem.qty > 10;15;false;0;false;true;
SHOP10EURITEMQTY20P;SHOP10;EUR;I;P;20% off when buying 20 or more items;20% off when buying 20 or more items;Скидка 20% при покупке свыше 20 единиц;Знижка 20% при покупці більше 20 одиниц;shoppingCartItem.qty > 20;20;false;0;false;true;
SHOP10EURORD50F;SHOP10;EUR;O;F;€50 off on orders over €500;€50 off on orders over €500;Скидка €50 на заказы свыше €500;Знижка €50 на замовлення більше €500;shoppingCartItemTotal.priceSubTotal > 500;50;true;0;false;true;
SHOP10EURORD100F;SHOP10;EUR;O;F;€100 off on orders over €1000;€100 off on orders over €1000;Скидка €100 на заказы свыше €1000;Знижка €100 на замовлення більше €1000;shoppingCartItemTotal.priceSubTotal > 1000;100;false;0;false;true;
SHOP10EURORD150F;SHOP10;EUR;O;F;€150 off on orders over €1500;€150 off on orders over €1500;Скидка €150 на заказы свыше €1500;Знижка €150 на замовлення більше €1500;shoppingCartItemTotal.priceSubTotal > 1500;150;false;0;false;true;
SHOP10EURSHIP50P;SHOP10;EUR;S;P;50% off shipping for orders over €250;50% off shipping for orders over €250;Скидка 50% на доставку на заказы свыше €250;Знижка 50% на доставку на замовлення більше €250;shoppingCartOrderTotal.subTotal > 250;50;true;0;false;true;
SHOP10EURSHIPFREE;SHOP10;EUR;S;P;free shipping for orders over €500;free shipping for orders over €500;Бесплатная доставка на заказы свыше €500;Безкоштовна доставка на замовлення більше €500;shoppingCartOrderTotal.subTotal > 500;100;false;0;false;true;
SHOP10EURCOUPON10;SHOP10;EUR;O;P;10% off with coupon;10% off with coupon;Скидка 10% с промо-кодом;Знижка 10% з промо-кодом;;10;false;0;true;true;
SHOP10EURITEMQTY10P;SHOP10;EUR;I;P;10% off when buying 5 or more items;10% off when buying 5 or more items;Скидка 10% при покупке свыше 5 единиц;Знижка 10% при покупці більше 5 одиниц;shoppingCartItem.qty > 5;10;true;0;false;true;
SHOP10USDITEMQTY15P;SHOP10;USD;I;P;15% off when buying 10 or more items;15% off when buying 10 or more items;Скидка 15% при покупке свыше 10 единиц;Знижка 15% при покупці більше 10 одиниц;shoppingCartItem.qty > 10;15;false;0;false;true;
SHOP10USDITEMQTY20P;SHOP10;USD;I;P;20% off when buying 20 or more items;20% off when buying 20 or more items;Скидка 20% при покупке свыше 20 единиц;Знижка 20% при покупці більше 20 одиниц;shoppingCartItem.qty > 20;20;false;0;false;true;
SHOP10USDORD50F;SHOP10;USD;O;F;$50 off on orders over $750;$50 off on orders over $750;Скидка $50 на заказы свыше $750;Знижка $50 на замовлення більше $750;shoppingCartItemTotal.priceSubTotal > 750;50;true;0;false;true;
SHOP10USDORD100F;SHOP10;USD;O;F;$100 off on orders over $1500;$100 off on orders over $1500;Скидка $100 на заказы свыше $1500;Знижка $100 на замовлення більше $1500;shoppingCartItemTotal.priceSubTotal > 1500;100;false;0;false;true;
SHOP10USDORD150F;SHOP10;USD;O;F;$150 off on orders over $2250;$150 off on orders over $2250;Скидка $150 на заказы свыше $2250;Знижка $150 на замовлення більше $2250;shoppingCartItemTotal.priceSubTotal > 2250;150;false;0;false;true;
SHOP10USDSHIP50P;SHOP10;USD;S;P;50% off shipping for orders over $400;50% off shipping for orders over 400;Скидка 50% на доставку на заказы свыше $400;Знижка 50% на доставку на замовлення більше $400;shoppingCartOrderTotal.subTotal > 400;50;true;0;false;true;
SHOP10USDSHIPFREE;SHOP10;USD;S;P;free shipping for orders over $1000;free shipping for orders over 1000;Бесплатная доставка на заказы свыше $1000;Безкоштовна доставка на замовлення більше $1000;shoppingCartOrderTotal.subTotal > 1000;100;false;0;false;true;
SHOP10USDCOUPON10;SHOP10;USD;O;P;10% off with coupon;10% off with coupon;Скидка 10% с промо-кодом;Знижка 10% з промо-кодом;;10;false;0;true;true;
SHOP10UAHITEMQTY10P;SHOP10;UAH;I;P;10% off when buying 5 or more items;10% off when buying 5 or more items;Скидка 10% при покупке свыше 5 единиц;Знижка 10% при покупці більше 5 одиниц;shoppingCartItem.qty > 5;10;true;0;false;true;
SHOP10UAHITEMQTY15P;SHOP10;UAH;I;P;15% off when buying 10 or more items;15% off when buying 10 or more items;Скидка 15% при покупке свыше 10 единиц;Знижка 15% при покупці більше 10 одиниц;shoppingCartItem.qty > 10;15;false;0;false;true;
SHOP10UAHITEMQTY20P;SHOP10;UAH;I;P;20% off when buying 20 or more items;20% off when buying 20 or more items;Скидка 20% при покупке свыше 20 единиц;Знижка 20% при покупці більше 20 одиниц;shoppingCartItem.qty > 20;20;false;0;false;true;
SHOP10UAHORD50F;SHOP10;UAH;O;F;400грн off on orders over 6000грн;400грн off on orders over 6000грн;Скидка 400грн на заказы свыше 6000грн;Знижка 400грн на замовлення більше 6000грн;shoppingCartItemTotal.priceSubTotal > 6000;400;true;0;false;true;
SHOP10UAHORD100F;SHOP10;UAH;O;F;800грн off on orders over 12000грн;800грн off on orders over 12000грн;Скидка 800грн на заказы свыше 12000грн;Знижка 800грн на замовлення більше 12000грн;shoppingCartItemTotal.priceSubTotal > 12000;800;false;0;false;true;
SHOP10UAHORD150F;SHOP10;UAH;O;F;1200грн off on orders over 18000грн;1200грн off on orders over 18000грн;Скидка 1200грн на заказы свыше 18000грн;Знижка 1200грн на замовлення більше 18000грн;shoppingCartItemTotal.priceSubTotal > 18000;1200;false;0;false;true;
SHOP10UAHSHIP50P;SHOP10;UAH;S;P;50% off shipping for orders over 3200грн;50% off shipping for orders over 3200грн;Скидка 50% на доставку на заказы свыше 3200грн;Знижка 50% на доставку на замовлення більше 3200грн;shoppingCartOrderTotal.subTotal > 3200;50;true;0;false;true;
SHOP10UAHSHIPFREE;SHOP10;UAH;S;P;free shipping for orders over 8000грн;free shipping for orders over 8000грн;Бесплатная доставка на заказы свыше 8000грн;Безкоштовна доставка на замовлення більше 8000грн;shoppingCartOrderTotal.subTotal > 8000;100;false;0;false;true;
SHOP10UAHCOUPON10;SHOP10;UAH;O;P;10% off with coupon;10% off with coupon;Скидка 10% с промо-кодом;Знижка 10% з промо-кодом;;10;false;0;true;true;