name;description;
"";""
"100 Grand";"100 Grand"
"20th Century Fox";"20th Century Fox"
"24-Hour Fitness Center";"24-Hour Fitness Center"
"3 Musketeers";"3 Musketeers"
"300 (Chrysler)";"300 (Chrysler)"
"361&deg;";"361&deg;"
"365 Every Day Value (Whole Foods)";"365 Every Day Value (Whole Foods)"
"3M";"3M"
"5 (Wrigley's)";"5 (Wrigley's)"
"5 Second";"5 Second"
"5-Hour Energy";"5-Hour Energy"
"501 (Levi's)";"501 (Levi's)"
"579";"579"
"6YS";"6YS"
"7 For all Mankind";"7 For all Mankind"
"7-Eleven";"7-Eleven"
"7Up";"7Up"
"84 Lumber";"84 Lumber"
"85&deg;C";"85&deg;C"
"8th Continent Soymilk";"8th Continent Soymilk"
"9 Lives (DelMonte)";"9 Lives (DelMonte)"
"9-3 (Saab)";"9-3 (Saab)"
"9-5 (Saab)";"9-5 (Saab)"
"A&E";"A&E"
"A1 Steak Sauce";"A1 Steak Sauce"
"A4 (Audi)";"A4 (Audi)"
"A6 (Audi)";"A6 (Audi)"
"AA Insurance";"AA Insurance"
"AAA";"AAA"
"AAA 01 Center WS";"AAA 01 Center WS"
"AAdvantage";"AAdvantage"
"AB-inBev";"AB-inBev"
"ABB";"ABB"
"ABB Grain Limited";"ABB Grain Limited"
"ABC";"ABC"
"ABC Learning";"ABC Learning"
"ABN Amro";"ABN Amro"
"ACE";"ACE"
"ADInstruments";"ADInstruments"
"AFLAC";"AFLAC"
"AGL Energy";"AGL Energy"
"AIG";"AIG"
"AIS";"AIS"
"AMG";"AMG"
"AMI";"AMI"
"AMP Limited";"AMP Limited"
"ANCA";"ANCA"
"ANT1 Group";"ANT1 Group"
"ASB";"ASB"
"ASM International";"ASM International"
"ASX";"ASX"
"AT&T";"AT&T"
"AWB Limited";"AWB Limited"
"AXA";"AXA"
"Aalberts Industries";"Aalberts Industries"
"Aamco";"Aamco"
"Aavin";"Aavin"
"Abbott Laboratories";"Abbott Laboratories"
"AbeBooks";"AbeBooks"
"Abercrombie & Fitch";"Abercrombie & Fitch"
"Abreva";"Abreva"
"Absolut";"Absolut"
"Accell Group";"Accell Group"
"Accent (Hyundai)";"Accent (Hyundai)"
"Accenture";"Accenture"
"Accord (Honda)";"Accord (Honda)"
"Accu-Chek";"Accu-Chek"
"Ace Hardware";"Ace Hardware"
"Ace Radio";"Ace Radio"
"Acer";"Acer"
"Acesita";"Acesita"
"Acindar SA";"Acindar SA"
"Acne";"Acne"
"Aconquija Water";"Aconquija Water"
"Acrobat";"Acrobat"
"Acropolis Rally";"Acropolis Rally"
"Acsa Argentina";"Acsa Argentina"
"Actimel";"Actimel"
"Activia";"Activia"
"Acura";"Acura"
"Acuvue";"Acuvue"
"Adam Internet";"Adam Internet"
"Adecco";"Adecco"
"Adidas";"Adidas"
"Adobe";"Adobe"
"Advair";"Advair"
"Advanced Auto Parts";"Advanced Auto Parts"
"Advantech";"Advantech"
"Advil";"Advil"
"Aegean Airlines";"Aegean Airlines"
"Aegon";"Aegon"
"Aerogard";"Aerogard"
"Aerolineas Argentinas";"Aerolineas Argentinas"
"Aeroplane Jelly";"Aeroplane Jelly"
"Aeropostale";"Aeropostale"
"Aerosoles";"Aerosoles"
"Aerosonde Ltd";"Aerosonde Ltd"
"Aetna";"Aetna"
"Affin Bank";"Affin Bank"
"Afrin";"Afrin"
"After Thoughts";"After Thoughts"
"Agip";"Agip"
"Agrale";"Agrale"
"Agrichar";"Agrichar"
"Agricultural Bank of China";"Agricultural Bank of China"
"Aguas Cordobesas";"Aguas Cordobesas"
"Ahold";"Ahold"
"Air Australia";"Air Australia"
"Air Canada";"Air Canada"
"Air China";"Air China"
"Air France";"Air France"
"Air India";"Air India"
"Air Jordan";"Air Jordan"
"Air New Zealand";"Air New Zealand"
"AirAsia";"AirAsia"
"AirElite (Delta)";"AirElite (Delta)"
"AirTran";"AirTran"
"Airbus";"Airbus"
"Airtel";"Airtel"
"Airwalk";"Airwalk"
"Aji Ichiban";"Aji Ichiban"
"Ajinomoto";"Ajinomoto"
"Ajisen Ramen";"Ajisen Ramen"
"Akubra";"Akubra"
"AkzoNobel";"AkzoNobel"
"Alamo";"Alamo"
"Alamos";"Alamos"
"Albert Heijn";"Albert Heijn"
"Albertsons";"Albertsons"
"Alcan";"Alcan"
"Alcatel";"Alcatel"
"Alcoa";"Alcoa"
"Aldi";"Aldi"
"Aleve";"Aleve"
"Alexander Keith's Brewery";"Alexander Keith's Brewery"
"Alfa Romeo";"Alfa Romeo"
"Alibaba";"Alibaba"
"Alinta Gas";"Alinta Gas"
"Alitalia";"Alitalia"
"Ality";"Ality"
"Alka-Seltzer";"Alka-Seltzer"
"Alkane Exploration";"Alkane Exploration"
"All";"All"
"All Star";"All Star"
"Allegra";"Allegra"
"Allens";"Allens"
"Alliance Bank";"Alliance Bank"
"Alliance Group";"Alliance Group"
"Allianz";"Allianz"
"Allphones";"Allphones"
"Allplastics";"Allplastics"
"Allstate";"Allstate"
"Allsteel";"Allsteel"
"Almay";"Almay"
"Almond Joy";"Almond Joy"
"Alpine Bau";"Alpine Bau"
"Alsa";"Alsa"
"Altima (Nissan)";"Altima (Nissan)"
"Altium";"Altium"
"Altoids";"Altoids"
"Altos Del Plata";"Altos Del Plata"
"Altria";"Altria"
"Altronics Australia";"Altronics Australia"
"Alumet";"Alumet"
"Alumina Limited";"Alumina Limited"
"Always";"Always"
"AmBev";"AmBev"
"Amana";"Amana"
"Amazon.com";"Amazon.com"
"Ambank";"Ambank"
"Ambien";"Ambien"
"Amcor";"Amcor"
"America Online";"America Online"
"American Airlines";"American Airlines"
"American Apparel";"American Apparel"
"American Century";"American Century"
"American Dairy Association";"American Dairy Association"
"American Express";"American Express"
"American Heart Association";"American Heart Association"
"American Idol";"American Idol"
"AmerisourceBergen";"AmerisourceBergen"
"Amgen";"Amgen"
"Amoco";"Amoco"
"Amoy Food";"Amoy Food"
"Amstel";"Amstel"
"Amstel Light";"Amstel Light"
"Amtrak";"Amtrak"
"Amul";"Amul"
"América Latina Logística";"América Latina Logística"
"Anchor";"Anchor"
"Andrade Gutierrez";"Andrade Gutierrez"
"Andritz";"Andritz"
"Angel Soft";"Angel Soft"
"Angus and Robertson";"Angus and Robertson"
"Anheuser-Busch";"Anheuser-Busch"
"Ann Taylor";"Ann Taylor"
"Anne Klein";"Anne Klein"
"Annedd’ale";"Annedd’ale"
"Ansell";"Ansell"
"Anta";"Anta"
"Antarchile";"Antarchile"
"Antarctica";"Antarctica"
"Antares";"Antares"
"Anthropologie";"Anthropologie"
"Antofagasta plc";"Antofagasta plc"
"Anzco Foods";"Anzco Foods"
"Apivit";"Apivit"
"Apivita";"Apivita"
"Apollo";"Apollo"
"Apple";"Apple"
"Apple Jacks";"Apple Jacks"
"Applebee’s";"Applebee’s"
"Appliances Online";"Appliances Online"
"Aprilla";"Aprilla"
"Aqua Net";"Aqua Net"
"Aquafina";"Aquafina"
"Aquafresh";"Aquafresh"
"Aracruz Celulose";"Aracruz Celulose"
"Aral";"Aral"
"Aramark";"Aramark"
"Arby’s";"Arby’s"
"Arcadis";"Arcadis"
"ArcelorMittal";"ArcelorMittal"
"Arcon";"Arcon"
"Ariel";"Ariel"
"Arirang";"Arirang"
"Aristocrat Leisure Limited";"Aristocrat Leisure Limited"
"Ariston";"Ariston"
"Arla";"Arla"
"Arm & Hammer";"Arm & Hammer"
"Armada (Nissan)";"Armada (Nissan)"
"Armani";"Armani"
"Armol All";"Armol All"
"Arnott's Biscuits Holdings";"Arnott's Biscuits Holdings"
"Art Institute International";"Art Institute International"
"Arun";"Arun"
"Ashley Furniture";"Ashley Furniture"
"Asiana Airlines";"Asiana Airlines"
"Asics";"Asics"
"Aspirin (Bayer)";"Aspirin (Bayer)"
"Aston Martin";"Aston Martin"
"Astra International";"Astra International"
"Astra Zeneca";"Astra Zeneca"
"AstralSat";"AstralSat"
"Astro";"Astro"
"Asus";"Asus"
"Atari";"Atari"
"Atkins";"Atkins"
"Atlas Pacific Limited";"Atlas Pacific Limited"
"Auchan";"Auchan"
"Audi";"Audi"
"Aunt Jemima";"Aunt Jemima"
"Aura (Saturn)";"Aura (Saturn)"
"Aussie";"Aussie"
"Austal Ships";"Austal Ships"
"Austar";"Austar"
"Austcorp";"Austcorp"
"Austereo Radio Network";"Austereo Radio Network"
"Australia Asia Airlines";"Australia Asia Airlines"
"Australia and New Zealand Banking Group Limited (ANZ)";"Australia and New Zealand Banking Group Limited (ANZ)"
"Australian Agricultural Company";"Australian Agricultural Company"
"Australian Air Express";"Australian Air Express"
"Australian Biodiesel Group Limited";"Australian Biodiesel Group Limited"
"Australian Defence Industries";"Australian Defence Industries"
"Australian Ethanol Limited";"Australian Ethanol Limited"
"Australian Foundation Investment Company (AFI)";"Australian Foundation Investment Company (AFI)"
"Australian Gas Light Company";"Australian Gas Light Company"
"Australian Healthcare Technology Limited";"Australian Healthcare Technology Limited"
"Australian Motor Industries(AMI)";"Australian Motor Industries(AMI)"
"Australian Portable Toilet Supplies (APTS)";"Australian Portable Toilet Supplies (APTS)"
"Australian Railroad Group";"Australian Railroad Group"
"Australian Securities Exchange";"Australian Securities Exchange"
"Australian Submarine Corporation";"Australian Submarine Corporation"
"Austrend International";"Austrend International"
"Ausway";"Ausway"
"AutoTrader";"AutoTrader"
"AutoZone";"AutoZone"
"Autogrill";"Autogrill"
"Avalanche (Chevrolet)";"Avalanche (Chevrolet)"
"Avalon (Toyota)";"Avalon (Toyota)"
"Aveda";"Aveda"
"Aveeno";"Aveeno"
"Avenger (Dodge)";"Avenger (Dodge)"
"Aveo (Chevrolet)";"Aveo (Chevrolet)"
"Avexa Limited";"Avexa Limited"
"Avia";"Avia"
"Aviator (Lincoln)";"Aviator (Lincoln)"
"Avibrás";"Avibrás"
"Avis";"Avis"
"Aviva";"Aviva"
"Avon";"Avon"
"Avonmore";"Avonmore"
"Axe";"Axe"
"Axis Bank";"Axis Bank"
"Azercell";"Azercell"
"Azul Brazilian Airlines";"Azul Brazilian Airlines"
"A|Wear";"A|Wear"
"B2W Varejo";"B2W Varejo"
"BAE Systems Australia";"BAE Systems Australia"
"BASDF SE";"BASDF SE"
"BASF";"BASF"
"BBC";"BBC"
"BBVA";"BBVA"
"BCI-Banco Credito";"BCI-Banco Credito"
"BHP Billiton";"BHP Billiton"
"BIC";"BIC"
"BM&F Bovespa";"BM&F Bovespa"
"BMW";"BMW"
"BNP Paribas";"BNP Paribas"
"BP";"BP"
"BPCL";"BPCL"
"BYD";"BYD"
"Babcock & Brown";"Babcock & Brown"
"Baby Mild";"Baby Mild"
"Badan Baden";"Badan Baden"
"Badoit";"Badoit"
"Baidu";"Baidu"
"Baileys";"Baileys"
"Bajaj";"Bajaj"
"Bakers Delight";"Bakers Delight"
"Baleno";"Baleno"
"Bally";"Bally"
"Baloise";"Baloise"
"Banco Frances SA";"Banco Frances SA"
"Banco Gradesco";"Banco Gradesco"
"Banco Nossa Caixa";"Banco Nossa Caixa"
"Banco Popular";"Banco Popular"
"Banco Rio de la Plata SA";"Banco Rio de la Plata SA"
"Banco Safra";"Banco Safra"
"Banco de Chile";"Banco de Chile"
"Banco de Galicia y Buenos Aires SA";"Banco de Galicia y Buenos Aires SA"
"Banco de la Nacion Argentina";"Banco de la Nacion Argentina"
"Banco do Brasil";"Banco do Brasil"
"Banestes";"Banestes"
"Bang & Olufsen";"Bang & Olufsen"
"Bank of China";"Bank of China"
"Bank of Communications";"Bank of Communications"
"Bank of East Asia";"Bank of East Asia"
"Bank of Greece";"Bank of Greece"
"Bank of Queensland";"Bank of Queensland"
"Banrisul";"Banrisul"
"Banyan Tree Holdings";"Banyan Tree Holdings"
"Barclays";"Barclays"
"Barilla";"Barilla"
"Baron Otard Cognacs";"Baron Otard Cognacs"
"Barry’s Tea";"Barry’s Tea"
"Bavaria";"Bavaria"
"Bayer";"Bayer"
"Bean Media Group";"Bean Media Group"
"Beaurepaires";"Beaurepaires"
"Becker Entertainment";"Becker Entertainment"
"Beck’s";"Beck’s"
"Beeline";"Beeline"
"Beerenberg Farm";"Beerenberg Farm"
"Beiersdorf";"Beiersdorf"
"Belco";"Belco"
"Belgacom";"Belgacom"
"Ben & Jerry’s";"Ben & Jerry’s"
"Bendigo Bank";"Bendigo Bank"
"Benetton";"Benetton"
"Bergstein Entertainment";"Bergstein Entertainment"
"Berlei";"Berlei"
"Bertolli Olive Oil";"Bertolli Olive Oil"
"Big Bazaar";"Big Bazaar"
"Big M";"Big M"
"Billabong";"Billabong"
"Bitburger";"Bitburger"
"Björn Borg";"Björn Borg"
"Blackmore";"Blackmore"
"Blancpain";"Blancpain"
"Blaupunkt";"Blaupunkt"
"Blue Dart";"Blue Dart"
"Bluebird Foods";"Bluebird Foods"
"Bluefish Communications";"Bluefish Communications"
"Bluescope";"Bluescope"
"Blumarine";"Blumarine"
"Blundstone Footwear";"Blundstone Footwear"
"Boag's Brewery";"Boag's Brewery"
"Bob’s";"Bob’s"
"Bohae";"Bohae"
"Bohemia";"Bohemia"
"Bonds";"Bonds"
"Bonduelle";"Bonduelle"
"Bonia";"Bonia"
"Bonox";"Bonox"
"Boomer";"Boomer"
"Boost Juice";"Boost Juice"
"Boots";"Boots"
"Boral Limited";"Boral Limited"
"Borealis";"Borealis"
"Bosch";"Bosch"
"Bossa Nova";"Bossa Nova"
"Bottega Veneta";"Bottega Veneta"
"Boucheron";"Boucheron"
"Bouygues Telecom";"Bouygues Telecom"
"Brabus";"Brabus"
"Bradesco";"Bradesco"
"Bradespar";"Bradespar"
"Brahma";"Brahma"
"Brambles Industries";"Brambles Industries"
"Brasil Foods";"Brasil Foods"
"Brasil Telecom";"Brasil Telecom"
"Braskem";"Braskem"
"Bravox";"Bravox"
"BreadTalk Group";"BreadTalk Group"
"Breitling";"Breitling"
"Brennan’s";"Brennan’s"
"Brequet";"Brequet"
"Breville";"Breville"
"Bridgestone";"Bridgestone"
"Bright";"Bright"
"Brioni";"Brioni"
"Brisbane Capital";"Brisbane Capital"
"Brisco";"Brisco"
"British Airways";"British Airways"
"British Sky Broadcasting Group plc";"British Sky Broadcasting Group plc"
"Brother";"Brother"
"Brown Brothers Milawa Vineyard";"Brown Brothers Milawa Vineyard"
"Brugse Straffe Hendrik";"Brugse Straffe Hendrik"
"Bubble O' Bill";"Bubble O' Bill"
"Budweiser";"Budweiser"
"Bugatti";"Bugatti"
"Bulgari";"Bulgari"
"Bulla Dairy Foods";"Bulla Dairy Foods"
"Bulmers";"Bulmers"
"Bunnings";"Bunnings"
"Burberry";"Burberry"
"Burger King";"Burger King"
"Burns, Philp & Company Ltd.";"Burns, Philp & Company Ltd."
"Busan Bank";"Busan Bank"
"Bush";"Bush"
"Bushmills Irish Whiskey";"Bushmills Irish Whiskey"
"Busscar";"Busscar"
"Böhler-Uddeholm";"Böhler-Uddeholm"
"C&A";"C&A"
"CAP Gemini";"CAP Gemini"
"CC's";"CC's"
"CCR";"CCR"
"CESP";"CESP"
"CHEP";"CHEP"
"CIMB";"CIMB"
"CJ";"CJ"
"CMBC";"CMBC"
"CMPC";"CMPC"
"CNP Assurances";"CNP Assurances"
"CPFL";"CPFL"
"CPIC";"CPIC"
"CRSanjiu";"CRSanjiu"
"CSL Limited";"CSL Limited"
"CSR Limited";"CSR Limited"
"Cacharel";"Cacharel"
"Cadbury";"Cadbury"
"Cadence Capital Limited";"Cadence Capital Limited"
"Cafe Coffee Day";"Cafe Coffee Day"
"Cafe de Coral";"Cafe de Coral"
"Caffarel";"Caffarel"
"Caixa Econômica Federal";"Caixa Econômica Federal"
"Camargo Corrêa";"Camargo Corrêa"
"Campari";"Campari"
"Camus";"Camus"
"Canal Plus";"Canal Plus"
"Candy";"Candy"
"Canon";"Canon"
"Capital Dynamics";"Capital Dynamics"
"Caracu";"Caracu"
"Caramello Koala";"Caramello Koala"
"Carlsberg";"Carlsberg"
"Carlton & United Breweries";"Carlton & United Breweries"
"Carnegie";"Carnegie"
"Carnini";"Carnini"
"Carrefour";"Carrefour"
"Carroten";"Carroten"
"Carte Noire";"Carte Noire"
"Cartier";"Cartier"
"Casas Bahia";"Casas Bahia"
"Cascade Brewery";"Cascade Brewery"
"Cascina Verdesole";"Cascina Verdesole"
"Casino";"Casino"
"Casio";"Casio"
"Cass";"Cass"
"Castablast";"Castablast"
"Castlemaine Perkins";"Castlemaine Perkins"
"Catena";"Catena"
"Cathay Pacific";"Cathay Pacific"
"Cbus";"Cbus"
"Ceat";"Ceat"
"Celcom";"Celcom"
"Celesc";"Celesc"
"Celia";"Celia"
"Cemig";"Cemig"
"Cencosud";"Cencosud"
"Center Fresh";"Center Fresh"
"Centrale Latte Roma";"Centrale Latte Roma"
"Centro Properties Group";"Centro Properties Group"
"Cerpa";"Cerpa"
"Cerpinha";"Cerpinha"
"Cerruti";"Cerruti"
"Chanel";"Chanel"
"Chang Beer";"Chang Beer"
"Changyu";"Changyu"
"Chaumet";"Chaumet"
"Cheap Monday";"Cheap Monday"
"Cheezels";"Cheezels"
"Chef";"Chef"
"Chemeq";"Chemeq"
"Cheung Kong Holdings";"Cheung Kong Holdings"
"Chicco";"Chicco"
"Chiko Roll";"Chiko Roll"
"Chimay";"Chimay"
"Chimei";"Chimei"
"China Citic Bank";"China Citic Bank"
"China Construction Bank";"China Construction Bank"
"China Eastern";"China Eastern"
"China Life";"China Life"
"China Light and Power";"China Light and Power"
"China Merchants Bank";"China Merchants Bank"
"China Mobile";"China Mobile"
"China Southern Airlines";"China Southern Airlines"
"China Telecom";"China Telecom"
"China Unicom";"China Unicom"
"Chinachem Group";"Chinachem Group"
"Chloé";"Chloé"
"Choclitos";"Choclitos"
"Chocolates Garoto";"Chocolates Garoto"
"Chorus Call Australia";"Chorus Call Australia"
"Christian Dior";"Christian Dior"
"Chunghwa Telecom Co";"Chunghwa Telecom Co"
"Chupa Chups";"Chupa Chups"
"Cielo";"Cielo"
"Cif";"Cif"
"Cindor";"Cindor"
"Cintra";"Cintra"
"Cinzano Vermouth";"Cinzano Vermouth"
"Citics";"Citics"
"Citroën";"Citroën"
"City Telecom";"City Telecom"
"CityRail";"CityRail"
"Clag";"Clag"
"Clarius Group";"Clarius Group"
"Claytons";"Claytons"
"Clinic";"Clinic"
"Co-op";"Co-op"
"Coca-Cola Amatil";"Coca-Cola Amatil"
"Cochlear Limited";"Cochlear Limited"
"Cococontacts Pty Ltd";"Cococontacts Pty Ltd"
"Cocomat";"Cocomat"
"Codan Limited";"Codan Limited"
"Codelco";"Codelco"
"Cointreau";"Cointreau"
"Colavita";"Colavita"
"Coles Group Lmt";"Coles Group Lmt"
"Colgate";"Colgate"
"Colonia";"Colonia"
"Colryut";"Colryut"
"Comgás";"Comgás"
"Commerzbank";"Commerzbank"
"Commonwealth Bank";"Commonwealth Bank"
"Compass Resources";"Compass Resources"
"Computershare";"Computershare"
"ConnectEast";"ConnectEast"
"Conti";"Conti"
"Continental";"Continental"
"Cookie Time";"Cookie Time"
"Coon cheese";"Coon cheese"
"Coopers Brewery";"Coopers Brewery"
"Copacol";"Copacol"
"Copel";"Copel"
"Copesa";"Copesa"
"Cordell Information";"Cordell Information"
"CorpBanca";"CorpBanca"
"Corsendonk Pater Noster";"Corsendonk Pater Noster"
"Coruba";"Coruba"
"Cosan";"Cosan"
"Cosmote";"Cosmote"
"Cottee's";"Cottee's"
"Countdown";"Countdown"
"Country Crock";"Country Crock"
"Country Energy";"Country Energy"
"Courvoisier";"Courvoisier"
"Crazy John's";"Crazy John's"
"Credit Agricole";"Credit Agricole"
"Credit Mutual";"Credit Mutual"
"Credit Suisse";"Credit Suisse"
"Crocodile Garments";"Crocodile Garments"
"Crown";"Crown"
"Crown Lager";"Crown Lager"
"Crown Limited";"Crown Limited"
"Crown Pilsner";"Crown Pilsner"
"Crumpler";"Crumpler"
"Crystal Spring Tea";"Crystal Spring Tea"
"Ctrip";"Ctrip"
"CyberLink";"CyberLink"
"Cyrela";"Cyrela"
"Céline";"Céline"
"D-Link";"D-Link"
"DBS Bank";"DBS Bank"
"DHL Express";"DHL Express"
"DIA";"DIA"
"DSM";"DSM"
"DTDC";"DTDC"
"DZ Bank AG";"DZ Bank AG"
"DaKine";"DaKine"
"Dabur";"Dabur"
"Daewoo";"Daewoo"
"Daikin";"Daikin"
"Daimler";"Daimler"
"Dairy Farmers";"Dairy Farmers"
"Dallmayr";"Dallmayr"
"Danone";"Danone"
"Danske Bank";"Danske Bank"
"Darlie";"Darlie"
"Darrell Lea";"Darrell Lea"
"Datacom";"Datacom"
"David Jones Limited";"David Jones Limited"
"David Stubbs & Partners Consulting Engineers Pty Ltd";"David Stubbs & Partners Consulting Engineers Pty Ltd"
"Davidoff";"Davidoff"
"De Bortoli Wines";"De Bortoli Wines"
"De Koninck";"De Koninck"
"Deborah Milano";"Deborah Milano"
"Delirium Tremens";"Delirium Tremens"
"Delta";"Delta"
"Delta Electricity";"Delta Electricity"
"Delta Lloyd Group";"Delta Lloyd Group"
"Delta Projects";"Delta Projects"
"Depo";"Depo"
"Dettol";"Dettol"
"Deutsche Bank";"Deutsche Bank"
"Deutsche Post";"Deutsche Post"
"Devassa";"Devassa"
"Dexia";"Dexia"
"De’Longhi";"De’Longhi"
"DiGi";"DiGi"
"Diadora";"Diadora"
"Dick Smith Electronics";"Dick Smith Electronics"
"Dick Smith Foods";"Dick Smith Foods"
"Diesel";"Diesel"
"Dilmah";"Dilmah"
"Disaronno";"Disaronno"
"Disco SA";"Disco SA"
"Divella";"Divella"
"Dolce & Gabbana";"Dolce & Gabbana"
"Dom Preignon";"Dom Preignon"
"Dorf Clark Industries Limited";"Dorf Clark Industries Limited"
"Doux";"Doux"
"Dove";"Dove"
"Downer EDi";"Downer EDi"
"Dr. Denim Jeansmakers";"Dr. Denim Jeansmakers"
"Dr. Oetker";"Dr. Oetker"
"Dragon Bleu";"Dragon Bleu"
"Dragonair";"Dragonair"
"Draka";"Draka"
"Driza-Bone";"Driza-Bone"
"Drpers";"Drpers"
"Ducati";"Ducati"
"Dulux";"Dulux"
"Duratex";"Duratex"
"Dusit Thani";"Dusit Thani"
"Dutch Lady";"Dutch Lady"
"Dymocks";"Dymocks"
"Dyson";"Dyson"
"E.Leclerc";"E.Leclerc"
"E.ON";"E.ON"
"EBX Group";"EBX Group"
"EDF Electric";"EDF Electric"
"EFG Bank";"EFG Bank"
"EFTel";"EFTel"
"EMQ Pty Ltd";"EMQ Pty Ltd"
"ENBW";"ENBW"
"EVA Air";"EVA Air"
"Eagle Boys";"Eagle Boys"
"Easy Jet";"Easy Jet"
"Effigy Press";"Effigy Press"
"El Corte Inglés";"El Corte Inglés"
"El Mercio SAP";"El Mercio SAP"
"Elders IXL";"Elders IXL"
"Electrolux";"Electrolux"
"Element Skateboards";"Element Skateboards"
"Elevit";"Elevit"
"Elf";"Elf"
"Elfin Cars";"Elfin Cars"
"Elion";"Elion"
"Ellininki Radiofonia Tileoriasi";"Ellininki Radiofonia Tileoriasi"
"Elvo";"Elvo"
"Email Limited";"Email Limited"
"Embraco";"Embraco"
"Embratel";"Embratel"
"Emporiki Bank";"Emporiki Bank"
"Emté";"Emté"
"Emu Brewery";"Emu Brewery"
"Energex";"Energex"
"EnergyAustralia";"EnergyAustralia"
"Engin";"Engin"
"Eni S.p.A.";"Eni S.p.A."
"Entel PCS";"Entel PCS"
"EnviroMission";"EnviroMission"
"Epson";"Epson"
"Eraring Energy";"Eraring Energy"
"Ergon";"Ergon"
"Ergon S.A.";"Ergon S.A."
"Ericsson";"Ericsson"
"Ermenegildo Zegna";"Ermenegildo Zegna"
"Ernest Adams";"Ernest Adams"
"Ernst & Young";"Ernst & Young"
"Erste Group";"Erste Group"
"Esanda Finance Corporation Ltd";"Esanda Finance Corporation Ltd"
"Escondida";"Escondida"
"Eskimo Pie";"Eskimo Pie"
"Esky";"Esky"
"Espírito Santo Financial Group";"Espírito Santo Financial Group"
"Estrela";"Estrela"
"Estrella Damm";"Estrella Damm"
"Etienne Aigner";"Etienne Aigner"
"Etos";"Etos"
"Evga S.A.";"Evga S.A."
"Evian";"Evian"
"Express Virtual Meetings";"Express Virtual Meetings"
"Extra";"Extra"
"F. Whitlock & Sons Ltd";"F. Whitlock & Sons Ltd"
"Fabral";"Fabral"
"Fage";"Fage"
"Fair and Handsome";"Fair and Handsome"
"Falabella";"Falabella"
"Farmers";"Farmers"
"Fashion TV";"Fashion TV"
"Feldschlosschen";"Feldschlosschen"
"Fendi";"Fendi"
"Ferrari";"Ferrari"
"Ferrero";"Ferrero"
"Fiat";"Fiat"
"Fibria";"Fibria"
"Fifth Avenue Show Repair";"Fifth Avenue Show Repair"
"Fila";"Fila"
"Filippa K";"Filippa K"
"Finaciero";"Finaciero"
"Fischer";"Fischer"
"Fisher & Paykel";"Fisher & Paykel"
"Flahavan’s";"Flahavan’s"
"Fletcher Jones";"Fletcher Jones"
"Flextronics";"Flextronics"
"Flight Centre";"Flight Centre"
"Florena";"Florena"
"Florigene";"Florigene"
"Folli Follie";"Folli Follie"
"Fonterra";"Fonterra"
"Food Lion";"Food Lion"
"Foodland Supermarkets";"Foodland Supermarkets"
"Fortescue Metals Group";"Fortescue Metals Group"
"Fortis";"Fortis"
"Foster's Lager";"Foster's Lager"
"Fosters";"Fosters"
"Four'N Twenty Pie";"Four'N Twenty Pie"
"France Telecom";"France Telecom"
"Franck Muller";"Franck Muller"
"Franklins";"Franklins"
"Franprix";"Franprix"
"Freehand Group";"Freehand Group"
"Freeserve";"Freeserve"
"Fresenius Medical Care";"Fresenius Medical Care"
"Fresh’n Fruity";"Fresh’n Fruity"
"Friesland Bank";"Friesland Bank"
"Frooti";"Frooti"
"Frucor";"Frucor"
"Fuchs";"Fuchs"
"Fujitsu";"Fujitsu"
"Fulinmen";"Fulinmen"
"Funnelback";"Funnelback"
"Fuzion";"Fuzion"
"G2000";"G2000"
"GAS";"GAS"
"GCP Australia Ltd";"GCP Australia Ltd"
"GWA International Limited";"GWA International Limited"
"Gafisa";"Gafisa"
"Gagfah";"Gagfah"
"Galbani";"Galbani"
"Gall & Gall";"Gall & Gall"
"Gallina Blanca";"Gallina Blanca"
"Gammon Construction";"Gammon Construction"
"Garnier";"Garnier"
"Gauloises";"Gauloises"
"Gen-i";"Gen-i"
"Geniki Bank";"Geniki Bank"
"Genius";"Genius"
"Genting";"Genting"
"Geocell";"Geocell"
"Geox";"Geox"
"Gerdau";"Gerdau"
"Gianfranco Ferre";"Gianfranco Ferre"
"Giant";"Giant"
"Gigabyte";"Gigabyte"
"Gillette";"Gillette"
"Giordano International Limited";"Giordano International Limited"
"Giorgio Armani";"Giorgio Armani"
"Givenchy";"Givenchy"
"Glashütte";"Glashütte"
"GlaxoSmithKline";"GlaxoSmithKline"
"Global Táxi Aéreo";"Global Táxi Aéreo"
"Godiva";"Godiva"
"Godrej";"Godrej"
"Gol Transportes Aéreos";"Gol Transportes Aéreos"
"Gold Flake";"Gold Flake"
"Golden Gaytime";"Golden Gaytime"
"Golden Harvest";"Golden Harvest"
"Golden North";"Golden North"
"Gome";"Gome"
"Goodman Fielder";"Goodman Fielder"
"Goody’s";"Goody’s"
"Gouden Carolus";"Gouden Carolus"
"Gradiente";"Gradiente"
"Granini";"Granini"
"Gree";"Gree"
"Green Island Cement";"Green Island Cement"
"Greenpeace";"Greenpeace"
"Gregg’s";"Gregg’s"
"Griffin’s";"Griffin’s"
"Grocon";"Grocon"
"Group Sense PDA";"Group Sense PDA"
"Grupo Folha";"Grupo Folha"
"Grupo Schincariol";"Grupo Schincariol"
"Gruppo Generali";"Gruppo Generali"
"Guararapes";"Guararapes"
"Gucci";"Gucci"
"Guerlain";"Guerlain"
"Gueuze";"Gueuze"
"Guinness";"Guinness"
"Gunns";"Gunns"
"Guylian";"Guylian"
"H&M";"H&M"
"H&R Block";"H&R Block"
"H-E-B";"H-E-B"
"H2 (Hummer)";"H2 (Hummer)"
"HBO";"HBO"
"HDFC Bank";"HDFC Bank"
"HIH Insurance";"HIH Insurance"
"HKR International";"HKR International"
"HSBC";"HSBC"
"HTC";"HTC"
"Haagen-Dazs";"Haagen-Dazs"
"Habib’s";"Habib’s"
"Hacky Sack";"Hacky Sack"
"Hahn Brewery";"Hahn Brewery"
"Haier";"Haier"
"Haigh's chocolates";"Haigh's chocolates"
"Hainan Airlines";"Hainan Airlines"
"Haldiram";"Haldiram"
"Halifax";"Halifax"
"Hallmark";"Hallmark"
"Halls";"Halls"
"Hamburger Helper";"Hamburger Helper"
"Hampton Inn";"Hampton Inn"
"Hana Bank";"Hana Bank"
"Hanes";"Hanes"
"Hang Seng Bank";"Hang Seng Bank"
"Hanjin";"Hanjin"
"Hankook";"Hankook"
"Hannah Montana";"Hannah Montana"
"Hansol";"Hansol"
"Harcourts";"Harcourts"
"Hard Rock Café";"Hard Rock Café"
"Hardee’s";"Hardee’s"
"Haribo";"Haribo"
"Harley-Davidson";"Harley-Davidson"
"Harp";"Harp"
"Harris Teeter";"Harris Teeter"
"Harry Potter";"Harry Potter"
"Harry Rosen";"Harry Rosen"
"Hartford";"Hartford"
"Harvey Norman Holdings Ltd.";"Harvey Norman Holdings Ltd."
"Hasbro";"Hasbro"
"Hasseröder";"Hasseröder"
"Havainas";"Havainas"
"Hawaiian Tropic";"Hawaiian Tropic"
"Haywards";"Haywards"
"Head & Shoulders";"Head & Shoulders"
"Health2000";"Health2000"
"Healtheries";"Healtheries"
"Healthscope";"Healthscope"
"Healthy Choice";"Healthy Choice"
"Heath";"Heath"
"Hefty";"Hefty"
"Heijamns";"Heijamns"
"Heineken";"Heineken"
"Heinz";"Heinz"
"Helene Curtis";"Helene Curtis"
"Hell Pizza";"Hell Pizza"
"Hellenic Petroleum";"Hellenic Petroleum"
"Hellman’s";"Hellman’s"
"Hello Kitty";"Hello Kitty"
"Helzberg Diamond";"Helzberg Diamond"
"Henkel";"Henkel"
"Hennes";"Hennes"
"Hennessy";"Hennessy"
"Henry Jones IXL";"Henry Jones IXL"
"Herbal Essences";"Herbal Essences"
"Hercules";"Hercules"
"Hering";"Hering"
"Hermes Paris";"Hermes Paris"
"Hermés";"Hermés"
"Hero Honda";"Hero Honda"
"Herron";"Herron"
"Hershey’s";"Hershey’s"
"Hertz";"Hertz"
"Heungkuk";"Heungkuk"
"Hewlett-Packard";"Hewlett-Packard"
"Hidden Valley";"Hidden Valley"
"High Valley";"High Valley"
"Highlander (Toyota)";"Highlander (Toyota)"
"Hills Hoist";"Hills Hoist"
"Hillshire Farm";"Hillshire Farm"
"Hilton";"Hilton"
"Himalaya";"Himalaya"
"Hitachi";"Hitachi"
"Hitejinro";"Hitejinro"
"Hobby Lobby";"Hobby Lobby"
"Hoegaarden";"Hoegaarden"
"Hofer";"Hofer"
"Holcim";"Holcim"
"Holden";"Holden"
"Holiday Inn";"Holiday Inn"
"Hollister";"Hollister"
"Holly Hobbie";"Holly Hobbie"
"Hollys Coffee";"Hollys Coffee"
"Holsten";"Holsten"
"Home Depot";"Home Depot"
"Home Shopping Network";"Home Shopping Network"
"Homedics";"Homedics"
"Honda";"Honda"
"Honey Bunches of Oat";"Honey Bunches of Oat"
"Honeysuckle Development Corporation";"Honeysuckle Development Corporation"
"Honeywell";"Honeywell"
"Hong Kong Airlines";"Hong Kong Airlines"
"Hong Kong Link";"Hong Kong Link"
"Hong Leong Bank";"Hong Leong Bank"
"Hooters";"Hooters"
"Hoover";"Hoover"
"Hopewell Holdings";"Hopewell Holdings"
"Hormel";"Hormel"
"Hostess";"Hostess"
"Hot Wheels";"Hot Wheels"
"Hotels.com";"Hotels.com"
"Hotmail";"Hotmail"
"Hotwire.com";"Hotwire.com"
"Hoveround";"Hoveround"
"Hovis";"Hovis"
"Hua Xia Bank";"Hua Xia Bank"
"Hublot";"Hublot"
"Huggies";"Huggies"
"Hugo Boss";"Hugo Boss"
"Hula-Hoop";"Hula-Hoop"
"Humana";"Humana"
"Hummer";"Hummer"
"Hungry-Man";"Hungry-Man"
"Hunter Douglas";"Hunter Douglas"
"Hunt’s";"Hunt’s"
"Hush Puppies";"Hush Puppies"
"Husky Energy";"Husky Energy"
"Hutchison Whampoa";"Hutchison Whampoa"
"Hy-Vee";"Hy-Vee"
"Hyatt";"Hyatt"
"Hydroxycut";"Hydroxycut"
"Hyflux";"Hyflux"
"Hynix";"Hynix"
"Hypermarcas";"Hypermarcas"
"HypoVereinsbank";"HypoVereinsbank"
"Hyundai";"Hyundai"
"I Can’t Believe It’s Not Butter";"I Can’t Believe It’s Not Butter"
"I Love Biscuits";"I Love Biscuits"
"IBENOX";"IBENOX"
"IBK";"IBK"
"IBM";"IBM"
"ICBC";"ICBC"
"ICICI Bank";"ICICI Bank"
"IFB";"IFB"
"IHOP";"IHOP"
"IKEA";"IKEA"
"IMAX";"IMAX"
"ING";"ING"
"IOOF Funds";"IOOF Funds"
"IOPE";"IOPE"
"IT Company Pty Ltd.";"IT Company Pty Ltd."
"ITC";"ITC"
"ITT Technical Institute";"ITT Technical Institute"
"IWC";"IWC"
"Iams";"Iams"
"Iberia";"Iberia"
"Ice Breakers";"Ice Breakers"
"Iced VoVo";"Iced VoVo"
"Icee";"Icee"
"Ideal Bikes";"Ideal Bikes"
"Igloo";"Igloo"
"Illy";"Illy"
"Imodium";"Imodium"
"Impala (Chevrolet)";"Impala (Chevrolet)"
"Imperial Oil";"Imperial Oil"
"Imtech";"Imtech"
"In.gr";"In.gr"
"InStyle";"InStyle"
"Inalca";"Inalca"
"Incat";"Incat"
"Inco Rogers Communications Empire";"Inco Rogers Communications Empire"
"Indesit";"Indesit"
"Indian Oil Corporation";"Indian Oil Corporation"
"Industrial Bank";"Industrial Bank"
"Infiniti";"Infiniti"
"Infosys";"Infosys"
"Ingham";"Ingham"
"Innocent";"Innocent"
"Inraero";"Inraero"
"Inspiration (Dell)";"Inspiration (Dell)"
"Insurance Australia Group";"Insurance Australia Group"
"Intel";"Intel"
"Inter";"Inter"
"Intergy Consulting";"Intergy Consulting"
"Intermarché";"Intermarché"
"International Paper";"International Paper"
"International Sports Clothing";"International Sports Clothing"
"Internode Systems";"Internode Systems"
"Interpark";"Interpark"
"Intesa Sanpaolo";"Intesa Sanpaolo"
"Intracom";"Intracom"
"Intralot";"Intralot"
"Intuition (Schick)";"Intuition (Schick)"
"Invisalign";"Invisalign"
"Inxmail Australia Pty Limited";"Inxmail Australia Pty Limited"
"Iochpe-Maxion";"Iochpe-Maxion"
"Ion";"Ion"
"Ion (Saturn)";"Ion (Saturn)"
"Irish Spring";"Irish Spring"
"Isotoner";"Isotoner"
"Itaipava";"Itaipava"
"Itautec";"Itautec"
"Itaú Unibanco";"Itaú Unibanco"
"Itaúsa";"Itaúsa"
"Iveco";"Iveco"
"Ivory";"Ivory"
"J. Lindeberg";"J. Lindeberg"
"J.C. Penney";"J.C. Penney"
"J.Crew";"J.Crew"
"J.P. Morgan";"J.P. Morgan"
"JBS S.A.";"JBS S.A."
"JLeutenegger Pty Ltd";"JLeutenegger Pty Ltd"
"JVC";"JVC"
"Jaan Paan Liquer";"Jaan Paan Liquer"
"Jabra";"Jabra"
"Jack Daniels";"Jack Daniels"
"Jack in the Box";"Jack in the Box"
"Jackson Hewitt";"Jackson Hewitt"
"Jacuzzi";"Jacuzzi"
"Jaeger-Le Coultre";"Jaeger-Le Coultre"
"Jaguar";"Jaguar"
"James Hardie";"James Hardie"
"Jameson";"Jameson"
"Jardine Matheson Holdings";"Jardine Matheson Holdings"
"Jared Galleria";"Jared Galleria"
"Jazzercise";"Jazzercise"
"Jeep";"Jeep"
"Jell-O";"Jell-O"
"Jelly Belly";"Jelly Belly"
"Jenn-Air";"Jenn-Air"
"Jenny Craig";"Jenny Craig"
"Jeopardy!";"Jeopardy!"
"Jergens";"Jergens"
"Jet";"Jet"
"JetBlue";"JetBlue"
"Jetstar";"Jetstar"
"Jetta (Volkswagen)";"Jetta (Volkswagen)"
"Jif";"Jif"
"Jiffy";"Jiffy"
"Jil";"Jil"
"Jim Beam";"Jim Beam"
"Jimmy Dean";"Jimmy Dean"
"JobStreet.com";"JobStreet.com"
"Jockey";"Jockey"
"Joe’s Crab Shack";"Joe’s Crab Shack"
"John Deere";"John Deere"
"John Fairfax Holdings";"John Fairfax Holdings"
"John Frida";"John Frida"
"John Lewis";"John Lewis"
"Johnnie Walker";"Johnnie Walker"
"Johnson";"Johnson"
"Johnson & Johnson";"Johnson & Johnson"
"Johnson Controls";"Johnson Controls"
"Johnsonville Foods";"Johnsonville Foods"
"Johnson’s Baby";"Johnson’s Baby"
"Jolly Rancher";"Jolly Rancher"
"Jones New York";"Jones New York"
"Jordache";"Jordache"
"Jose Cuervo";"Jose Cuervo"
"Juan Valdez Café";"Juan Valdez Café"
"Juicy Couture";"Juicy Couture"
"Juicy Fruit";"Juicy Fruit"
"Juicy Juice";"Juicy Juice"
"Jumbo";"Jumbo"
"Jumbo S.A.";"Jumbo S.A."
"JumboTron";"JumboTron"
"Just For Men";"Just For Men"
"Juventus";"Juventus"
"Jyske Bank";"Jyske Bank"
"Jägermeister";"Jägermeister"
"K-Swiss";"K-Swiss"
"K-Y";"K-Y"
"K2";"K2"
"K9 Advantix";"K9 Advantix"
"KBC";"KBC"
"KBS";"KBS"
"KEB";"KEB"
"KFC";"KFC"
"KGI";"KGI"
"KIA";"KIA"
"KPMG";"KPMG"
"KT";"KT"
"Kahlúa";"Kahlúa"
"Kaiser";"Kaiser"
"Kaiser Permanente";"Kaiser Permanente"
"Kangaroo Bus Lines";"Kangaroo Bus Lines"
"Kapiti Fine Foods";"Kapiti Fine Foods"
"Kappa";"Kappa"
"Karo";"Karo"
"Kashi";"Kashi"
"Kcel";"Kcel"
"Keds";"Keds"
"Keebler";"Keebler"
"Keemann";"Keemann"
"Keglevich";"Keglevich"
"Kelkoo";"Kelkoo"
"Kellogg’s";"Kellogg’s"
"Kellogg’s Nestle";"Kellogg’s Nestle"
"Kelvinator";"Kelvinator"
"Kenmore";"Kenmore"
"Kenneth Cole";"Kenneth Cole"
"Keuhne + Nagel";"Keuhne + Nagel"
"Kia";"Kia"
"Kibbles ‘n Bits";"Kibbles ‘n Bits"
"Kids “R” Us";"Kids “R” Us"
"Kikki-K";"Kikki-K"
"Kikkoman";"Kikkoman"
"Kilsen";"Kilsen"
"Kimberly-Clark";"Kimberly-Clark"
"King Snedley's Beer";"King Snedley's Beer"
"Kingfisher";"Kingfisher"
"Kinley";"Kinley"
"Kiss My Face";"Kiss My Face"
"Kissan";"Kissan"
"Kisses (Hershey’s)";"Kisses (Hershey’s)"
"Kit Kat";"Kit Kat"
"KitchenAid";"KitchenAid"
"KiwiRail";"KiwiRail"
"Kiwibank";"Kiwibank"
"Kix";"Kix"
"Kixstaart";"Kixstaart"
"Klabin";"Klabin"
"Kleenex";"Kleenex"
"Kleenmaid";"Kleenmaid"
"Klondike";"Klondike"
"Kmart";"Kmart"
"Knorr";"Knorr"
"Kodak";"Kodak"
"Kohler";"Kohler"
"Kohl’s";"Kohl’s"
"Kokanee Beer";"Kokanee Beer"
"Komatsu";"Komatsu"
"Konica Minolta";"Konica Minolta"
"Kookmin Bank";"Kookmin Bank"
"Kool-Aid";"Kool-Aid"
"Korean Air";"Korean Air"
"Korres";"Korres"
"Kotex";"Kotex"
"Kotsovolos";"Kotsovolos"
"Krackel";"Krackel"
"Kraft";"Kraft"
"Krazy Glue";"Krazy Glue"
"Kriek";"Kriek"
"Krispy Kreme";"Krispy Kreme"
"Kroger";"Kroger"
"Krombacher";"Krombacher"
"Kronenbier";"Kronenbier"
"Kronenbourg1664";"Kronenbourg1664"
"Krug";"Krug"
"Kuemmerling";"Kuemmerling"
"Kuhne";"Kuhne"
"Kumho";"Kumho"
"Kurnia";"Kurnia"
"Kwak";"Kwak"
"Kwality";"Kwality"
"Kyobo";"Kyobo"
"Kärcher";"Kärcher"
"L.A. Gear";"L.A. Gear"
"L.A. Weightloss Center";"L.A. Weightloss Center"
"L.J. Hooker";"L.J. Hooker"
"L.L. Bean";"L.L. Bean"
"LAN Airlines";"LAN Airlines"
"LEGO";"LEGO"
"LG";"LG"
"LIC";"LIC"
"La Caixa";"La Caixa"
"La Chouffe";"La Chouffe"
"La Choy";"La Choy"
"La Crosse (Buick)";"La Crosse (Buick)"
"La Fin du Monde";"La Fin du Monde"
"La-Z-Boy";"La-Z-Boy"
"LaCoste";"LaCoste"
"Labatt’s";"Labatt’s"
"Lacoste";"Lacoste"
"Lactalis";"Lactalis"
"Lactis";"Lactis"
"Lady Speed Stick";"Lady Speed Stick"
"Laffy Taffy";"Laffy Taffy"
"Lakeport Brewing Company";"Lakeport Brewing Company"
"Lakme";"Lakme"
"Lambic";"Lambic"
"Lamborghini";"Lamborghini"
"Lancer (Mitsubishi)";"Lancer (Mitsubishi)"
"Lancia";"Lancia"
"Lancome";"Lancome"
"Lancôme";"Lancôme"
"Land O’Lakes";"Land O’Lakes"
"Land Rover";"Land Rover"
"Landor & Hawa";"Landor & Hawa"
"Lane Crawford";"Lane Crawford"
"Laneíge";"Laneíge"
"Latex Gloves";"Latex Gloves"
"LavAzza";"LavAzza"
"Lavipharm";"Lavipharm"
"Lay’s";"Lay’s"
"Lazzaroni";"Lazzaroni"
"Le Crédit Lyonnais";"Le Crédit Lyonnais"
"Le Figaro";"Le Figaro"
"Le Monde";"Le Monde"
"Leader Price";"Leader Price"
"Leading Edge Group";"Leading Edge Group"
"Lean Cuisine";"Lean Cuisine"
"LeapFrog";"LeapFrog"
"Lecker";"Lecker"
"Lee";"Lee"
"Lee Kim Kee";"Lee Kim Kee"
"Leffe";"Leffe"
"Lego";"Lego"
"Legrand";"Legrand"
"Leighton Holdings";"Leighton Holdings"
"Lend Lease Corporation";"Lend Lease Corporation"
"Lendingtree";"Lendingtree"
"Lenovo";"Lenovo"
"LensCrafters";"LensCrafters"
"Leo Beer";"Leo Beer"
"Leonida";"Leonida"
"Leroy Merlin";"Leroy Merlin"
"Leviathan";"Leviathan"
"Levi’s";"Levi’s"
"Lexus";"Lexus"
"Li & Fung";"Li & Fung"
"Li-Ning";"Li-Ning"
"Libertad";"Libertad"
"Liberty (Jeep)";"Liberty (Jeep)"
"Liberty Medical";"Liberty Medical"
"Liberty Mutual";"Liberty Mutual"
"Lider";"Lider"
"Lidl";"Lidl"
"Liebherr";"Liebherr"
"Life Savers";"Life Savers"
"Life Time Fitness";"Life Time Fitness"
"Lifestyle Clotheslines";"Lifestyle Clotheslines"
"Light";"Light"
"Lik Sang";"Lik Sang"
"Lili Diamonds";"Lili Diamonds"
"Limited";"Limited"
"Lincoln";"Lincoln"
"Lincoln Logs";"Lincoln Logs"
"Lindt";"Lindt"
"Linens ‘n Things";"Linens ‘n Things"
"Lion Nathan";"Lion Nathan"
"Lipitor";"Lipitor"
"Lipton";"Lipton"
"Liqui Moly";"Liqui Moly"
"Liqui-Gel (Advil)";"Liqui-Gel (Advil)"
"Liquid Paper";"Liquid Paper"
"Liquid-Plumr";"Liquid-Plumr"
"Listerine";"Listerine"
"Lite-Brite";"Lite-Brite"
"Little Caesars";"Little Caesars"
"Little Debbie";"Little Debbie"
"LiveBackup";"LiveBackup"
"Liz Claiborne";"Liz Claiborne"
"Lloyds TSB";"Lloyds TSB"
"Locatelli";"Locatelli"
"Lockheed Martin";"Lockheed Martin"
"Logitech";"Logitech"
"Lojas Americanas";"Lojas Americanas"
"Lojas Renner";"Lojas Renner"
"Lojas Riachuelo";"Lojas Riachuelo"
"Lokal";"Lokal"
"Lolly Gobble Bliss Bombs";"Lolly Gobble Bliss Bombs"
"London Drugs";"London Drugs"
"London Fog";"London Fog"
"London Stock Exchange";"London Stock Exchange"
"Long John Silver’s";"Long John Silver’s"
"Longines";"Longines"
"Looney Tunes";"Looney Tunes"
"Lotto Sport Italia";"Lotto Sport Italia"
"Louis Vuitton";"Louis Vuitton"
"Lowes Menswear";"Lowes Menswear"
"Lowe’s";"Lowe’s"
"Lubriderm";"Lubriderm"
"Lucky";"Lucky"
"Lucky Charms";"Lucky Charms"
"Lucky Lager";"Lucky Lager"
"Lufthansa";"Lufthansa"
"Lufthansa Airlines";"Lufthansa Airlines"
"Luigi Bosca Reserve";"Luigi Bosca Reserve"
"Luis Vuitton";"Luis Vuitton"
"Lululemon Athletica";"Lululemon Athletica"
"Lunchables";"Lunchables"
"Lunesta";"Lunesta"
"Luvs";"Luvs"
"Lux";"Lux"
"Luxardo";"Luxardo"
"Luxottica";"Luxottica"
"Luxottica Retail";"Luxottica Retail"
"Luzhou Laojiao";"Luzhou Laojiao"
"Lycos";"Lycos"
"Lycra";"Lycra"
"Lysol";"Lysol"
"Löwenbräu";"Löwenbräu"
"L’Occitane";"L’Occitane"
"L’Or&eacute;al";"L’Or&eacute;al"
"L’Oreal";"L’Oreal"
"M&S";"M&S"
"MAB Corporation";"MAB Corporation"
"MAN";"MAN"
"MEA Advisory";"MEA Advisory"
"MECWA";"MECWA"
"MFS Limited";"MFS Limited"
"MYOB";"MYOB"
"Macleans";"Macleans"
"Macquarie Bank";"Macquarie Bank"
"Macquarie Infrastructure Group";"Macquarie Infrastructure Group"
"Macrovita";"Macrovita"
"Madeco SA";"Madeco SA"
"Madrigal Shipping Lines";"Madrigal Shipping Lines"
"Maersk";"Maersk"
"Magazine Luíza";"Magazine Luíza"
"Maggi";"Maggi"
"MagiKLEEN Premium Products";"MagiKLEEN Premium Products"
"Magna International";"Magna International"
"Magnit";"Magnit"
"Mahou";"Mahou"
"Mainland";"Mainland"
"Malaysia Airline";"Malaysia Airline"
"Malee";"Malee"
"Malta";"Malta"
"Malvern Star";"Malvern Star"
"Mambo Graphics";"Mambo Graphics"
"Mamonde";"Mamonde"
"Mandarina Duck";"Mandarina Duck"
"Mango";"Mango"
"Marcolini";"Marcolini"
"Marcopolo";"Marcopolo"
"Marfig";"Marfig"
"Marks & Spencer";"Marks & Spencer"
"Martell";"Martell"
"Martin Print";"Martin Print"
"Martini";"Martini"
"Maruti";"Maruti"
"Mary Holland Pty Limited";"Mary Holland Pty Limited"
"Maserati";"Maserati"
"Massimo Zanetti";"Massimo Zanetti"
"Master Kong";"Master Kong"
"Mastica";"Mastica"
"Matebo";"Matebo"
"MaxMara";"MaxMara"
"Maxim’s Catering";"Maxim’s Catering"
"Maxxis";"Maxxis"
"Maybach";"Maybach"
"Maybank";"Maybank"
"Mazda";"Mazda"
"McDonald’s";"McDonald’s"
"Meadow Fresh";"Meadow Fresh"
"Meadow Lea";"Meadow Lea"
"Media Markt & Saturn";"Media Markt & Saturn"
"Mediobanca";"Mediobanca"
"Mega Channel";"Mega Channel"
"Melbourne IT";"Melbourne IT"
"Mengniu";"Mengniu"
"Mercadona";"Mercadona"
"Mercedes-Benz";"Mercedes-Benz"
"Merida";"Merida"
"Metal Storm";"Metal Storm"
"Metaxa";"Metaxa"
"Metcash";"Metcash"
"Meteor";"Meteor"
"Metersbonwe";"Metersbonwe"
"Metro";"Metro"
"Metro Cash and Carry";"Metro Cash and Carry"
"Metrogames";"Metrogames"
"Metters";"Metters"
"Mevgal";"Mevgal"
"Michelin";"Michelin"
"Midea";"Midea"
"Miele";"Miele"
"Miko";"Miko"
"Milka";"Milka"
"Milkis";"Milkis"
"Millenium & Copthorne Hotels";"Millenium & Copthorne Hotels"
"Mills Rio de la Plata SA";"Mills Rio de la Plata SA"
"Milo";"Milo"
"Mine Site Technologies Pty Ltd";"Mine Site Technologies Pty Ltd"
"Minimarket";"Minimarket"
"Minties";"Minties"
"Mirvac Group";"Mirvac Group"
"Mitre 10";"Mitre 10"
"Mitsubishi";"Mitsubishi"
"Miu Miu";"Miu Miu"
"Mobilkom Austria";"Mobilkom Austria"
"Mobistar";"Mobistar"
"Moldcell";"Moldcell"
"Mondi";"Mondi"
"Monoprix";"Monoprix"
"Monsterpro MotorBikes";"Monsterpro MotorBikes"
"Montblanc";"Montblanc"
"Monte Carlo (biscuit)";"Monte Carlo (biscuit)"
"More";"More"
"Moretti";"Moretti"
"Mortein";"Mortein"
"Moschino";"Moschino"
"Mother Dairy";"Mother Dairy"
"Motta";"Motta"
"Motul";"Motul"
"Moulinex";"Moulinex"
"Moutai";"Moutai"
"Movicom";"Movicom"
"Movistar";"Movistar"
"Moët et Chandon";"Moët et Chandon"
"Mr. Juicy";"Mr. Juicy"
"Mr. Tayto";"Mr. Tayto"
"Mrs Mac's Pies";"Mrs Mac's Pies"
"Mulino Bianco";"Mulino Bianco"
"Multiplex";"Multiplex"
"Munich Re";"Munich Re"
"Murrays";"Murrays"
"Myer";"Myer"
"Myojo";"Myojo"
"Mytilineos";"Mytilineos"
"Máquina de Vendas";"Máquina de Vendas"
"NCR Systems";"NCR Systems"
"NRMA";"NRMA"
"NTUC Fairprice";"NTUC Fairprice"
"NXP Semiconductors";"NXP Semiconductors"
"NZ Post";"NZ Post"
"Nanyang Commercial Bank";"Nanyang Commercial Bank"
"Naraya";"Naraya"
"Nash Timbers";"Nash Timbers"
"Nastro Azzuro";"Nastro Azzuro"
"National Australia Bank";"National Australia Bank"
"National Bank of Belgium";"National Bank of Belgium"
"National Bank of NZ";"National Bank of NZ"
"National Grid";"National Grid"
"Natura";"Natura"
"Ncell";"Ncell"
"Neoplan";"Neoplan"
"Nero";"Nero"
"Nescafé";"Nescafé"
"Nestle";"Nestle"
"Nestle Pure Life";"Nestle Pure Life"
"Net";"Net"
"Netcom";"Netcom"
"Netstarter";"Netstarter"
"Netto";"Netto"
"Neuhaus";"Neuhaus"
"New World";"New World"
"Newcastle Port Corporation";"Newcastle Port Corporation"
"Newcrest Mining";"Newcrest Mining"
"News Corporation";"News Corporation"
"Nexen";"Nexen"
"Niederegger";"Niederegger"
"Nikon";"Nikon"
"Nina Ricci";"Nina Ricci"
"Nintendo";"Nintendo"
"Nippon Paint";"Nippon Paint"
"Nissan";"Nissan"
"Nivea";"Nivea"
"Nixon Watches";"Nixon Watches"
"Nobby's";"Nobby's"
"Noggin IT";"Noggin IT"
"Nokia";"Nokia"
"Nomis";"Nomis"
"Nomura";"Nomura"
"Nordea";"Nordea"
"Nordica";"Nordica"
"Norma";"Norma"
"Norte Supermercados";"Norte Supermercados"
"Norton";"Norton"
"Nova Schin";"Nova Schin"
"Novartis";"Novartis"
"Novogen";"Novogen"
"Nudie Jeans";"Nudie Jeans"
"Nufarm";"Nufarm"
"Nurofen";"Nurofen"
"Nutella";"Nutella"
"Nutreco";"Nutreco"
"Nykredit";"Nykredit"
"O boticário";"O boticário"
"OMO";"OMO"
"OMV";"OMV"
"Ocean";"Ocean"
"Ocean & Earth";"Ocean & Earth"
"Ocean Park";"Ocean Park"
"OceanAir";"OceanAir"
"Odd Molly";"Odd Molly"
"Oettinger";"Oettinger"
"Officeworks";"Officeworks"
"Oi";"Oi"
"Olay";"Olay"
"Olympus";"Olympus"
"Omega";"Omega"
"Omnitel";"Omnitel"
"OneSteel";"OneSteel"
"Onida";"Onida"
"Opal";"Opal"
"Opel";"Opel"
"Oporto";"Oporto"
"Optus";"Optus"
"Orange";"Orange"
"Orbital Corporation Limited";"Orbital Corporation Limited"
"Orica";"Orica"
"Origin Energy";"Origin Energy"
"Orion";"Orion"
"Orocobre";"Orocobre"
"Orval";"Orval"
"Osim";"Osim"
"Osram";"Osram"
"Ottogi";"Ottogi"
"Outblaze";"Outblaze"
"Ozinode Technologies Pte Ltd";"Ozinode Technologies Pte Ltd"
"PAK ‘n SAVE";"PAK ‘n SAVE"
"PARKnSHOP";"PARKnSHOP"
"PCCW";"PCCW"
"PIPE Networks";"PIPE Networks"
"POSCO";"POSCO"
"PTT";"PTT"
"PUMA";"PUMA"
"Pacific Coffee Company";"Pacific Coffee Company"
"Pacific Star Network Limited";"Pacific Star Network Limited"
"Pacsafe";"Pacsafe"
"Paddle Pop";"Paddle Pop"
"Padini";"Padini"
"Pams";"Pams"
"Panadol";"Panadol"
"Panalpina";"Panalpina"
"Panasonic";"Panasonic"
"Pantanal Linhas Aéreas";"Pantanal Linhas Aéreas"
"Paper Plus Group";"Paper Plus Group"
"Park Avenue";"Park Avenue"
"Parkson";"Parkson"
"Parle";"Parle"
"Parmalat";"Parmalat"
"Pascall";"Pascall"
"Patek Philippe";"Patek Philippe"
"Patrick Corporation";"Patrick Corporation"
"Patties Bakery";"Patties Bakery"
"Paulaner";"Paulaner"
"Pauls";"Pauls"
"Pavesi";"Pavesi"
"Payless Entertainment";"Payless Entertainment"
"Pearson";"Pearson"
"Pedigree";"Pedigree"
"Pelargos";"Pelargos"
"People Telecom";"People Telecom"
"Pere Dodu";"Pere Dodu"
"Perfect 1864";"Perfect 1864"
"Perkins Paste";"Perkins Paste"
"Pernod";"Pernod"
"Perodua";"Perodua"
"Peroni";"Peroni"
"Perrier";"Perrier"
"Persil";"Persil"
"Peter Lehmann Wines";"Peter Lehmann Wines"
"Peters Ice Cream";"Peters Ice Cream"
"PetroChina";"PetroChina"
"Petrobras";"Petrobras"
"Petronas";"Petronas"
"Peugeot";"Peugeot"
"Phillips";"Phillips"
"Piaget";"Piaget"
"PicNet Pty Ltd";"PicNet Pty Ltd"
"Pine O Cleen";"Pine O Cleen"
"Pineapple Lumps";"Pineapple Lumps"
"Ping An";"Ping An"
"Piping Hot (surfwear)";"Piping Hot (surfwear)"
"Piratförlaget";"Piratförlaget"
"Pirelli";"Pirelli"
"Pirulin";"Pirulin"
"Pitsos";"Pitsos"
"Placemarkers";"Placemarkers"
"Plus (cereal)";"Plus (cereal)"
"Polar";"Polar"
"Pompui";"Pompui"
"Pond’s";"Pond’s"
"Ponto Frio";"Ponto Frio"
"Porr";"Porr"
"Porsche";"Porsche"
"Power Computers";"Power Computers"
"Prada";"Prada"
"Praktiker";"Praktiker"
"Premier";"Premier"
"President";"President"
"PricewaterhouseCoopers";"PricewaterhouseCoopers"
"Primelife";"Primelife"
"Pro-Perspective";"Pro-Perspective"
"Promina Group Limited";"Promina Group Limited"
"Propellerhead Software";"Propellerhead Software"
"Proton Bank";"Proton Bank"
"Proximus";"Proximus"
"Prudential";"Prudential"
"Public Bank";"Public Bank"
"Pupa";"Pupa"
"Purina";"Purina"
"PwC";"PwC"
"Pão de Açúcar";"Pão de Açúcar"
"QMI Solutions Limited";"QMI Solutions Limited"
"QR";"QR"
"Qantas";"Qantas"
"Qorison";"Qorison"
"Quake";"Quake"
"Quality Bakers";"Quality Bakers"
"Quality Clotheslines";"Quality Clotheslines"
"Quantic Dream";"Quantic Dream"
"Qubix Pty Ltd";"Qubix Pty Ltd"
"Queiroz Galvã";"Queiroz Galvã"
"Quiksilver";"Quiksilver"
"Qvale";"Qvale"
"R. M. Williams";"R. M. Williams"
"RBS";"RBS"
"RE/MAX";"RE/MAX"
"RHB Bank";"RHB Bank"
"RTL";"RTL"
"RVCA";"RVCA"
"RWE";"RWE"
"Rabobank";"Rabobank"
"Radeberger";"Radeberger"
"Raiffesien Bank";"Raiffesien Bank"
"Rail Control Systems Australia";"Rail Control Systems Australia"
"Rail Infrastructure Corporation";"Rail Infrastructure Corporation"
"Ramsay Health Care";"Ramsay Health Care"
"Randstad";"Randstad"
"Raoul";"Raoul"
"Raymonds";"Raymonds"
"Real";"Real"
"Recaro";"Recaro"
"Red Bull";"Red Bull"
"Red Rooster";"Red Rooster"
"Rede Record";"Rede Record"
"RedeTV!";"RedeTV!"
"Redecard";"Redecard"
"Redheads";"Redheads"
"Remy Martin";"Remy Martin"
"Renault";"Renault"
"Renner";"Renner"
"Renren";"Renren"
"Repsol";"Repsol"
"ResMed";"ResMed"
"Resene";"Resene"
"Retriever Communications";"Retriever Communications"
"Rewe";"Rewe"
"Reynolds Stockbrokers";"Reynolds Stockbrokers"
"Ricard";"Ricard"
"Rico Linhas Aéreas";"Rico Linhas Aéreas"
"Ricoh";"Ricoh"
"Riesen";"Riesen"
"Rin";"Rin"
"Ringkøbing Landbobank";"Ringkøbing Landbobank"
"Rinker Group";"Rinker Group"
"Rio Tinto";"Rio Tinto"
"Rio Tinto Group";"Rio Tinto Group"
"Rip Curl";"Rip Curl"
"Rivers Australia";"Rivers Australia"
"Roberto Cavalli";"Roberto Cavalli"
"Rochefort";"Rochefort"
"Rodenbach";"Rodenbach"
"Rolex";"Rolex"
"Rolls-Royce";"Rolls-Royce"
"Roma";"Roma"
"Rosneft";"Rosneft"
"Rossi Residencial";"Rossi Residencial"
"Rover (lawnmower)";"Rover (lawnmower)"
"Rowenta";"Rowenta"
"Roy Morgan Research";"Roy Morgan Research"
"Royal BAM Group";"Royal BAM Group"
"Royal Bank of Scotland";"Royal Bank of Scotland"
"Rummo";"Rummo"
"Ryanair";"Ryanair"
"Ryman Healthcare";"Ryman Healthcare"
"S. Pellegrino";"S. Pellegrino"
"S.T. Dupont";"S.T. Dupont"
"SAO";"SAO"
"SAP";"SAP"
"SAS";"SAS"
"SBT";"SBT"
"SEAT";"SEAT"
"SEB";"SEB"
"SES";"SES"
"SF BIO";"SF BIO"
"SFR";"SFR"
"SK Telecom";"SK Telecom"
"SKC";"SKC"
"SKF";"SKF"
"SME Secrets";"SME Secrets"
"SNS REAAL";"SNS REAAL"
"SPC Ardmona";"SPC Ardmona"
"SPD Bank";"SPD Bank"
"SQM";"SQM"
"Sabesp";"Sabesp"
"Safeport Security";"Safeport Security"
"Safety Australia";"Safety Australia"
"Sainsbury’s";"Sainsbury’s"
"Saint-Gobain S.A.";"Saint-Gobain S.A."
"Saltå Kvarn";"Saltå Kvarn"
"Salvatore Ferragamo";"Salvatore Ferragamo"
"Samboy";"Samboy"
"Samby";"Samby"
"Samsung";"Samsung"
"San Benedetto";"San Benedetto"
"Sandvik";"Sandvik"
"Sanford";"Sanford"
"Sanitarium";"Sanitarium"
"Santa Cerva";"Santa Cerva"
"Santa Fe Provincial Water";"Santa Fe Provincial Water"
"Santa Isabel";"Santa Isabel"
"Santal";"Santal"
"Santander";"Santander"
"Santos";"Santos"
"Saracakis";"Saracakis"
"Sarotti";"Sarotti"
"Sass & bide";"Sass & bide"
"Sausage Software";"Sausage Software"
"Schincoariol";"Schincoariol"
"Schindler";"Schindler"
"Schwarzkopf";"Schwarzkopf"
"Schweppes";"Schweppes"
"Scottish and Southern Energy";"Scottish and Southern Energy"
"Seamless CMS";"Seamless CMS"
"Sector 9";"Sector 9"
"Sectra";"Sectra"
"Seek Limited";"Seek Limited"
"Selters";"Selters"
"Seoul Milk";"Seoul Milk"
"Sephora";"Sephora"
"Septwolves";"Septwolves"
"Seratec Pty Ltd";"Seratec Pty Ltd"
"Sfakianakis";"Sfakianakis"
"Shanghai Tang";"Shanghai Tang"
"Shangri-La";"Shangri-La"
"Sharp";"Sharp"
"Sherrin";"Sherrin"
"Shimano";"Shimano"
"Shinhan Bank";"Shinhan Bank"
"Shinsegae";"Shinsegae"
"Shiseido";"Shiseido"
"Shivam Technologies";"Shivam Technologies"
"Shuanghui";"Shuanghui"
"Sidchrome";"Sidchrome"
"Siemens";"Siemens"
"Sigma Company";"Sigma Company"
"Silver Fern Farms";"Silver Fern Farms"
"Silverton Rail";"Silverton Rail"
"Sime Darby";"Sime Darby"
"Simply Market";"Simply Market"
"Simpson";"Simpson"
"Sin Chew";"Sin Chew"
"Sina";"Sina"
"SingTel";"SingTel"
"Singapore Airlines";"Singapore Airlines"
"Singha";"Singha"
"Sino Gold";"Sino Gold"
"Sinopec";"Sinopec"
"Skin Food";"Skin Food"
"Skol";"Skol"
"Skycity Entertainment Group";"Skycity Entertainment Group"
"Slater & Gordon";"Slater & Gordon"
"Sligro";"Sligro"
"SlimFast";"SlimFast"
"SmartNS";"SmartNS"
"Smirnoff";"Smirnoff"
"Smorgon Steel";"Smorgon Steel"
"Snack Brands Australia";"Snack Brands Australia"
"Snappy Tom";"Snappy Tom"
"Snow";"Snow"
"Snowy Hydro Limited";"Snowy Hydro Limited"
"Socedad Química y Minera de Chile";"Socedad Química y Minera de Chile"
"Société Générale";"Société Générale"
"Sodexo";"Sodexo"
"Sohu";"Sohu"
"Sokenbicha";"Sokenbicha"
"Sole";"Sole"
"Sonera";"Sonera"
"Sony";"Sony"
"Soprole";"Soprole"
"Southern Cross";"Southern Cross"
"Spa Espirit Group";"Spa Espirit Group"
"Spaceframe Construction & Engineering";"Spaceframe Construction & Engineering"
"Spar Group";"Spar Group"
"Spar Nord";"Spar Nord"
"Sparco";"Sparco"
"Speedo International Limited";"Speedo International Limited"
"Speedwell bicycles";"Speedwell bicycles"
"Spencer";"Spencer"
"Splice";"Splice"
"Spoler";"Spoler"
"Spotify";"Spotify"
"Springland International";"Springland International"
"St John";"St John"
"St. George Bank";"St. George Bank"
"Staminade";"Staminade"
"Standard Chartered";"Standard Chartered"
"Stanwell Corporation";"Stanwell Corporation"
"Star Channel";"Star Channel"
"StarHub";"StarHub"
"State Bank of India (SBI) Bank";"State Bank of India (SBI) Bank"
"Statesman";"Statesman"
"Steeden";"Steeden"
"Stella Artois";"Stella Artois"
"Sticky Johnson";"Sticky Johnson"
"Stihl";"Stihl"
"Stop & shop";"Stop & shop"
"Stora Enso";"Stora Enso"
"Strabag";"Strabag"
"Straits Times";"Straits Times"
"Strategic Marine";"Strategic Marine"
"Streets";"Streets"
"SuJon Berries";"SuJon Berries"
"Subaru";"Subaru"
"Subway";"Subway"
"Sudzucker";"Sudzucker"
"Suez Environnment";"Suez Environnment"
"Sunbeam Australia";"Sunbeam Australia"
"Suncorp-Metway";"Suncorp-Metway"
"Suning";"Suning"
"Sunlight";"Sunlight"
"Sunsilk";"Sunsilk"
"Sunway City";"Sunway City"
"Suzano Papel e Celulose";"Suzano Papel e Celulose"
"Suzuki";"Suzuki"
"Svenska Handelsbanken";"Svenska Handelsbanken"
"Swan Brewery";"Swan Brewery"
"Swanndri";"Swanndri"
"Swarovski";"Swarovski"
"Swatch";"Swatch"
"Swedbank";"Swedbank"
"Swiss Reinsurance Company Ltd";"Swiss Reinsurance Company Ltd"
"Sydbank";"Sydbank"
"Sydney Ferries Corporation";"Sydney Ferries Corporation"
"Sydney Water";"Sydney Water"
"Syngenta";"Syngenta"
"Synnex";"Synnex"
"T-Mobile";"T-Mobile"
"T-Systems";"T-Systems"
"TAA-Australian Airlines";"TAA-Australian Airlines"
"TAM Airlines";"TAM Airlines"
"TCell";"TCell"
"TDC";"TDC"
"TIM";"TIM"
"TJ Maxx";"TJ Maxx"
"TKH Group";"TKH Group"
"TNT Express";"TNT Express"
"TOM Group";"TOM Group"
"TUI Group";"TUI Group"
"TV Cultura";"TV Cultura"
"TV3";"TV3"
"TV5 Monde";"TV5 Monde"
"TVN";"TVN"
"TVS";"TVS"
"TWG Tea Company";"TWG Tea Company"
"Tabcorp Holdings";"Tabcorp Holdings"
"Taj";"Taj"
"Taj Mahal Tea";"Taj Mahal Tea"
"Tally-Ho";"Tally-Ho"
"Tangy Fruits";"Tangy Fruits"
"Tanishq";"Tanishq"
"Tarax";"Tarax"
"Tarocash";"Tarocash"
"Tata";"Tata"
"Tatyo";"Tatyo"
"Taurus";"Taurus"
"Tchibo";"Tchibo"
"Team and Concepts Limited";"Team and Concepts Limited"
"Tectoy";"Tectoy"
"Tefal";"Tefal"
"Tegel Foods";"Tegel Foods"
"Telcel";"Telcel"
"Tele3";"Tele3"
"Telecom Argentina STET";"Telecom Argentina STET"
"Telecom Italia Mobile";"Telecom Italia Mobile"
"Telefonica";"Telefonica"
"Telefonica de Argentina";"Telefonica de Argentina"
"Telegraaf Media Groep";"Telegraaf Media Groep"
"Telekom Austria";"Telekom Austria"
"Telenet";"Telenet"
"Telenor";"Telenor"
"Telequartz";"Telequartz"
"Telesp";"Telesp"
"Telia";"Telia"
"Telstra";"Telstra"
"Temax";"Temax"
"Tenaris";"Tenaris"
"Tencent";"Tencent"
"Tenix Defence";"Tenix Defence"
"Terinum";"Terinum"
"Terrazas Reserva";"Terrazas Reserva"
"Tesco";"Tesco"
"Thai Express";"Thai Express"
"Thales";"Thales"
"The HR Department";"The HR Department"
"The Oriental Bangkok";"The Oriental Bangkok"
"The Peninsula";"The Peninsula"
"The Professional Couriers";"The Professional Couriers"
"The Star";"The Star"
"The Warehouse";"The Warehouse"
"Thins";"Thins"
"Three Threes";"Three Threes"
"Thums Up";"Thums Up"
"ThyssenKrupp";"ThyssenKrupp"
"Tia Supermercados";"Tia Supermercados"
"Tic Tac";"Tic Tac"
"Tim Tam";"Tim Tam"
"Tiny Teddy";"Tiny Teddy"
"Tip Top Bakeries";"Tip Top Bakeries"
"Tipco";"Tipco"
"Tiscali";"Tiscali"
"Tissot";"Tissot"
"Titan";"Titan"
"To Vima";"To Vima"
"Toblerone";"Toblerone"
"Toll Holdings";"Toll Holdings"
"Tom Tailor";"Tom Tailor"
"TomTom";"TomTom"
"Tong Ren Tang";"Tong Ren Tang"
"Tooheys Brewery";"Tooheys Brewery"
"Tooheys Extra Dry";"Tooheys Extra Dry"
"Tooheys New";"Tooheys New"
"Tooheys Old";"Tooheys Old"
"Tooheys Pils";"Tooheys Pils"
"Toshiba";"Toshiba"
"Total";"Total"
"Total Linhas Aéreas";"Total Linhas Aéreas"
"Total Peripherals Group";"Total Peripherals Group"
"Toy Kingdom";"Toy Kingdom"
"Toyota";"Toyota"
"Track7";"Track7"
"TransPerth";"TransPerth"
"Transcend";"Transcend"
"Transportadora de Gas del sur";"Transportadora de Gas del sur"
"Transurban";"Transurban"
"Trapiche Roble";"Trapiche Roble"
"Trend Micro";"Trend Micro"
"Troller";"Troller"
"Tsingtao";"Tsingtao"
"Tung Lok Group";"Tung Lok Group"
"Turners & Growers";"Turners & Growers"
"Tux";"Tux"
"Twingly";"Twingly"
"Two Seasons";"Two Seasons"
"Tyco";"Tyco"
"UBS";"UBS"
"UDL";"UDL"
"UGL Limited";"UGL Limited"
"UPM-Kymmene";"UPM-Kymmene"
"USG People";"USG People"
"Ucell";"Ucell"
"Ugg Boots";"Ugg Boots"
"Ulsse Nardin";"Ulsse Nardin"
"Ultrapar";"Ultrapar"
"Ultrasone";"Ultrasone"
"Uncle Toby’s";"Uncle Toby’s"
"Uni-President";"Uni-President"
"UniCredit Group";"UniCredit Group"
"Unicharm";"Unicharm"
"Universal Music Group";"Universal Music Group"
"Universo Online";"Universo Online"
"Uplifting Solutions";"Uplifting Solutions"
"Usiminas";"Usiminas"
"VTR";"VTR"
"VTech";"VTech"
"Vacheron Constantin";"Vacheron Constantin"
"Vale";"Vale"
"Valentino";"Valentino"
"Van Lanschot Baniers";"Van Lanschot Baniers"
"Varig";"Varig"
"Varta";"Varta"
"Vaseline";"Vaseline"
"Vegemite";"Vegemite"
"Veolia Environment";"Veolia Environment"
"Verboden";"Verboden"
"Verbund";"Verbund"
"Versace";"Versace"
"Vestas";"Vestas"
"Veuve Clicquot";"Veuve Clicquot"
"Vichy";"Vichy"
"Victa lawn mower";"Victa lawn mower"
"Victoria Bitter";"Victoria Bitter"
"Videocon";"Videocon"
"Viki";"Viki"
"Village Cinemas";"Village Cinemas"
"Village Roadshow";"Village Roadshow"
"Vina Concha y Toro C.A.";"Vina Concha y Toro C.A."
"Vintage 1";"Vintage 1"
"Viohalco";"Viohalco"
"Virgin Atlantic";"Virgin Atlantic"
"Virgin Australia";"Virgin Australia"
"Visual Obsession";"Visual Obsession"
"Vita Green Health";"Vita Green Health"
"Vitasoy";"Vitasoy"
"Vivartia";"Vivartia"
"Vivo";"Vivo"
"Vodafone";"Vodafone"
"Voestalpine";"Voestalpine"
"Volkswagen";"Volkswagen"
"Voltaren";"Voltaren"
"Volvic";"Volvic"
"Volvo";"Volvo"
"Vopak";"Vopak"
"Votorantim";"Votorantim"
"WC SA";"WC SA"
"WEG Industries";"WEG Industries"
"Waitrose";"Waitrose"
"Walkabout";"Walkabout"
"Want-Want";"Want-Want"
"Warsteiner";"Warsteiner"
"Water Mission";"Water Mission"
"Watsons Water";"Watsons Water"
"Watti’s";"Watti’s"
"Wattyl";"Wattyl"
"Wavin";"Wavin"
"WebJect Linhas Aéread";"WebJect Linhas Aéread"
"Wesfarmers";"Wesfarmers"
"Westfield Group";"Westfield Group"
"Westmalle";"Westmalle"
"Westnet";"Westnet"
"Westpac New Zealand";"Westpac New Zealand"
"Westvleteren";"Westvleteren"
"Whiska’s";"Whiska’s"
"Whittaker’s";"Whittaker’s"
"Whyred";"Whyred"
"Wienerberger";"Wienerberger"
"Winfield";"Winfield"
"Wing Hang Bank";"Wing Hang Bank"
"Wing Lung Bank";"Wing Lung Bank"
"Wing Wah";"Wing Wah"
"Winning Appliances";"Winning Appliances"
"WisePower";"WisePower"
"Wizz Fizz";"Wizz Fizz"
"Wolters Kluwer";"Wolters Kluwer"
"Woodland";"Woodland"
"Woods Bagot";"Woods Bagot"
"Woodside Petroleum";"Woodside Petroleum"
"Woolworths";"Woolworths"
"Wooribank";"Wooribank"
"WorleyParsons";"WorleyParsons"
"Wu Liang Ye";"Wu Liang Ye"
"Wuliangye";"Wuliangye"
"X3M";"X3M"
"X5 (BMW)";"X5 (BMW)"
"X6 (BMW)";"X6 (BMW)"
"XC90 (Volvo)";"XC90 (Volvo)"
"XF (Jaguar)";"XF (Jaguar)"
"XFX";"XFX"
"XO Interior Systems";"XO Interior Systems"
"XXXX";"XXXX"
"Xigmatek";"Xigmatek"
"Xilence";"Xilence"
"Xingu";"Xingu"
"YPFB SA";"YPFB SA"
"YTL";"YTL"
"YTN";"YTN"
"Yahoo!";"Yahoo!"
"Yamaha";"Yamaha"
"Yanjing Beer";"Yanjing Beer"
"Yellow Tail";"Yellow Tail"
"Yili";"Yili"
"Yoigo";"Yoigo"
"Yoplait";"Yoplait"
"YouTube";"YouTube"
"Yousee";"Yousee"
"Ypsilon S.A.";"Ypsilon S.A."
"Yum Yum!";"Yum Yum!"
"Yunnan Baiyao";"Yunnan Baiyao"
"Yves Rocher";"Yves Rocher"
"Yves Saint Laurent";"Yves Saint Laurent"
"ZEV Markant";"ZEV Markant"
"ZIC";"ZIC"
"Zaffari";"Zaffari"
"Zagori";"Zagori"
"Zanussi";"Zanussi"
"Zara";"Zara"
"Zenon S.A.";"Zenon S.A."
"Zespri";"Zespri"
"Zeta";"Zeta"
"Zinifex Limited";"Zinifex Limited"
"Zip Industries";"Zip Industries"
"Zurich Cantonal Bank";"Zurich Cantonal Bank"
"ZyXE";"ZyXE"
"city’super";"city’super"
"deGrisogono";"deGrisogono"
"iLANs Integrated LAN Services";"iLANs Integrated LAN Services"
"iPad (Apple)";"iPad (Apple)"
"iPhone (Apple)";"iPhone (Apple)"
"iPod (Apple)";"iPod (Apple)"
"iTunes";"iTunes"
"iiNet";"iiNet"
"Écomarché";"Écomarché"
"ÖBB";"ÖBB"
